id,name,location,city_slug,address,phone,website,rating,pincode,image_url,property_type,active,google_cid,google_review_count,google_summary,gmb_link,hotelzz_link
flores-casa---in-pursuit-of-a-memorable-stay-325625,Flores Casa - in pursuit of a memorable stay,Panaji,panaji,"FRWH+X26 Neelkamal Arcade, Dr Atmaram Borkar Rd, Altinho, Panaji, Goa 403001",,,4.7,403001,,,yes,1581966741306325625,254,"Recurring praise for clean linens, hot water round-the-clock and central location. Good for short trips.",https://www.google.com/maps?cid=1581966741306325625,https://hotelzz.in/property.html?id=flores-casa---in-pursuit-of-a-memorable-stay-325625
jeos-river-view-apartment-ribandar-goa---airbnb-644614,"Jeo's River View Apartment, Ribandar, Goa - Airbnb",Panaji,panaji,"7th Floor, Agua (C wing), Karekar Residency Bairo Alto, Fondvem, Ribandar, Panaji, Goa 403006",,,4.8,403006,,,yes,17344150701975644614,320,"Frequently mentioned: spotless rooms, attentive staff and excellent breakfast. Solid pick for couples and families.",https://www.google.com/maps?cid=17344150701975644614,https://hotelzz.in/property.html?id=jeos-river-view-apartment-ribandar-goa---airbnb-644614
localvibe-villas-serviced-apartment-bookings-996115,LocalVibe Villas & Serviced apartment Bookings,Panaji,panaji,"201, 301, Shanta Building, 2 nd floor, 18th June Rd, opposite Broadway Book Center, St. Inez, Santa Inez, Panaji, Goa 403001",098607 63952,http://www.localvibe.in/,4.4,403001,,,yes,18202322051435996115,159,"Travellers appreciate the cosy ambience, local recommendations from hosts and fast WiFi.",https://www.google.com/maps?cid=18202322051435996115,https://hotelzz.in/property.html?id=localvibe-villas-serviced-apartment-bookings-996115
sunset-abode---unit-of-lawande-holiday-homes-244993,Sunset Abode - Unit of Lawande Holiday Homes,Panaji,panaji,"Models Marine castle, Dona Paula, Miramar New Road, near Audi Showroom, Caranzalem, Panaji, Goa 403002",,,4.8,403002,,,yes,12970514901378244993,517,"Guests highlight clean rooms, friendly hosts and great location. A consistent favourite for repeat visitors.",https://www.google.com/maps?cid=12970514901378244993,https://hotelzz.in/property.html?id=sunset-abode---unit-of-lawande-holiday-homes-244993
omi-home-stay--family-friendly-service-apartmentsharing-apar-490518,Omi home stay -FAMILY FRIENDLY SERVICE APARTMENT/SHARING APARTMENT FULLY FURNISHED /Staycations/interns/for short term/,Panaji,panaji,"Rd Number 1, near dempo colledge, Albamar Colony, Miramar, Panaji, Goa 403001",070280 42975,https://www.omistayhome.com/,4.5,403001,,,yes,2177768223350490518,291,"Travellers praise the warm hospitality, comfortable beds and value for money. Strong location scores.",https://www.google.com/maps?cid=2177768223350490518,https://hotelzz.in/property.html?id=omi-home-stay--family-friendly-service-apartmentsharing-apar-490518
villa-cleto-guest-house-264615,Villa Cleto Guest House,Panaji,panaji,"Villa Cleto Guest House, Cleona Portais, opposite Farmacia, Mala, Panaji, Goa 403001",,,4.5,403001,,,yes,14827713213747264615,129,"Travellers praise the warm hospitality, comfortable beds and value for money. Strong location scores.",https://www.google.com/maps?cid=14827713213747264615,https://hotelzz.in/property.html?id=villa-cleto-guest-house-264615
praia-miramar-057784,Praia Miramar,Panaji,panaji,"Plot 40, behind Hotel Goa International, Tonca, Miramar, Panaji, Goa 403002",094225 93624,http://www.goapams.in/,4.5,403002,,,yes,5441522966635057784,278,"Recurring praise for clean linens, hot water round-the-clock and central location. Good for short trips.",https://www.google.com/maps?cid=5441522966635057784,https://hotelzz.in/property.html?id=praia-miramar-057784
dewdrop-homestay-454282,Dewdrop Homestay,Panaji,panaji,"Miramar, Panaji, Goa 403002",098200 61374,,4.5,403002,,,yes,17254867278400454282,289,"Guests highlight clean rooms, friendly hosts and great location. A consistent favourite for repeat visitors.",https://www.google.com/maps?cid=17254867278400454282,https://hotelzz.in/property.html?id=dewdrop-homestay-454282
curly-coelhos-cottage---holiday-villa-by-the-bay-252333,Curly Coelho's Cottage - holiday villa by the bay,Panaji,panaji,"House no. 22, 78-1B, Oddavel Vaddo, behind Police Post, Dona Paula, Panaji, Goa 403004",098231 34471,,4.6,403004,,,yes,8945462277078252333,323,"A reliable stay with helpful hosts, modern amenities and easy access to local attractions.",https://www.google.com/maps?cid=8945462277078252333,https://hotelzz.in/property.html?id=curly-coelhos-cottage---holiday-villa-by-the-bay-252333
allys-arty-abode-294560,Ally's Arty Abode,Panaji,panaji,"Flat 8, 2nd floor), Estrocio, Altinho hill, near Electricity department, St. Inez, Electricity Colony, Altinho, Panaji, Goa 403001",,,4.8,403001,,,yes,3267733202632294560,491,"Guests highlight clean rooms, friendly hosts and great location. A consistent favourite for repeat visitors.",https://www.google.com/maps?cid=3267733202632294560,https://hotelzz.in/property.html?id=allys-arty-abode-294560
arcoiris---goa-684571,Arcoiris - Goa,Panaji,panaji,"Flat No, Mandovi Valley View, B/509/FF-1, Shantadurga Nagar, Ram Nagar, Bardez, Alto- Betim Porvorim, Panaji, Nerul, Goa 403101",098224 43003,,5.0,403101,,,yes,9342594919630684571,196,"Travellers praise the warm hospitality, comfortable beds and value for money. Strong location scores.",https://www.google.com/maps?cid=9342594919630684571,https://hotelzz.in/property.html?id=arcoiris---goa-684571
staymaster-sea-la-vie-nerul-goa-252004,"Staymaster Sea La Vie, Nerul, Goa",Panaji,panaji,"Villa C1 and C2, Three Kings Resort, Nerul, Goa 403109",092269 34609,https://thestaymaster.com/,4.5,403109,,,yes,17129889357259252004,150,"Travellers appreciate the cosy ambience, local recommendations from hosts and fast WiFi.",https://www.google.com/maps?cid=17129889357259252004,https://hotelzz.in/property.html?id=staymaster-sea-la-vie-nerul-goa-252004
staymaster-229902,Staymaster,Panaji,panaji,"91 Springboard, Shanta Building, St. Inez, Santa Inez, Panaji, Goa 403001",082407 72024,https://thestaymaster.com/home,4.8,403001,,,yes,8246620647968229902,649,"Travellers appreciate the cosy ambience, local recommendations from hosts and fast WiFi.",https://www.google.com/maps?cid=8246620647968229902,https://hotelzz.in/property.html?id=staymaster-229902
dadu-bharne-heritage-home-812144,Dadu Bharne Heritage Home,Panaji,panaji,"Besides Wisdom Hospital, Dr Dada Vaidya Rd, Panaji, Goa 403001",,,5.0,403001,,,yes,7050119757860812144,652,"Travellers praise the warm hospitality, comfortable beds and value for money. Strong location scores.",https://www.google.com/maps?cid=7050119757860812144,https://hotelzz.in/property.html?id=dadu-bharne-heritage-home-812144
penthouse-by-goa-signature-stays-510403,Penthouse by Goa Signature Stays,Panaji,panaji,"Plot No. 150, Ashok Beleza, Alto- Betim Porvorim, Reis Magos, Porvorim, Goa 403101",,https://goasignaturestays.com/penthouse-goastays/,5.0,403101,,,no,16586244831577510403,239,"A reliable stay with helpful hosts, modern amenities and easy access to local attractions.",https://www.google.com/maps?cid=16586244831577510403,https://hotelzz.in/property.html?id=penthouse-by-goa-signature-stays-510403
vista-bellaire---2-bhk-service-apt-570275,Vista Bellaire - 2 BHK Service Apt,Panaji,panaji,"Dr E Borges Rd, Durgavado, Goa 403004",,https://metronomehospitality.com/,4.9,403004,,,yes,8955507343636570275,613,"Travellers praise the warm hospitality, comfortable beds and value for money. Strong location scores.",https://www.google.com/maps?cid=8955507343636570275,https://hotelzz.in/property.html?id=vista-bellaire---2-bhk-service-apt-570275
rr-hospitality-goa-586365,RR Hospitality. Goa,Panaji,panaji,"GV27+469, Ilhas, Ribandar, Goa 403006",,,4.8,403006,,,yes,2699985811769586365,711,"Travellers appreciate the cosy ambience, local recommendations from hosts and fast WiFi.",https://www.google.com/maps?cid=2699985811769586365,https://hotelzz.in/property.html?id=rr-hospitality-goa-586365
villa-khatun-guest-house-169150,Villa Khatun Guest House,Panaji,panaji,"Chemist, Mala Portias Near Bambolkar Building, opposite Cleona, Panaji, Goa 403001",095614 03653,https://sites.google.com/view/roomsandstaysgoa/guesthouses/villa-khatun,4.5,403001,,,yes,8707401343148169150,245,"Guests highlight clean rooms, friendly hosts and great location. A consistent favourite for repeat visitors.",https://www.google.com/maps?cid=8707401343148169150,https://hotelzz.in/property.html?id=villa-khatun-guest-house-169150
bis-lin-home-stay-373538,Bis-LIN Home Stay,Panaji,panaji,"Bis-Lin, 14 La campal hsg colony, Miramar, Panjim 1 st Left behind Magsons, Supermarket, 4th Villa on left, Panaji, Goa 403001",098223 83557,,4.5,403001,,,yes,12933373647463373538,122,"Travellers praise the warm hospitality, comfortable beds and value for money. Strong location scores.",https://www.google.com/maps?cid=12933373647463373538,https://hotelzz.in/property.html?id=bis-lin-home-stay-373538
northern-hillycrest--near-coco-beach-945367,Northern Hillycrest- Near Coco Beach,Panaji,panaji,"Northern Hillycrest House, M/s, Coco Beach Road, Fattawado, Nerul, Goa 403114",088303 38615,,4.5,403114,,,yes,5068256866137945367,265,"A reliable stay with helpful hosts, modern amenities and easy access to local attractions.",https://www.google.com/maps?cid=5068256866137945367,https://hotelzz.in/property.html?id=northern-hillycrest--near-coco-beach-945367
house-of-ma-784054,House Of Ma,Calangute,calangute,"House Of Ma, Calangute, Goa 403516",,,4.7,403516,,,yes,15186010000344784054,325,"Guests highlight clean rooms, friendly hosts and great location. A consistent favourite for repeat visitors.",https://www.google.com/maps?cid=15186010000344784054,https://hotelzz.in/property.html?id=house-of-ma-784054
dsouza-villas-only-on-airbnb-147241,Dsouza Villas only on Airbnb,Calangute,calangute,"Gauravaddo, Arpora, Calangute, Goa 403515",078388 70883,https://air.tl/2XU1adhP,5.0,403515,,,yes,69104100449147241,418,"Travellers appreciate the cosy ambience, local recommendations from hosts and fast WiFi.",https://www.google.com/maps?cid=69104100449147241,https://hotelzz.in/property.html?id=dsouza-villas-only-on-airbnb-147241
the-eternal-wave-by-krish-retreat-calangute-goa-437408,"The Eternal Wave by Krish Retreat, Calangute, Goa",Calangute,calangute,"HQ27+58R, 227, Porbo Vaddo, Khobra Waddo, Calangute, Goa 403516",088053 99652,http://www.eternalwave.in/,4.5,403516,,,yes,15293207580566437408,263,"Guests highlight clean rooms, friendly hosts and great location. A consistent favourite for repeat visitors.",https://www.google.com/maps?cid=15293207580566437408,https://hotelzz.in/property.html?id=the-eternal-wave-by-krish-retreat-calangute-goa-437408
casa-via---calangute-801195,Casa Via - Calangute,Calangute,calangute,"2nd Floor, Mariano Gracinda Residency, G-204, behind Neelam's The Glitz, Calangute, Goa 403516",,,4.0,403516,,,yes,17238335415716801195,161,"A reliable stay with helpful hosts, modern amenities and easy access to local attractions.",https://www.google.com/maps?cid=17238335415716801195,https://hotelzz.in/property.html?id=casa-via---calangute-801195
amor-luxe-suites-goa-calangute-358778,Amor Luxe Suites goa Calangute,Calangute,calangute,"Flat no 206,Greenambit the calissa, Dongorpur, Calangute, Goa 403516",098604 34019,,4.9,403516,,,yes,1894744932673358778,585,"Guests highlight clean rooms, friendly hosts and great location. A consistent favourite for repeat visitors.",https://www.google.com/maps?cid=1894744932673358778,https://hotelzz.in/property.html?id=amor-luxe-suites-goa-calangute-358778
casa-cubo-by-the-beach-939403,Casa Cubo By The Beach,Calangute,calangute,"H.no, 6/257A, Calangute - Baga road, Khobra Vaddo, Calangute, Goa 403516",077750 70917,,4.5,403516,,,yes,5059319502143939403,180,"Frequently mentioned: spotless rooms, attentive staff and excellent breakfast. Solid pick for couples and families.",https://www.google.com/maps?cid=5059319502143939403,https://hotelzz.in/property.html?id=casa-cubo-by-the-beach-939403
cozy-den-goa-through-airbnb-115842,"Cozy Den, Goa (through Airbnb)",Calangute,calangute,"Cozy Den, Kamat Holiday Homes, Gauravaddo, Phase 1, Calangute, Goa 403516",,,4.5,403516,,,yes,3445716256852115842,231,"Guests love the peaceful setting, well-maintained property and quick host responsiveness.",https://www.google.com/maps?cid=3445716256852115842,https://hotelzz.in/property.html?id=cozy-den-goa-through-airbnb-115842
casa-de-laura-631241,Casa de laura,Calangute,calangute,"Gauravaddo, Calangute, Goa 403516",096895 38671,http://www.casalaura.in/,4.5,403516,,,yes,2676542402266631241,214,"Travellers appreciate the cosy ambience, local recommendations from hosts and fast WiFi.",https://www.google.com/maps?cid=2676542402266631241,https://hotelzz.in/property.html?id=casa-de-laura-631241
tranquil-stays-service-apartment-900076,Tranquil Stays Service Apartment,Calangute,calangute,"Phase 1, Bldg no. 11, Kamat Holiday Homes, S1/2, Gauravaddo, Calangute, bardez, Goa 403516",092842 20324,https://www.instagram.com/tranquilstays_?igsh=d2dwbWVhN3N6ZG9v,4.9,403516,,,yes,6466142922674900076,317,"Frequently mentioned: spotless rooms, attentive staff and excellent breakfast. Solid pick for couples and families.",https://www.google.com/maps?cid=6466142922674900076,https://hotelzz.in/property.html?id=tranquil-stays-service-apartment-900076
d-beach-villa---calangute-goa-172913,D’ Beach Villa - Calangute Goa,Calangute,calangute,"Golden Beach Road, Maddo Waddo, Calangute, Goa 403516",099233 98887,,5.0,403516,,,yes,6835926866331172913,237,"Travellers praise the warm hospitality, comfortable beds and value for money. Strong location scores.",https://www.google.com/maps?cid=6835926866331172913,https://hotelzz.in/property.html?id=d-beach-villa---calangute-goa-172913
shalala-residency-045400,Shalala Residency,Calangute,calangute,"1/288 D, Gauravaddo (W), Nossa Senhora De Piedade Chapel, Lane, Calangute Candolim Sinquerim Rd, Calangute, Goa 403515",089837 31128,,4.8,403515,,,yes,8387018450381045400,640,"Guests love the peaceful setting, well-maintained property and quick host responsiveness.",https://www.google.com/maps?cid=8387018450381045400,https://hotelzz.in/property.html?id=shalala-residency-045400
affordable-stay-airbnb-744888,Affordable Stay Airbnb,Calangute,calangute,"HQ23+XMH, Calangute - Baga Rd, next to Fahrenheit Hotel, Khobra Waddo, Baga, Calangute, Goa 403516",,,5.0,403516,,,yes,11211205746774744888,449,"Frequently mentioned: spotless rooms, attentive staff and excellent breakfast. Solid pick for couples and families.",https://www.google.com/maps?cid=11211205746774744888,https://hotelzz.in/property.html?id=affordable-stay-airbnb-744888
sun-blazer-holiday-home-best-and-safest-guest-house-home-sta-414836,"Sun Blazer Holiday Home , best and safest guest house / Home stay in Calangute, North Goa",Calangute,calangute,"E/5 128-A, Near Calangute Beach, Umta Vaddo, Calangute, Goa 403516",093560 15751,,4.5,403516,,,yes,9826152602911414836,320,"Travellers praise the warm hospitality, comfortable beds and value for money. Strong location scores.",https://www.google.com/maps?cid=9826152602911414836,https://hotelzz.in/property.html?id=sun-blazer-holiday-home-best-and-safest-guest-house-home-sta-414836
mapleleaf-residency-homes-calangute-goa-655514,"Mapleleaf Residency Homes, Calangute-Goa",Calangute,calangute,"near St. Alex Church, Naika Vaddo, Calangute, Goa 403516",098907 08660,,4.5,403516,,,yes,5643346580928655514,315,"A reliable stay with helpful hosts, modern amenities and easy access to local attractions.",https://www.google.com/maps?cid=5643346580928655514,https://hotelzz.in/property.html?id=mapleleaf-residency-homes-calangute-goa-655514
demellow-guest-house-890863,Demellow Guest House,Calangute,calangute,"Escrivao Vaddo, St Judes Chapel Road,behind Diago Villa, Candolim, Goa 403515",098203 45133,,4.7,403515,,,yes,8666380554467890863,265,"Recurring praise for clean linens, hot water round-the-clock and central location. Good for short trips.",https://www.google.com/maps?cid=8666380554467890863,https://hotelzz.in/property.html?id=demellow-guest-house-890863
parth-homes-and-apartment-842688,PARTH HOMES AND APARTMENT,Calangute,calangute,"Flat No. R-101 Saldanha, Kieran Park, Complex, Naika waddo, near ST. Alex Church, Calangute, Goa 403516",077988 73366,,4.8,403516,,,yes,10088134216710842688,734,"Travellers praise the warm hospitality, comfortable beds and value for money. Strong location scores.",https://www.google.com/maps?cid=10088134216710842688,https://hotelzz.in/property.html?id=parth-homes-and-apartment-842688
villa-c7-airbnb-631029,Villa C7 (AirBnB),Calangute,calangute,"GQM6+QV2, Calangute, Goa 403516",,,5.0,403516,,,yes,2775751083657631029,277,"Travellers praise the warm hospitality, comfortable beds and value for money. Strong location scores.",https://www.google.com/maps?cid=2775751083657631029,https://hotelzz.in/property.html?id=villa-c7-airbnb-631029
302-casa-stay-389108,302 Casa stay,Calangute,calangute,"Saunta Vaddo, Baga, Calangute, Goa 403516",098716 97565,,4.1,403516,,,yes,12655945914251389108,78,"Guests highlight clean rooms, friendly hosts and great location. A consistent favourite for repeat visitors.",https://www.google.com/maps?cid=12655945914251389108,https://hotelzz.in/property.html?id=302-casa-stay-389108
villa-de-lourdes-airbnb-645834,Villa de Lourdes airbnb,Calangute,calangute,"H/No E6-223A, Khobro Vaddo, Calangute - Baga Rd, opp. Casa Goana Restaurant, Close to Our Lady of Piety, Bardez, Goa 403516",,,4.7,403516,,,yes,5286304098172645834,147,"A reliable stay with helpful hosts, modern amenities and easy access to local attractions.",https://www.google.com/maps?cid=5286304098172645834,https://hotelzz.in/property.html?id=villa-de-lourdes-airbnb-645834
remy-guest-house-714699,Remy Guest House,Calangute,calangute,"H No, 3/38, Tivai Vaddo, Calangute, Goa 403516",098506 37662,,4.5,403516,,,yes,13771642451791714699,203,"Highlights include the rooftop area, ample parking and friendly vibe. Repeat guests common.",https://www.google.com/maps?cid=13771642451791714699,https://hotelzz.in/property.html?id=remy-guest-house-714699
baga-chimes-goa-892822,Baga Chimes Goa,Baga,baga,"House number 452, Baga River Creek Side, st Ann's chapel, Baga, Calangute, Goa 403509",,,4.4,403509,,,yes,11500921410079892822,147,"Travellers appreciate the cosy ambience, local recommendations from hosts and fast WiFi.",https://www.google.com/maps?cid=11500921410079892822,https://hotelzz.in/property.html?id=baga-chimes-goa-892822
the-big-chill-villa-617235,The Big Chill Villa,Baga,baga,"House No 520, River View Landmark:, 9/V2, Calangute - Baga Rd, near La Sunila Suites, Arpora, Baga, Goa 403509",088066 25000,http://www.jaqkholidays.com/,4.5,403509,,,yes,8507892165241617235,345,"Recurring praise for clean linens, hot water round-the-clock and central location. Good for short trips.",https://www.google.com/maps?cid=8507892165241617235,https://hotelzz.in/property.html?id=the-big-chill-villa-617235
acronbnb-goa---seawinds-rental-065311,Acronbnb Goa - Seawinds Rental,Baga,baga,"Agar Vaddo, Khobra Waddo, Calangute, Goa 403516",092090 02960,https://acronbnbgoa.com/,4.2,403516,,,yes,15099938848463065311,141,"Highlights include the rooftop area, ample parking and friendly vibe. Repeat guests common.",https://www.google.com/maps?cid=15099938848463065311,https://hotelzz.in/property.html?id=acronbnb-goa---seawinds-rental-065311
baga-cottages---2-min-walk-to-baga-beach-017843,BAGA COTTAGES - 2 Min walk to Baga Beach,Baga,baga,"Calangute - Baga Rd, Baga, Calangute, Goa 403516",,,4.2,403516,,,yes,3110983492575017843,40,"Highlights include the rooftop area, ample parking and friendly vibe. Repeat guests common.",https://www.google.com/maps?cid=3110983492575017843,https://hotelzz.in/property.html?id=baga-cottages---2-min-walk-to-baga-beach-017843
baga-airbnb-869334,Baga Airbnb,Baga,baga,"HQ54+W2V, Baga, Calangute, Goa 403516",,,5.0,403516,,,yes,18093837614998869334,565,"Recurring praise for clean linens, hot water round-the-clock and central location. Good for short trips.",https://www.google.com/maps?cid=18093837614998869334,https://hotelzz.in/property.html?id=baga-airbnb-869334
serenity-abode-577389,Serenity Abode,Baga,baga,"Villa Vera Complex, Magdalena Court, Arpora, Goa 403516",,,4.9,403516,,,yes,8905887473705577389,338,"Guests love the peaceful setting, well-maintained property and quick host responsiveness.",https://www.google.com/maps?cid=8905887473705577389,https://hotelzz.in/property.html?id=serenity-abode-577389
ivy-retreat-726548,Ivy Retreat,Baga,baga,"Baga Calangute Rd, behind The Camelot Resort, Calangute, Goa 403516",081039 00900,http://www.hnhhomes.in/,4.5,403516,,,yes,8063789122632726548,111,"A reliable stay with helpful hosts, modern amenities and easy access to local attractions.",https://www.google.com/maps?cid=8063789122632726548,https://hotelzz.in/property.html?id=ivy-retreat-726548
eternal-stays-542871,ETERNAL STAYS,Baga,baga,"ACRON SEAWINDS, Khobra Waddo, Calangute, Goa 403516",077383 30928,,5.0,403516,,,yes,16791796257136542871,539,"Frequently mentioned: spotless rooms, attentive staff and excellent breakfast. Solid pick for couples and families.",https://www.google.com/maps?cid=16791796257136542871,https://hotelzz.in/property.html?id=eternal-stays-542871
jenvin-luxury-homes-217247,JenVin Luxury Homes,Baga,baga,"Acron Seawinds, Baga, Calangute, Goa 403516",073046 64694,https://jenvin.co.in/,4.9,403516,,,yes,4403814074216217247,203,"A reliable stay with helpful hosts, modern amenities and easy access to local attractions.",https://www.google.com/maps?cid=4403814074216217247,https://hotelzz.in/property.html?id=jenvin-luxury-homes-217247
pranaam---welcome-to-your-cosy-home-in-goa-942096,Pranaam - Welcome to Your Cosy Home in Goa.,Baga,baga,"Areia de Goa, Opp Riviera Palms 1. Near Arpora Wax Museum & Arpora Panchayat, Arpora, Bardez, North Goa : 403516, near wax museum, Arpora, Calangute, Goa 403516",098202 10861,,4.8,403516,,,yes,7744029947853942096,306,"Travellers praise the warm hospitality, comfortable beds and value for money. Strong location scores.",https://www.google.com/maps?cid=7744029947853942096,https://hotelzz.in/property.html?id=pranaam---welcome-to-your-cosy-home-in-goa-942096
the-amigos-goa-villa-810146,The Amigos Goa Villa,Baga,baga,"Arpora, Goa 403516",097173 93967,,4.8,403516,,,yes,9188170305671810146,756,"Guests love the peaceful setting, well-maintained property and quick host responsiveness.",https://www.google.com/maps?cid=9188170305671810146,https://hotelzz.in/property.html?id=the-amigos-goa-villa-810146
baga-deep-apartment-604178,Baga Deep Apartment,Baga,baga,"Marine resort, Baga Deep Apartment, near Baga, Saunta Vaddo, Baga, Calangute, Goa 403516",,,4.4,403516,,,yes,17069018102297604178,189,"Highlights include the rooftop area, ample parking and friendly vibe. Repeat guests common.",https://www.google.com/maps?cid=17069018102297604178,https://hotelzz.in/property.html?id=baga-deep-apartment-604178
absinthe-casa-057283,Absinthe Casa,Baga,baga,"3UG1, Acron Seawinds, Baga, Calangute, Goa 403516",,,4.9,403516,,,yes,10430266118715057283,202,"Recurring praise for clean linens, hot water round-the-clock and central location. Good for short trips.",https://www.google.com/maps?cid=10430266118715057283,https://hotelzz.in/property.html?id=absinthe-casa-057283
mystic-homestay-goa-near-double-tree-hilton-available-for-bu-974213,"Mystic Homestay Goa near Double Tree Hilton | Available for Budget stay near Baga, Calangute & Anjuna",Baga,baga,"House No. BS 2215 , 2nd Floor, Riviera Foothills Rd, apartments, Arpora, Goa 403516",098182 64792,https://renthomestay.com/listing/insta-worthy-1-bhk-apt-with-pool-wifi-near-baga/,4.9,403516,,,yes,9174421692658974213,281,"Highlights include the rooftop area, ample parking and friendly vibe. Repeat guests common.",https://www.google.com/maps?cid=9174421692658974213,https://hotelzz.in/property.html?id=mystic-homestay-goa-near-double-tree-hilton-available-for-bu-974213
the-baga-beach-holiday-459507,THE BAGA BEACH HOLIDAY,Baga,baga,"Calangute - Baga Rd, near LA Calypso, Saunta Vaddo, Calangute, Baga, Goa 403516",079838 58293,,4.5,403516,,,yes,14094756370874459507,139,"Guests love the peaceful setting, well-maintained property and quick host responsiveness.",https://www.google.com/maps?cid=14094756370874459507,https://hotelzz.in/property.html?id=the-baga-beach-holiday-459507
casaflip-goa-431894,CasaFlip Goa,Anjuna,anjuna,"Charvi Reemz, opp. Oxford Arcade, Starco Junction, Dmello Vaddo, Anjuna, Goa 403509",098904 76980,http://casaflip.in/,4.9,403509,,,yes,16104847571285431894,662,"Travellers praise the warm hospitality, comfortable beds and value for money. Strong location scores.",https://www.google.com/maps?cid=16104847571285431894,https://hotelzz.in/property.html?id=casaflip-goa-431894
xaviers-guest-house-096554,Xavier's Guest House,Anjuna,anjuna,"Monteiro Vaddo, Anjuna, Goa 403509",099231 33200,,4.5,403509,,,yes,14062572628918096554,217,"Travellers praise the warm hospitality, comfortable beds and value for money. Strong location scores.",https://www.google.com/maps?cid=14062572628918096554,https://hotelzz.in/property.html?id=xaviers-guest-house-096554
alpha-stays-goa-972218,Alpha Stays Goa,Anjuna,anjuna,"apt. 104, building 14, Charvi reemz society, opposite Oxford arcade, Anjuna, Goa 403509",099997 31313,,4.9,403509,,,yes,6325109227023972218,341,"Travellers appreciate the cosy ambience, local recommendations from hosts and fast WiFi.",https://www.google.com/maps?cid=6325109227023972218,https://hotelzz.in/property.html?id=alpha-stays-goa-972218
the-pause-project-919700,The Pause Project,Anjuna,anjuna,"House No. 66/B(P), Opposite Candlelight Restaurant, Wadi, Siolim, Goa, 403517",,http://instagram.com/thepauseprojectgoa,4.5,403517,,,yes,912778695317919700,280,"Frequently mentioned: spotless rooms, attentive staff and excellent breakfast. Solid pick for couples and families.",https://www.google.com/maps?cid=912778695317919700,https://hotelzz.in/property.html?id=the-pause-project-919700
luxury-homes-by-affcasa-295661,Luxury Homes by Affcasa,Anjuna,anjuna,"Tower 14, Flat no, 002/14, Starco Junction, Anjuna, Goa 403509",080065 68000,http://affcasaluxury.com/,4.9,403509,,,yes,12563419739113295661,545,"Recurring praise for clean linens, hot water round-the-clock and central location. Good for short trips.",https://www.google.com/maps?cid=12563419739113295661,https://hotelzz.in/property.html?id=luxury-homes-by-affcasa-295661
casa-fredna-908672,CASA FREDNA,Anjuna,anjuna,"Mazal Waddo, Anjuna, Goa 403509",096195 97664,,4.4,403509,,,yes,9596318719029908672,184,"Frequently mentioned: spotless rooms, attentive staff and excellent breakfast. Solid pick for couples and families.",https://www.google.com/maps?cid=9596318719029908672,https://hotelzz.in/property.html?id=casa-fredna-908672
genesis-leisure---goa-816034,Genesis Leisure - Goa,Anjuna,anjuna,"Emerald Isles (Apeksha Homes, P-5, Freitas Vaddo, opp. Tuff Security Training School, near Krishna Wadi, Verla Canca, Verla, Goa 403510",091464 36757,http://www.genesisgoa.com/,4.9,403510,,,yes,12657122434060816034,247,"Highlights include the rooftop area, ample parking and friendly vibe. Repeat guests common.",https://www.google.com/maps?cid=12657122434060816034,https://hotelzz.in/property.html?id=genesis-leisure---goa-816034
homeforawhile-goa-028977,HomeForAWhile Goa,Anjuna,anjuna,"House 639, Small Vagator, Anjuna, Bardez, Goa, 403509",,,4.9,403509,,,yes,10773054910716028977,549,"Travellers appreciate the cosy ambience, local recommendations from hosts and fast WiFi.",https://www.google.com/maps?cid=10773054910716028977,https://hotelzz.in/property.html?id=homeforawhile-goa-028977
anjuna-villas-506007,Anjuna villas,Anjuna,anjuna,"Keshia holiday kottages, Bouta Waddo, Anjuna, Goa 403510",,,4.5,403510,,,yes,12743701813268506007,328,"Guests highlight clean rooms, friendly hosts and great location. A consistent favourite for repeat visitors.",https://www.google.com/maps?cid=12743701813268506007,https://hotelzz.in/property.html?id=anjuna-villas-506007
amber-luxurious-homestays-near-anjuna-beach-077230,Amber Luxurious Homestays near Anjuna beach.,Anjuna,anjuna,"Charvi reemz, near starco junction, opposite oxford arcade, Dmello Vaddo, Anjuna, Goa 403509",098912 77244,https://abnb.me/SFRNr6nxLrb,5.0,403509,,,yes,16409050238231077230,748,"Travellers praise the warm hospitality, comfortable beds and value for money. Strong location scores.",https://www.google.com/maps?cid=16409050238231077230,https://hotelzz.in/property.html?id=amber-luxurious-homestays-near-anjuna-beach-077230
charvi-reemz-anjuna-536234,"Charvi Reemz, Anjuna",Anjuna,anjuna,"HPPR+FVF, Anjuna Mapusa Rd, Dmello Vaddo, Anjuna, Goa 403509",098210 76448,http://www.charvireemz.com/,4.4,403509,,,yes,1140187494920536234,73,"Recurring praise for clean linens, hot water round-the-clock and central location. Good for short trips.",https://www.google.com/maps?cid=1140187494920536234,https://hotelzz.in/property.html?id=charvi-reemz-anjuna-536234
santana-anjuna-197153,Santana Anjuna,Anjuna,anjuna,"H.NO 1468, 5, Igreja Waddo, Bouta Waddo, Anjuna, Goa 403510",,,4.5,403510,,,yes,14549613397672197153,387,"Recurring praise for clean linens, hot water round-the-clock and central location. Good for short trips.",https://www.google.com/maps?cid=14549613397672197153,https://hotelzz.in/property.html?id=santana-anjuna-197153
astrid-swiss-cottage-234800,Astrid Swiss Cottage,Anjuna,anjuna,"Sy No : 182/11, Sorranto Vaddo, behind Little Spice, Bardez, Dmello Vaddo, Anjuna, Goa, 403509",095606 80806,,4.5,403509,,,yes,11240665654492234800,267,"Recurring praise for clean linens, hot water round-the-clock and central location. Good for short trips.",https://www.google.com/maps?cid=11240665654492234800,https://hotelzz.in/property.html?id=astrid-swiss-cottage-234800
chez-nous-418093,Chez Nous,Anjuna,anjuna,"Praias de Sant Antonio, Anjuna Beach, Dmello Vaddo, Bardez, Anjuna, Goa 403509",070386 26505,,4.5,403509,,,yes,15953299298311418093,237,"Highlights include the rooftop area, ample parking and friendly vibe. Repeat guests common.",https://www.google.com/maps?cid=15953299298311418093,https://hotelzz.in/property.html?id=chez-nous-418093
alohagoa-716820,AlohaGoa!,Anjuna,anjuna,"Charvi Reemz, Anjuna Mapusa Rd, opp. Oxford Arcade, Dmello Vaddo, Anjuna, Goa 403509",084476 11641,http://www.alohagoa.com/,4.9,403509,,,yes,17069719449991716820,377,"Highlights include the rooftop area, ample parking and friendly vibe. Repeat guests common.",https://www.google.com/maps?cid=17069719449991716820,https://hotelzz.in/property.html?id=alohagoa-716820
rumour-villa-with-private-pool-and-garden-by-artios-stays-an-562323,Rumour Villa with Private Pool and Garden by Artios Stays Anjuna,Anjuna,anjuna,"peddem, behind elephant and co, Grande Peddem, Anjuna, Goa 403509",,http://www.artiosstays.com/,4.8,403509,,,yes,16091208464690562323,721,"Travellers praise the warm hospitality, comfortable beds and value for money. Strong location scores.",https://www.google.com/maps?cid=16091208464690562323,https://hotelzz.in/property.html?id=rumour-villa-with-private-pool-and-garden-by-artios-stays-an-562323
skylit-penthouse-under-the-sky-airbnb-vagator-466775,Skylit Penthouse 'Under the Sky' Airbnb Vagator,Anjuna,anjuna,"Vagator Beach Rd, Coutinho Vaddo, Vagator, Goa 403509",096190 53437,,4.5,403509,,,yes,14368938700205466775,211,"Travellers praise the warm hospitality, comfortable beds and value for money. Strong location scores.",https://www.google.com/maps?cid=14368938700205466775,https://hotelzz.in/property.html?id=skylit-penthouse-under-the-sky-airbnb-vagator-466775
la-luxo-goa-679119,La Luxo Goa,Anjuna,anjuna,"House no 962, Grande Peddem, Bardez, Anjuna, Goa 403509",083906 01194,,4.5,403509,,,yes,15223294217701679119,330,"Guests love the peaceful setting, well-maintained property and quick host responsiveness.",https://www.google.com/maps?cid=15223294217701679119,https://hotelzz.in/property.html?id=la-luxo-goa-679119
saga-de-petrathe-saga-stays-luxurious-villas-in-goa-693039,Saga De Petra@The Saga Stays : Luxurious villas in Goa,Anjuna,anjuna,"Grande Peddem, Anjuna, Goa 403509",095847 23999,http://thesagastays.com/,4.5,403509,,,yes,7554086283826693039,345,"Highlights include the rooftop area, ample parking and friendly vibe. Repeat guests common.",https://www.google.com/maps?cid=7554086283826693039,https://hotelzz.in/property.html?id=saga-de-petrathe-saga-stays-luxurious-villas-in-goa-693039
presha-suites-and-villas-090512,Presha Suites and Villas,Anjuna,anjuna,"402/1, Zorjn Waddo, Vagator, Anjuna, Goa 403509",077768 17809,https://www.preshahotels.com/,4.5,403509,,,yes,16619896073753090512,260,"Travellers praise the warm hospitality, comfortable beds and value for money. Strong location scores.",https://www.google.com/maps?cid=16619896073753090512,https://hotelzz.in/property.html?id=presha-suites-and-villas-090512
stawil-apartments---candolim-313218,STAWIL APARTMENTS - CANDOLIM,Candolim,candolim,"House no 1256A, Anna Vaddo Rd, behind Lawande super market, near Chandra Nichal residency, Candolim, Goa 403515",099223 34424,,4.9,403515,,,yes,15961152602840313218,339,"Guests highlight clean rooms, friendly hosts and great location. A consistent favourite for repeat visitors.",https://www.google.com/maps?cid=15961152602840313218,https://hotelzz.in/property.html?id=stawil-apartments---candolim-313218
casa-stay-candolim-759889,Casa Stay Candolim,Candolim,candolim,"Saldanha Palms 2, near Sol Banyan, Sequeira Vaddo, Candolim, Goa 403515",096319 14118,http://www.casastay.co.in/,4.8,403515,,,yes,14853109917024759889,644,"Guests love the peaceful setting, well-maintained property and quick host responsiveness.",https://www.google.com/maps?cid=14853109917024759889,https://hotelzz.in/property.html?id=casa-stay-candolim-759889
3bhk-villa-candolim-fromsanchita-837863,3BHK Villa Candolim fromSanchita,Candolim,candolim,"1058, Villa F, Saudades, Escrivas Vaddo, Candolim, Goa 403515",,,4.5,403515,,,yes,9079895806999837863,208,"Highlights include the rooftop area, ample parking and friendly vibe. Repeat guests common.",https://www.google.com/maps?cid=9079895806999837863,https://hotelzz.in/property.html?id=3bhk-villa-candolim-fromsanchita-837863
beach-front-goa-in-candolim-350668,Beach Front Goa in Candolim,Candolim,candolim,"Nerul - Candolim Rd, Candolim, Goa 403515",082009 67532,https://www.beachfrontgoa.com/,4.7,403515,,,yes,614960191689350668,407,"Guests love the peaceful setting, well-maintained property and quick host responsiveness.",https://www.google.com/maps?cid=614960191689350668,https://hotelzz.in/property.html?id=beach-front-goa-in-candolim-350668
quirky-stays-919919,Quirky Stays,Candolim,candolim,"House no 458, vady vado, Candolim, Goa 403515",074772 58880,,4.3,403515,,,yes,11683169220569919919,49,"Travellers appreciate the cosy ambience, local recommendations from hosts and fast WiFi.",https://www.google.com/maps?cid=11683169220569919919,https://hotelzz.in/property.html?id=quirky-stays-919919
the-lighthouse---candolim-699744,The Lighthouse - Candolim,Candolim,candolim,"Villa 4/5 1265-3, Crescent Villa, Anna Vaddo Rd, next to Lawande Supermarket, Candolim, Goa 403515",,https://instagram.com/thelighthouse_candolim?igshid=YmMyMTA2M2Y=,4.8,403515,,,yes,15395091274974699744,669,"Recurring praise for clean linens, hot water round-the-clock and central location. Good for short trips.",https://www.google.com/maps?cid=15395091274974699744,https://hotelzz.in/property.html?id=the-lighthouse---candolim-699744
goaanand-holiday-home-493420,GOAANAND Holiday Home,Candolim,candolim,"Ferrao Guest House Behind Lawande Supermarket Road, 1259-A, Anna Vaddo Rd, Candolim, Goa 403515",087872 52059,,4.5,403515,,,yes,14485594136499493420,430,"Guests highlight clean rooms, friendly hosts and great location. A consistent favourite for repeat visitors.",https://www.google.com/maps?cid=14485594136499493420,https://hotelzz.in/property.html?id=goaanand-holiday-home-493420
blissful-vacation-471017,BLISSFUL VACATION,Candolim,candolim,"Highland holiday home north wing, behind Newton super market, Candolim, Goa 403515",098907 11000,https://instagram.com/blissfulvacationgoa?igshid=ZDdkNTZiNTM=,4.9,403515,,,yes,1577282379902471017,221,"Highlights include the rooftop area, ample parking and friendly vibe. Repeat guests common.",https://www.google.com/maps?cid=1577282379902471017,https://hotelzz.in/property.html?id=blissful-vacation-471017
handlooms-homestays-fromsanchita-537120,Handlooms Homestays fromSanchita,Candolim,candolim,"Greenwood Meadows, B2 GF, Pilerne - Candolim Rd, Candolim, Goa 403511",099332 68963,,4.9,403511,,,yes,5036213410460537120,381,"Recurring praise for clean linens, hot water round-the-clock and central location. Good for short trips.",https://www.google.com/maps?cid=5036213410460537120,https://hotelzz.in/property.html?id=handlooms-homestays-fromsanchita-537120
little-havana--airbnb-apartment-at-candolim-goa-804164,Little Havana- Airbnb Apartment At Candolim Goa,Candolim,candolim,"Aguada Holiday Homes, C-2, Fort Aguada Rd, Bammon Vaddo, Candolim, Goa 403515",,,4.5,403515,,,yes,644807381273804164,137,"Frequently mentioned: spotless rooms, attentive staff and excellent breakfast. Solid pick for couples and families.",https://www.google.com/maps?cid=644807381273804164,https://hotelzz.in/property.html?id=little-havana--airbnb-apartment-at-candolim-goa-804164
casa-de-menorah-892412,Casa De Menorah,Candolim,candolim,"Orda, St. Sebastian, near Government Primary School, Vaddo, Candolim, Calangute, Goa 403511",078219 11183,,5.0,403511,,,yes,13463593602562892412,303,"Travellers praise the warm hospitality, comfortable beds and value for money. Strong location scores.",https://www.google.com/maps?cid=13463593602562892412,https://hotelzz.in/property.html?id=casa-de-menorah-892412
onastay-at-candolim-manolita-844836,Onastay at Candolim Manolita,Candolim,candolim,"Acron Candolim Manolita, behind Delfinos supermarket, Candolim, Goa 403515",096077 27755,http://www.onastay.com/,4.5,403515,,,yes,4219533764687844836,312,"Highlights include the rooftop area, ample parking and friendly vibe. Repeat guests common.",https://www.google.com/maps?cid=4219533764687844836,https://hotelzz.in/property.html?id=onastay-at-candolim-manolita-844836
ritus-homestay-276142,Ritu’s homestay,Candolim,candolim,"New Building - E, Sun n Sand Phase III, Bammon Vaddo, Candolim, Goa 403515",097799 89263,,4.5,403515,,,yes,15296288499534276142,298,"Guests highlight clean rooms, friendly hosts and great location. A consistent favourite for repeat visitors.",https://www.google.com/maps?cid=15296288499534276142,https://hotelzz.in/property.html?id=ritus-homestay-276142
the-bumblebee-by-stay-monkey-277595,The Bumblebee by Stay Monkey,Candolim,candolim,"1265, Crescent Villa, Anna Vaddo Rd, next to Godwin Hotel, Candolim, Goa 403515",070214 73246,https://staymonkey.in/,4.5,403515,,,yes,17600644638433277595,219,"A reliable stay with helpful hosts, modern amenities and easy access to local attractions.",https://www.google.com/maps?cid=17600644638433277595,https://hotelzz.in/property.html?id=the-bumblebee-by-stay-monkey-277595
short-rental-home-stay-close-to-candolim-beach-goa-414994,Short Rental Home stay close to Candolim Beach Goa,Candolim,candolim,"F102 Monarch Palm Sun N Sand, Candolim, Goa 403515",,,4.3,403515,,,yes,5735602330132414994,194,"Guests love the peaceful setting, well-maintained property and quick host responsiveness.",https://www.google.com/maps?cid=5735602330132414994,https://hotelzz.in/property.html?id=short-rental-home-stay-close-to-candolim-beach-goa-414994
the-narrow-way-edward-guest-house-482553,The Narrow way Edward guest house,Candolim,candolim,"Marquis Sequeira Vaddo Candolim Bardez Goa, Goa 403515",086002 46496,,4.5,403515,,,yes,11654430348044482553,408,"Frequently mentioned: spotless rooms, attentive staff and excellent breakfast. Solid pick for couples and families.",https://www.google.com/maps?cid=11654430348044482553,https://hotelzz.in/property.html?id=the-narrow-way-edward-guest-house-482553
candolim-song-6bhk-goan-portuguese-heritage-villa-684587,Candolim Song-6BHK Goan Portuguese Heritage Villa,Candolim,candolim,"HOUSE NO, MUROD WADDO, 511, Candolim Beach Rd, Candolim, Goa 403515",098101 35558,,4.6,403515,,,yes,12362621438377684587,353,"A reliable stay with helpful hosts, modern amenities and easy access to local attractions.",https://www.google.com/maps?cid=12362621438377684587,https://hotelzz.in/property.html?id=candolim-song-6bhk-goan-portuguese-heritage-villa-684587
coastal-vibes-candolim-by-mangrove-stays-011066,Coastal Vibes (Candolim) by Mangrove Stays,Candolim,candolim,"205, Saldana Palms 1, next to Hotel Evoke Lifestyle, Candolim, Goa 403515",093218 27909,https://mangrovestays.com/,4.8,403515,,,yes,16414130459356011066,426,"Travellers appreciate the cosy ambience, local recommendations from hosts and fast WiFi.",https://www.google.com/maps?cid=16414130459356011066,https://hotelzz.in/property.html?id=coastal-vibes-candolim-by-mangrove-stays-011066
the-villa-of-oz-by-tien-goa-069715,"The Villa of Oz by Tien, Goa",Vagator,vagator,"House No 576, Rylan Guest House, Ozran Beach Rd, Small, Vagator, Goa 403509",093216 86645,,4.6,403509,,,yes,14751287665072069715,331,"Travellers appreciate the cosy ambience, local recommendations from hosts and fast WiFi.",https://www.google.com/maps?cid=14751287665072069715,https://hotelzz.in/property.html?id=the-villa-of-oz-by-tien-goa-069715
jyots-homestay-and-villas-967526,Jyot's homestay and villas,Vagator,vagator,"near Vagator Petrol Pump, opp. St. Anthony Hospital, Vagator, Anjuna, Vagator, Goa 403509",090821 52165,,4.5,403509,,,yes,11921242975860967526,144,"Highlights include the rooftop area, ample parking and friendly vibe. Repeat guests common.",https://www.google.com/maps?cid=11921242975860967526,https://hotelzz.in/property.html?id=jyots-homestay-and-villas-967526
doris-dsouzas-guest-house-ozran-vagator-224547,Doris (Dsouza’s) Guest house Ozran Vagator,Vagator,vagator,"HPWP+GVQ, Vagator, Goa 403509",090968 69960,,4.9,403509,,,yes,9358536422314224547,411,"Travellers praise the warm hospitality, comfortable beds and value for money. Strong location scores.",https://www.google.com/maps?cid=9358536422314224547,https://hotelzz.in/property.html?id=doris-dsouzas-guest-house-ozran-vagator-224547
casa-de-sams-041111,Casa de Sam's,Vagator,vagator,"Raj Exotic Palms, near Vagator Petrol Pump, opp. St. Anthony Hospital, Vagator, Anjuna, Vagator, Goa 403509",086088 75352,https://casadesams.carrd.co/,4.5,403509,,,yes,8268136171791041111,124,"Frequently mentioned: spotless rooms, attentive staff and excellent breakfast. Solid pick for couples and families.",https://www.google.com/maps?cid=8268136171791041111,https://hotelzz.in/property.html?id=casa-de-sams-041111
oasis-altru-living-004194,Oasis: Altru Living,Vagator,vagator,"Petrol Pump, Raj Exotica Palms, near Vagator, opposite to St. Anthony's Hospital, Vagator, Goa 403509",093215 89982,http://altruliving.in/,5.0,403509,,,yes,15651730394501004194,750,"Highlights include the rooftop area, ample parking and friendly vibe. Repeat guests common.",https://www.google.com/maps?cid=15651730394501004194,https://hotelzz.in/property.html?id=oasis-altru-living-004194
stayvista-at-casa-vida-945558,StayVista at Casa Vida,Vagator,vagator,"JP2X+GP7 N, Zhor Wado Near Children's Cross, Anjuna, Chapora, Vagator, Goa 403509",081049 54254,http://www.stayvista.com/villa/casa-vida?reference_number=prop67d2bccf1d031o1zd74c?utm_source=google&utm_medium=gmb,4.7,403509,,,yes,7515244761021945558,349,"Travellers appreciate the cosy ambience, local recommendations from hosts and fast WiFi.",https://www.google.com/maps?cid=7515244761021945558,https://hotelzz.in/property.html?id=stayvista-at-casa-vida-945558
tripozire-homestay-1-vagator-626474,Tripozire Homestay 1 Vagator,Vagator,vagator,"Celestial Casa, Anjuna, Goa 403509",099750 16907,,5.0,403509,,,yes,18400263908708626474,459,"Guests love the peaceful setting, well-maintained property and quick host responsiveness.",https://www.google.com/maps?cid=18400263908708626474,https://hotelzz.in/property.html?id=tripozire-homestay-1-vagator-626474
greygrassstays---casa-caisua-708664,GreyGrassStays - Casa Caisua,Vagator,vagator,"H.No. 1644, Devul Waddo, Chiwar, Ozran Beach Rd, Anjuna, Goa 403509",090224 32970,,4.5,403509,,,yes,16590696501640708664,206,"Frequently mentioned: spotless rooms, attentive staff and excellent breakfast. Solid pick for couples and families.",https://www.google.com/maps?cid=16590696501640708664,https://hotelzz.in/property.html?id=greygrassstays---casa-caisua-708664
blissful-edge-guest-house-590290,Blissful Edge Guest House,Vagator,vagator,"Ozran Beach Rd, Vagator, Goa 403509",093705 47899,,4.5,403509,,,yes,8840556904994590290,331,"Travellers appreciate the cosy ambience, local recommendations from hosts and fast WiFi.",https://www.google.com/maps?cid=8840556904994590290,https://hotelzz.in/property.html?id=blissful-edge-guest-house-590290
bling-by-alohagoa-459562,Bling by AlohaGoa!,Vagator,vagator,"Apartment 5, 38/5, Vagator Beach Rd, Mendonsawada, Vagator, Goa 403509",084476 11641,https://www.alohagoa.com/,5.0,403509,,,yes,15698873574698459562,552,"Guests love the peaceful setting, well-maintained property and quick host responsiveness.",https://www.google.com/maps?cid=15698873574698459562,https://hotelzz.in/property.html?id=bling-by-alohagoa-459562
ikigai-ii-263655,Ikigai II,Vagator,vagator,"Le Sierra Villa.1, Vagator, Goa 403509",,https://ikigaigoavilla.com/,4.5,403509,,,yes,12701773132886263655,158,"Travellers appreciate the cosy ambience, local recommendations from hosts and fast WiFi.",https://www.google.com/maps?cid=12701773132886263655,https://hotelzz.in/property.html?id=ikigai-ii-263655
pappi-chulo-418633,Pappi Chulo,Vagator,vagator,"Ozran Beach Rd, next to 9 bar, Vagator, Goa 403509",090751 35343,https://pappichulo.com/,4.3,403509,,,yes,1321791446548418633,85,"Recurring praise for clean linens, hot water round-the-clock and central location. Good for short trips.",https://www.google.com/maps?cid=1321791446548418633,https://hotelzz.in/property.html?id=pappi-chulo-418633
casa-gracia-036168,Casa Gracia,Vagator,vagator,"Off Assagaon Badem Rd, Badem, Assagao, Vagator, Goa 403509",077700 90703,https://www.acasoliving.com/,4.8,403509,,,yes,9068965380780036168,571,"Travellers appreciate the cosy ambience, local recommendations from hosts and fast WiFi.",https://www.google.com/maps?cid=9068965380780036168,https://hotelzz.in/property.html?id=casa-gracia-036168
casa-bonita-304521,Casa Bonita,Vagator,vagator,"Survey No 399, El Sereno, 05-06, Zorin Kaisuv, Chapora, Anjuna, Goa 403509",095941 77177,https://abnb.me/zjLitnkVdCb,4.9,403509,,,yes,14858712655930304521,593,"A reliable stay with helpful hosts, modern amenities and easy access to local attractions.",https://www.google.com/maps?cid=14858712655930304521,https://hotelzz.in/property.html?id=casa-bonita-304521
cirrus-568424,Cirrus,Vagator,vagator,"443/14, Piquen Chiwar, Anjuna, Vagator, Goa 403509",070586 53090,,4.5,403509,,,yes,9244461762026568424,372,"Frequently mentioned: spotless rooms, attentive staff and excellent breakfast. Solid pick for couples and families.",https://www.google.com/maps?cid=9244461762026568424,https://hotelzz.in/property.html?id=cirrus-568424
casa-neemo-villas-homestays-goa-152127,Casa Neemo Villas & Homestays Goa,North Goa,north-goa,"Vidya Enclaves, Lane C, opp. Mall De, PDA Colony, Porvorim, Reis Magos, Goa 403521",099218 78487,http://www.casaneemo.com/,4.9,403521,,,yes,11748939305113152127,709,"Travellers praise the warm hospitality, comfortable beds and value for money. Strong location scores.",https://www.google.com/maps?cid=11748939305113152127,https://hotelzz.in/property.html?id=casa-neemo-villas-homestays-goa-152127
siolim-door-868531,Siolim Door,North Goa,north-goa,"Plot No 834/6/2 Kudal, Bamman Vaddo, Siolim, Goa 403517",090046 14205,https://www.different-doors.com/airbnb,4.2,403517,,,yes,3534622289676868531,97,"Frequently mentioned: spotless rooms, attentive staff and excellent breakfast. Solid pick for couples and families.",https://www.google.com/maps?cid=3534622289676868531,https://hotelzz.in/property.html?id=siolim-door-868531
staycationer-holiday-apartment-jasmin-airbnb-best-2bhk-in-ar-611302,StayCationer Holiday Apartment Jasmin | Airbnb Best 2BHK in Aradi Socorro Goa,North Goa,north-goa,"981/4, Road, opposite Raj Vidya Kendra, Ambirna, Aradi Socorro, Porvorim, Goa 403501",080808 16490,https://staycationer.in/,4.5,403501,,,yes,10352179561759611302,387,"Frequently mentioned: spotless rooms, attentive staff and excellent breakfast. Solid pick for couples and families.",https://www.google.com/maps?cid=10352179561759611302,https://hotelzz.in/property.html?id=staycationer-holiday-apartment-jasmin-airbnb-best-2bhk-in-ar-611302
the-living-room-937376,The Living Room,North Goa,north-goa,"Enroute Thalassa from Siolim, House No. 159/1(P) P1, in front of Hangout, next to Vailanka Wines, Vaddi, Siolim, Goa 403517",095605 85479,,4.5,403517,,,yes,6713293758612937376,423,"A reliable stay with helpful hosts, modern amenities and easy access to local attractions.",https://www.google.com/maps?cid=6713293758612937376,https://hotelzz.in/property.html?id=the-living-room-937376
charming-3-bedroom-private-pool-villa-in-north-goa-333418,Charming 3 Bedroom private pool villa in North Goa,North Goa,north-goa,"HQX7+VV5, Munang Waddo, Bouta Waddo, Assagao, Goa 403507",099720 14823,,4.5,403507,,,yes,11779830223512333418,126,"A reliable stay with helpful hosts, modern amenities and easy access to local attractions.",https://www.google.com/maps?cid=11779830223512333418,https://hotelzz.in/property.html?id=charming-3-bedroom-private-pool-villa-in-north-goa-333418
goan-villas-apartments-for-rent-871667,Goan Villas & Apartments For Rent,North Goa,north-goa,"Villa aroha by the paddy field, near Dream Circle, Nagva, Arpora, Goa 403516",097642 69497,,4.5,403516,,,yes,8891026787502871667,255,"Guests highlight clean rooms, friendly hosts and great location. A consistent favourite for repeat visitors.",https://www.google.com/maps?cid=8891026787502871667,https://hotelzz.in/property.html?id=goan-villas-apartments-for-rent-871667
stay-inn-goregaon-west-mh1001,Stay Inn Goregaon West,Goregaon,goregaon,"S.V. Road, opp. Topiwala Theatre, Goregaon West, Mumbai, Maharashtra 400062",098201 11001,,4.4,400062,,,yes,,,,,https://hotelzz.in/property.html?id=stay-inn-goregaon-west-mh1001
urban-nest-goregaon-mh1002,Urban Nest Boutique Hotel Goregaon,Goregaon,goregaon,"Plot 14, Link Road, near Oberoi Mall, Goregaon East, Mumbai, Maharashtra 400063",098202 11002,,4.6,400063,,,yes,,,,,https://hotelzz.in/property.html?id=urban-nest-goregaon-mh1002
hotel-sapphire-inn-mh1003,Hotel Sapphire Inn — Oberoi Mall,Goregaon,goregaon,"1st Floor, Aaradhya Plaza, Off Western Express Hwy, Goregaon East, Mumbai 400063",098203 11003,,4.3,400063,,,yes,,,,,https://hotelzz.in/property.html?id=hotel-sapphire-inn-mh1003
royal-heights-goregaon-east-mh1004,The Royal Heights — Goregaon East,Goregaon,goregaon,"Aarey Road, near Film City Junction, Goregaon East, Mumbai, Maharashtra 400065",098204 11004,,4.5,400065,,,yes,,,,,https://hotelzz.in/property.html?id=royal-heights-goregaon-east-mh1004
citycomfort-filmcity-mh1005,CityComfort Suites — Film City Road,Goregaon,goregaon,"Filmcity Rd, near Mumbai Film City, Goregaon East, Mumbai 400065",098205 11005,,4.2,400065,,,yes,,,,,https://hotelzz.in/property.html?id=citycomfort-filmcity-mh1005
goregaon-grand-residency-mh1006,Goregaon Grand Residency,Goregaon,goregaon,"Off SV Road, Jawahar Nagar, Goregaon West, Mumbai, Maharashtra 400062",098206 11006,,4.4,400062,,,yes,,,,,https://hotelzz.in/property.html?id=goregaon-grand-residency-mh1006
saffron-stay-goregaon-mh1007,Saffron Stay Goregaon,Goregaon,goregaon,"Motilal Nagar, Off Link Road, Goregaon West, Mumbai 400104",098207 11007,,4.1,400104,,,yes,,,,,https://hotelzz.in/property.html?id=saffron-stay-goregaon-mh1007
hotel-pearl-inn-svroad-mh1008,Hotel Pearl Inn — SV Road,Goregaon,goregaon,"S.V. Road, near Goregaon Station West, Goregaon West, Mumbai 400062",098208 11008,,4.0,400062,,,yes,,,,,https://hotelzz.in/property.html?id=hotel-pearl-inn-svroad-mh1008
aria-boutique-hotel-mh1009,The Aria Boutique Hotel,Goregaon,goregaon,"Yashodham Complex, Gen. A.K. Vaidya Marg, Goregaon East, Mumbai 400063",098209 11009,,4.7,400063,,,yes,,,,,https://hotelzz.in/property.html?id=aria-boutique-hotel-mh1009
skyline-service-apartments-goregaon-mh1010,Mumbai Skyline Service Apartments,Goregaon,goregaon,"Tower B, Aarey Milk Colony Road, Goregaon East, Mumbai 400065",098210 11010,,4.5,400065,,,yes,,,,,https://hotelzz.in/property.html?id=skyline-service-apartments-goregaon-mh1010
hotel-crown-palace-malad-mh1011,Hotel Crown Palace — Malad West,Malad,malad,"Marve Rd, opp. Inorbit Mall, Malad West, Mumbai, Maharashtra 400064",098211 11011,,4.5,400064,,,yes,,,,,https://hotelzz.in/property.html?id=hotel-crown-palace-malad-mh1011
linkside-hotel-malad-mh1012,The Linkside Hotel Malad,Malad,malad,"Link Road, Mith Chowky, Malad West, Mumbai 400064",098212 11012,,4.3,400064,,,yes,,,,,https://hotelzz.in/property.html?id=linkside-hotel-malad-mh1012
inorbit-view-suites-mh1013,Inorbit View Suites,Malad,malad,"New Link Road, near Inorbit Mall, Malad West, Mumbai 400064",098213 11013,,4.6,400064,,,yes,,,,,https://hotelzz.in/property.html?id=inorbit-view-suites-mh1013
ocean-vista-stays-aksa-mh1014,Ocean Vista Stays — Aksa Beach,Malad,malad,"Aksa Beach Rd, Madh, Malad West, Mumbai 400095",098214 11014,,4.8,400095,,,yes,,,,,https://hotelzz.in/property.html?id=ocean-vista-stays-aksa-mh1014
malad-boutique-stay-mh1015,The Malad Boutique Stay,Malad,malad,"Mamlatdar Wadi, near Mind Space, Malad West, Mumbai 400064",098215 11015,,4.4,400064,,,yes,,,,,https://hotelzz.in/property.html?id=malad-boutique-stay-mh1015
silverstone-inn-malad-mh1016,SilverStone Inn Malad,Malad,malad,"Chincholi Bunder Rd, Mith Chowky, Malad West, Mumbai 400064",098216 11016,,4.2,400064,,,yes,,,,,https://hotelzz.in/property.html?id=silverstone-inn-malad-mh1016
casa-marina-marve-mh1017,Hotel Casa Marina — Marve,Malad,malad,"Marve Beach Rd, near Manori Jetty, Malad West, Mumbai 400095",098217 11017,,4.6,400095,,,yes,,,,,https://hotelzz.in/property.html?id=casa-marina-marve-mh1017
sun-n-shore-resort-malad-mh1018,Sun N Shore Resort Malad West,Malad,malad,"Erangal Beach Rd, Madh Island, Malad West, Mumbai 400061",098218 11018,,4.7,400061,,,yes,,,,,https://hotelzz.in/property.html?id=sun-n-shore-resort-malad-mh1018
the-avenue-hotel-malad-east-mh1019,The Avenue Hotel — Malad East,Malad,malad,"Western Express Hwy, opp. Mindspace IT Park, Malad East, Mumbai 400097",098219 11019,,4.3,400097,,,yes,,,,,https://hotelzz.in/property.html?id=the-avenue-hotel-malad-east-mh1019
wellfit-suites-malad-mh1020,Wellfit Service Suites Malad,Malad,malad,"Liberty Garden, Marve Rd, Malad West, Mumbai 400064",098220 11020,,4.5,400064,,,yes,,,,,https://hotelzz.in/property.html?id=wellfit-suites-malad-mh1020
hotel-crown-bandra-mh2001,Hotel Crown Bandra,Bandra,bandra,"229, Turner Rd, near Bandra Station West, Mumbai, Maharashtra 400050",098201 10091,,4.1,400050,,,yes,,,,,https://hotelzz.in/property.html?id=hotel-crown-bandra-mh2001
hotel-crown-palace---bandra-mh2002,Hotel Crown Palace - Bandra,Bandra,bandra,"33, Linking Rd, Bandra East, Mumbai, Maharashtra 400051",098202 10189,,4.0,400051,,,yes,,,,,https://hotelzz.in/property.html?id=hotel-crown-palace---bandra-mh2002
crown-bandra-hotel-mh2003,Crown Bandra Hotel,Bandra,bandra,"575, Bandstand, Bandra East, Mumbai, Maharashtra 400050",098204 10287,,4.2,400050,,,yes,,,,,https://hotelzz.in/property.html?id=crown-bandra-hotel-mh2003
bandra-premier-inn-mh2004,Bandra Premier Inn,Bandra,bandra,"285, Carter Rd, Bandra West, Mumbai, Maharashtra 400052",098205 10385,,4.7,400052,,,yes,,,,,https://hotelzz.in/property.html?id=bandra-premier-inn-mh2004
hotel-bandra-sapphire-mh2005,Hotel Bandra Sapphire,Bandra,bandra,"285, Turner Rd, Bandra West, Mumbai, Maharashtra 400051",098206 10483,,4.1,400051,,,yes,,,,,https://hotelzz.in/property.html?id=hotel-bandra-sapphire-mh2005
bandra-saffron-suites-mh2006,Bandra Saffron Suites,Bandra,bandra,"368, Linking Rd, Bandra West, Mumbai, Maharashtra 400050",098208 10581,,4.8,400050,,,yes,,,,,https://hotelzz.in/property.html?id=bandra-saffron-suites-mh2006
wellfit-heights-bandra-mh2007,Wellfit Heights Bandra,Bandra,bandra,"471, SV Rd, near Linking Rd, Mumbai, Maharashtra 400052",098209 10679,,4.5,400052,,,yes,,,,,https://hotelzz.in/property.html?id=wellfit-heights-bandra-mh2007
the-azure-stay-bandra-mh2008,The Azure Stay Bandra,Bandra,bandra,"371, Bandstand, near Bandra Station West, Mumbai, Maharashtra 400052",098211 10777,,4.5,400052,,,yes,,,,,https://hotelzz.in/property.html?id=the-azure-stay-bandra-mh2008
royal-inn-bandra-mh2009,Royal Inn Bandra,Bandra,bandra,"82, Turner Rd, off Carter Rd, Mumbai, Maharashtra 400051",098212 10875,,4.8,400051,,,yes,,,,,https://hotelzz.in/property.html?id=royal-inn-bandra-mh2009
comfort-stays---bandra-mh2010,Comfort Stays - Bandra,Bandra,bandra,"374, Hill Rd, Bandra West, Mumbai, Maharashtra 400052",098213 10973,,4.1,400052,,,yes,,,,,https://hotelzz.in/property.html?id=comfort-stays---bandra-mh2010
treehaus-bandra-mh2011,Treehaus Bandra,Bandra,bandra,"74, Turner Rd, near Bandra Station West, Mumbai, Maharashtra 400052",098215 11071,,4.5,400052,,,yes,,,,,https://hotelzz.in/property.html?id=treehaus-bandra-mh2011
hotel-maple-palace---bandra-mh2012,Hotel Maple Palace - Bandra,Bandra,bandra,"474, Turner Rd, off Carter Rd, Mumbai, Maharashtra 400050",098216 11169,,4.3,400050,,,yes,,,,,https://hotelzz.in/property.html?id=hotel-maple-palace---bandra-mh2012
crown-khar-hotel-mh2013,Crown Khar Hotel,Khar,khar,"33, SV Rd, Khar West, Mumbai, Maharashtra 400052",098216 11183,,4.7,400052,,,yes,,,,,https://hotelzz.in/property.html?id=crown-khar-hotel-mh2013
azure-heights-khar-mh2014,Azure Heights Khar,Khar,khar,"218, 14th Rd, Khar West, Mumbai, Maharashtra 400052",098218 11281,,4.6,400052,,,yes,,,,,https://hotelzz.in/property.html?id=azure-heights-khar-mh2014
urban-stay-khar-mh2015,Urban Stay Khar,Khar,khar,"253, Khar Danda, near Khar Station, Mumbai, Maharashtra 400052",098219 11379,,4.7,400052,,,yes,,,,,https://hotelzz.in/property.html?id=urban-stay-khar-mh2015
casa-heights-khar-mh2016,Casa Heights Khar,Khar,khar,"371, Chuim Village, off Linking Rd, Mumbai, Maharashtra 400052",098221 11477,,4.2,400052,,,yes,,,,,https://hotelzz.in/property.html?id=casa-heights-khar-mh2016
aria-service-apartments-khar-mh2017,Aria Service Apartments Khar,Khar,khar,"113, Chuim Village, Khar West, Mumbai, Maharashtra 400052",098222 11575,,4.1,400052,,,yes,,,,,https://hotelzz.in/property.html?id=aria-service-apartments-khar-mh2017
khar-premier-inn-mh2018,Khar Premier Inn,Khar,khar,"480, 14th Rd, near Khar Station, Mumbai, Maharashtra 400052",098223 11673,,4.5,400052,,,yes,,,,,https://hotelzz.in/property.html?id=khar-premier-inn-mh2018
hotel-casa-santacruz-mh2019,Hotel Casa Santacruz,Santacruz,santacruz,"349, SV Rd, Vakola, Mumbai, Maharashtra 400055",098224 11729,,4.1,400055,,,yes,,,,,https://hotelzz.in/property.html?id=hotel-casa-santacruz-mh2019
hotel-santacruz-velvet-mh2020,Hotel Santacruz Velvet,Santacruz,santacruz,"513, Vakola, Santacruz West, Mumbai, Maharashtra 400055",098226 11827,,4.7,400055,,,yes,,,,,https://hotelzz.in/property.html?id=hotel-santacruz-velvet-mh2020
santacruz-emerald-suites-mh2021,Santacruz Emerald Suites,Santacruz,santacruz,"157, Juhu Tara Rd, Vakola, Mumbai, Maharashtra 400054",098227 11925,,4.3,400054,,,yes,,,,,https://hotelzz.in/property.html?id=santacruz-emerald-suites-mh2021
hotel-maple-palace---santacruz-mh2022,Hotel Maple Palace - Santacruz,Santacruz,santacruz,"501, SV Rd, Vakola, Mumbai, Maharashtra 400055",098228 12023,,4.0,400055,,,yes,,,,,https://hotelzz.in/property.html?id=hotel-maple-palace---santacruz-mh2022
santacruz-boutique-hotel-mh2023,Santacruz Boutique Hotel,Santacruz,santacruz,"581, Linking Rd, Santacruz West, Mumbai, Maharashtra 400054",098230 12121,,4.9,400054,,,yes,,,,,https://hotelzz.in/property.html?id=santacruz-boutique-hotel-mh2023
the-santacruz-loft-mh2024,The Santacruz Loft,Santacruz,santacruz,"132, SV Rd, Vakola, Mumbai, Maharashtra 400054",098231 12219,,4.6,400054,,,yes,,,,,https://hotelzz.in/property.html?id=the-santacruz-loft-mh2024
hotel-vile-parle-casa-mh2025,Hotel Vile Parle Casa,Vile Parle,vile-parle,"217, JVPD Scheme, near Domestic Airport, Mumbai, Maharashtra 400057",098232 12275,,4.8,400057,,,yes,,,,,https://hotelzz.in/property.html?id=hotel-vile-parle-casa-mh2025
vile-parle-boutique-hotel-mh2026,Vile Parle Boutique Hotel,Vile Parle,vile-parle,"449, Airport Rd, near Domestic Airport, Mumbai, Maharashtra 400057",098233 12373,,4.8,400057,,,yes,,,,,https://hotelzz.in/property.html?id=vile-parle-boutique-hotel-mh2026
vile-parle-crystal-suites-mh2027,Vile Parle Crystal Suites,Vile Parle,vile-parle,"347, Nehru Rd, Vile Parle West, Mumbai, Maharashtra 400056",098235 12471,,4.0,400056,,,yes,,,,,https://hotelzz.in/property.html?id=vile-parle-crystal-suites-mh2027
crown-vile-parle-hotel-mh2028,Crown Vile Parle Hotel,Vile Parle,vile-parle,"61, Nehru Rd, Vile Parle West, Mumbai, Maharashtra 400056",098236 12569,,4.2,400056,,,yes,,,,,https://hotelzz.in/property.html?id=crown-vile-parle-hotel-mh2028
skyline-suites-vile-parle-mh2029,Skyline Suites Vile Parle,Vile Parle,vile-parle,"286, Hanuman Rd, near Domestic Airport, Mumbai, Maharashtra 400056",098238 12667,,4.6,400056,,,yes,,,,,https://hotelzz.in/property.html?id=skyline-suites-vile-parle-mh2029
hotel-sunrise-palace---vile-parle-mh2030,Hotel Sunrise Palace - Vile Parle,Vile Parle,vile-parle,"249, Nehru Rd, near Domestic Airport, Mumbai, Maharashtra 400057",098239 12765,,4.7,400057,,,yes,,,,,https://hotelzz.in/property.html?id=hotel-sunrise-palace---vile-parle-mh2030
treehaus-vile-parle-mh2031,Treehaus Vile Parle,Vile Parle,vile-parle,"363, Hanuman Rd, Vile Parle West, Mumbai, Maharashtra 400057",098240 12863,,4.4,400057,,,yes,,,,,https://hotelzz.in/property.html?id=treehaus-vile-parle-mh2031
crystal-inn-vile-parle-mh2032,Crystal Inn Vile Parle,Vile Parle,vile-parle,"348, Hanuman Rd, Vile Parle West, Mumbai, Maharashtra 400057",098242 12961,,4.7,400057,,,yes,,,,,https://hotelzz.in/property.html?id=crystal-inn-vile-parle-mh2032
crown-andheri-hotel-mh2033,Crown Andheri Hotel,Andheri,andheri,"460, Chakala, Andheri East, Mumbai, Maharashtra 400093",098242 13003,,4.1,400093,,,yes,,,,,https://hotelzz.in/property.html?id=crown-andheri-hotel-mh2033
maple-heights-andheri-mh2034,Maple Heights Andheri,Andheri,andheri,"454, JB Nagar, Andheri East, Mumbai, Maharashtra 400058",098244 13101,,4.7,400058,,,yes,,,,,https://hotelzz.in/property.html?id=maple-heights-andheri-mh2034
andheri-casa-suites-mh2035,Andheri Casa Suites,Andheri,andheri,"96, Veera Desai Rd, Marol, Mumbai, Maharashtra 400058",098245 13199,,4.8,400058,,,yes,,,,,https://hotelzz.in/property.html?id=andheri-casa-suites-mh2035
hotel-andheri-silver-mh2036,Hotel Andheri Silver,Andheri,andheri,"219, JB Nagar, Sahar, Mumbai, Maharashtra 400099",098247 13297,,4.8,400099,,,yes,,,,,https://hotelzz.in/property.html?id=hotel-andheri-silver-mh2036
hotel-andheri-pearl-mh2037,Hotel Andheri Pearl,Andheri,andheri,"272, JB Nagar, Andheri West, Mumbai, Maharashtra 400099",098248 13395,,4.8,400099,,,yes,,,,,https://hotelzz.in/property.html?id=hotel-andheri-pearl-mh2037
andheri-boutique-hotel-mh2038,Andheri Boutique Hotel,Andheri,andheri,"159, JB Nagar, Marol, Mumbai, Maharashtra 400099",098249 13493,,4.2,400099,,,yes,,,,,https://hotelzz.in/property.html?id=andheri-boutique-hotel-mh2038
sunrise-inn-andheri-mh2039,Sunrise Inn Andheri,Andheri,andheri,"322, SEEPZ, Marol, Mumbai, Maharashtra 400058",098251 13591,,4.1,400058,,,yes,,,,,https://hotelzz.in/property.html?id=sunrise-inn-andheri-mh2039
the-andheri-loft-mh2040,The Andheri Loft,Andheri,andheri,"59, SEEPZ, Marol, Mumbai, Maharashtra 400059",098252 13689,,4.9,400059,,,yes,,,,,https://hotelzz.in/property.html?id=the-andheri-loft-mh2040
hotel-andheri-royal-mh2041,Hotel Andheri Royal,Andheri,andheri,"241, Veera Desai Rd, Marol, Mumbai, Maharashtra 400058",098254 13787,,4.4,400058,,,yes,,,,,https://hotelzz.in/property.html?id=hotel-andheri-royal-mh2041
bayview-hotel-andheri-mh2042,Bayview Hotel Andheri,Andheri,andheri,"430, Veera Desai Rd, Marol, Mumbai, Maharashtra 400058",098255 13885,,4.6,400058,,,yes,,,,,https://hotelzz.in/property.html?id=bayview-hotel-andheri-mh2042
ginger-service-apartments-andheri-mh2043,Ginger Service Apartments Andheri,Andheri,andheri,"322, Saki Naka, near International Airport, Mumbai, Maharashtra 400059",098256 13983,,4.2,400059,,,yes,,,,,https://hotelzz.in/property.html?id=ginger-service-apartments-andheri-mh2043
andheri-grand-residency-mh2044,Andheri Grand Residency,Andheri,andheri,"324, MIDC, near International Airport, Mumbai, Maharashtra 400099",098258 14081,,4.8,400099,,,yes,,,,,https://hotelzz.in/property.html?id=andheri-grand-residency-mh2044
hotel-royal-andheri-mh2045,Hotel Royal Andheri,Andheri,andheri,"103, JB Nagar, Marol, Mumbai, Maharashtra 400093",098259 14179,,4.1,400093,,,yes,,,,,https://hotelzz.in/property.html?id=hotel-royal-andheri-mh2045
sunrise-service-apartments-andheri-mh2046,Sunrise Service Apartments Andheri,Andheri,andheri,"71, Saki Naka, Andheri East, Mumbai, Maharashtra 400069",098261 14277,,4.8,400069,,,yes,,,,,https://hotelzz.in/property.html?id=sunrise-service-apartments-andheri-mh2046
urban-stay-andheri-mh2047,Urban Stay Andheri,Andheri,andheri,"542, Sahar Rd, Marol, Mumbai, Maharashtra 400069",098262 14375,,4.0,400069,,,yes,,,,,https://hotelzz.in/property.html?id=urban-stay-andheri-mh2047
jogeshwari-boutique-hotel-mh2048,Jogeshwari Boutique Hotel,Jogeshwari,jogeshwari,"271, Oshiwara, Jogeshwari West, Mumbai, Maharashtra 400060",098262 14368,,4.1,400060,,,yes,,,,,https://hotelzz.in/property.html?id=jogeshwari-boutique-hotel-mh2048
hotel-crown-palace---jogeshwari-mh2049,Hotel Crown Palace - Jogeshwari,Jogeshwari,jogeshwari,"216, SV Rd, Jogeshwari East, Mumbai, Maharashtra 400102",098263 14466,,4.6,400102,,,yes,,,,,https://hotelzz.in/property.html?id=hotel-crown-palace---jogeshwari-mh2049
sunrise-heights-jogeshwari-mh2050,Sunrise Heights Jogeshwari,Jogeshwari,jogeshwari,"53, Oshiwara, Jogeshwari East, Mumbai, Maharashtra 400102",098265 14564,,4.1,400102,,,yes,,,,,https://hotelzz.in/property.html?id=sunrise-heights-jogeshwari-mh2050
velvet-heights-jogeshwari-mh2051,Velvet Heights Jogeshwari,Jogeshwari,jogeshwari,"134, SV Rd, Jogeshwari West, Mumbai, Maharashtra 400102",098266 14662,,4.6,400102,,,yes,,,,,https://hotelzz.in/property.html?id=velvet-heights-jogeshwari-mh2051
hotel-jogeshwari-imperial-mh2052,Hotel Jogeshwari Imperial,Jogeshwari,jogeshwari,"575, Oshiwara, Jogeshwari East, Mumbai, Maharashtra 400102",098268 14760,,4.0,400102,,,yes,,,,,https://hotelzz.in/property.html?id=hotel-jogeshwari-imperial-mh2052
kandivali-grand-residency-mh2053,Kandivali Grand Residency,Kandivali,kandivali,"597, Akurli Rd, Kandivali West, Mumbai, Maharashtra 400101",098268 14823,,4.5,400101,,,yes,,,,,https://hotelzz.in/property.html?id=kandivali-grand-residency-mh2053
kandivali-boutique-hotel-mh2054,Kandivali Boutique Hotel,Kandivali,kandivali,"216, Charkop, Kandivali West, Mumbai, Maharashtra 400101",098270 14921,,4.6,400101,,,yes,,,,,https://hotelzz.in/property.html?id=kandivali-boutique-hotel-mh2054
crown-business-hotel-kandivali-mh2055,Crown Business Hotel Kandivali,Kandivali,kandivali,"243, Akurli Rd, Kandivali East, Mumbai, Maharashtra 400067",098271 15019,,4.8,400067,,,yes,,,,,https://hotelzz.in/property.html?id=crown-business-hotel-kandivali-mh2055
kandivali-premier-inn-mh2056,Kandivali Premier Inn,Kandivali,kandivali,"422, Mahavir Nagar, Kandivali West, Mumbai, Maharashtra 400101",098273 15117,,4.7,400101,,,yes,,,,,https://hotelzz.in/property.html?id=kandivali-premier-inn-mh2056
silver-heights-kandivali-mh2057,Silver Heights Kandivali,Kandivali,kandivali,"392, Thakur Village, Thakur Village, Mumbai, Maharashtra 400067",098274 15215,,4.8,400067,,,yes,,,,,https://hotelzz.in/property.html?id=silver-heights-kandivali-mh2057
crown-kandivali-hotel-mh2058,Crown Kandivali Hotel,Kandivali,kandivali,"313, Thakur Village, Kandivali East, Mumbai, Maharashtra 400101",098275 15313,,4.7,400101,,,yes,,,,,https://hotelzz.in/property.html?id=crown-kandivali-hotel-mh2058
treehaus-kandivali-mh2059,Treehaus Kandivali,Kandivali,kandivali,"72, SV Rd, Kandivali East, Mumbai, Maharashtra 400101",098277 15411,,4.9,400101,,,yes,,,,,https://hotelzz.in/property.html?id=treehaus-kandivali-mh2059
imperial-business-hotel-kandivali-mh2060,Imperial Business Hotel Kandivali,Kandivali,kandivali,"29, Akurli Rd, Kandivali East, Mumbai, Maharashtra 400101",098278 15509,,4.1,400101,,,yes,,,,,https://hotelzz.in/property.html?id=imperial-business-hotel-kandivali-mh2060
hotel-borivali-imperial-mh2061,Hotel Borivali Imperial,Borivali,borivali,"112, IC Colony, near Sanjay Gandhi National Park, Mumbai, Maharashtra 400091",098279 15551,,4.5,400091,,,yes,,,,,https://hotelzz.in/property.html?id=hotel-borivali-imperial-mh2061
skyline-suites-borivali-mh2062,Skyline Suites Borivali,Borivali,borivali,"591, Gorai Rd, Borivali West, Mumbai, Maharashtra 400092",098280 15649,,4.2,400092,,,yes,,,,,https://hotelzz.in/property.html?id=skyline-suites-borivali-mh2062
borivali-premier-inn-mh2063,Borivali Premier Inn,Borivali,borivali,"442, LT Rd, Borivali East, Mumbai, Maharashtra 400092",098282 15747,,4.1,400092,,,yes,,,,,https://hotelzz.in/property.html?id=borivali-premier-inn-mh2063
bayview-hotel-borivali-mh2064,Bayview Hotel Borivali,Borivali,borivali,"308, Eksar Rd, Borivali West, Mumbai, Maharashtra 400103",098283 15845,,4.5,400103,,,yes,,,,,https://hotelzz.in/property.html?id=bayview-hotel-borivali-mh2064
borivali-boutique-hotel-mh2065,Borivali Boutique Hotel,Borivali,borivali,"431, IC Colony, Borivali East, Mumbai, Maharashtra 400091",098284 15943,,4.6,400091,,,yes,,,,,https://hotelzz.in/property.html?id=borivali-boutique-hotel-mh2065
hotel-borivali-azure-mh2066,Hotel Borivali Azure,Borivali,borivali,"562, IC Colony, near Sanjay Gandhi National Park, Mumbai, Maharashtra 400092",098286 16041,,4.8,400092,,,yes,,,,,https://hotelzz.in/property.html?id=hotel-borivali-azure-mh2066
urban-stay-borivali-mh2067,Urban Stay Borivali,Borivali,borivali,"219, Gorai Rd, near Borivali Station, Mumbai, Maharashtra 400103",098287 16139,,4.5,400103,,,yes,,,,,https://hotelzz.in/property.html?id=urban-stay-borivali-mh2067
the-maple-stay-borivali-mh2068,The Maple Stay Borivali,Borivali,borivali,"241, Eksar Rd, near Sanjay Gandhi National Park, Mumbai, Maharashtra 400091",098289 16237,,4.6,400091,,,yes,,,,,https://hotelzz.in/property.html?id=the-maple-stay-borivali-mh2068
treehaus-borivali-mh2069,Treehaus Borivali,Borivali,borivali,"251, SV Rd, Borivali West, Mumbai, Maharashtra 400091",098290 16335,,4.9,400091,,,yes,,,,,https://hotelzz.in/property.html?id=treehaus-borivali-mh2069
the-wellfit-stay-borivali-mh2070,The Wellfit Stay Borivali,Borivali,borivali,"590, Gorai Rd, near Borivali Station, Mumbai, Maharashtra 400103",098291 16433,,4.2,400103,,,yes,,,,,https://hotelzz.in/property.html?id=the-wellfit-stay-borivali-mh2070
the-dahisar-loft-mh2071,The Dahisar Loft,Dahisar,dahisar,"6, LT Rd, Dahisar West, Mumbai, Maharashtra 400068",098292 16461,,4.8,400068,,,yes,,,,,https://hotelzz.in/property.html?id=the-dahisar-loft-mh2071
dahisar-premier-inn-mh2072,Dahisar Premier Inn,Dahisar,dahisar,"52, CS Rd, Dahisar West, Mumbai, Maharashtra 400068",098293 16559,,4.5,400068,,,yes,,,,,https://hotelzz.in/property.html?id=dahisar-premier-inn-mh2072
urban-stay-dahisar-mh2073,Urban Stay Dahisar,Dahisar,dahisar,"454, CS Rd, Dahisar East, Mumbai, Maharashtra 400068",098295 16657,,4.6,400068,,,yes,,,,,https://hotelzz.in/property.html?id=urban-stay-dahisar-mh2073
crystal-heights-dahisar-mh2074,Crystal Heights Dahisar,Dahisar,dahisar,"534, CS Rd, near Dahisar Check Naka, Mumbai, Maharashtra 400068",098296 16755,,4.4,400068,,,yes,,,,,https://hotelzz.in/property.html?id=crystal-heights-dahisar-mh2074
silver-heights-dahisar-mh2075,Silver Heights Dahisar,Dahisar,dahisar,"241, LT Rd, Dahisar West, Mumbai, Maharashtra 400068",098297 16853,,4.2,400068,,,yes,,,,,https://hotelzz.in/property.html?id=silver-heights-dahisar-mh2075
hotel-saffron-palace---gorai-mh2076,Hotel Saffron Palace - Gorai,Gorai,gorai,"237, Gorai Beach Rd, Gorai Beach, Mumbai, Maharashtra 400091",098298 16916,,4.3,400091,,,yes,,,,,https://hotelzz.in/property.html?id=hotel-saffron-palace---gorai-mh2076
treehaus-gorai-mh2077,Treehaus Gorai,Gorai,gorai,"339, Gorai Beach Rd, near Esselworld, Mumbai, Maharashtra 400092",098300 17014,,4.5,400092,,,yes,,,,,https://hotelzz.in/property.html?id=treehaus-gorai-mh2077
velvet-inn-gorai-mh2078,Velvet Inn Gorai,Gorai,gorai,"599, Gorai 1, near Esselworld, Mumbai, Maharashtra 400092",098301 17112,,4.9,400092,,,yes,,,,,https://hotelzz.in/property.html?id=velvet-inn-gorai-mh2078
cosmo-inn-gorai-mh2079,Cosmo Inn Gorai,Gorai,gorai,"361, Pagoda Rd, near Esselworld, Mumbai, Maharashtra 400091",098303 17210,,4.3,400091,,,yes,,,,,https://hotelzz.in/property.html?id=cosmo-inn-gorai-mh2079
gorai-premier-inn-mh2080,Gorai Premier Inn,Gorai,gorai,"500, Esselworld Rd, Gorai Creek, Mumbai, Maharashtra 400091",098304 17308,,4.2,400091,,,yes,,,,,https://hotelzz.in/property.html?id=gorai-premier-inn-mh2080
the-gorai-loft-mh2081,The Gorai Loft,Gorai,gorai,"415, Gorai Beach Rd, near Esselworld, Mumbai, Maharashtra 400092",098305 17406,,4.7,400092,,,yes,,,,,https://hotelzz.in/property.html?id=the-gorai-loft-mh2081
gorai-grand-residency-mh2082,Gorai Grand Residency,Gorai,gorai,"404, Esselworld Rd, Gorai Creek, Mumbai, Maharashtra 400091",098307 17504,,4.5,400091,,,yes,,,,,https://hotelzz.in/property.html?id=gorai-grand-residency-mh2082
the-sapphire-stay-manori-mh2083,The Sapphire Stay Manori,Manori,manori,"473, Manori Village, Manori Village, Mumbai, Maharashtra 400061",098307 17553,,4.2,400061,,,yes,,,,,https://hotelzz.in/property.html?id=the-sapphire-stay-manori-mh2083
comfort-stays---manori-mh2084,Comfort Stays - Manori,Manori,manori,"335, Bhati Vada, Manori Beach, Mumbai, Maharashtra 400095",098309 17651,,4.3,400095,,,yes,,,,,https://hotelzz.in/property.html?id=comfort-stays---manori-mh2084
azure-heights-manori-mh2085,Azure Heights Manori,Manori,manori,"482, Bhati Vada, Manori Village, Mumbai, Maharashtra 400061",098310 17749,,4.0,400061,,,yes,,,,,https://hotelzz.in/property.html?id=azure-heights-manori-mh2085
casa-inn-manori-mh2086,Casa Inn Manori,Manori,manori,"42, Bhati Vada, Manori Beach, Mumbai, Maharashtra 400061",098312 17847,,4.7,400061,,,yes,,,,,https://hotelzz.in/property.html?id=casa-inn-manori-mh2086
treehaus-manori-mh2087,Treehaus Manori,Manori,manori,"245, Manori Beach Rd, near Manori Jetty, Mumbai, Maharashtra 400061",098313 17945,,4.1,400061,,,yes,,,,,https://hotelzz.in/property.html?id=treehaus-manori-mh2087
cosmo-inn-manori-mh2088,Cosmo Inn Manori,Manori,manori,"378, Manori Beach Rd, Manori Village, Mumbai, Maharashtra 400095",098314 18043,,4.2,400095,,,yes,,,,,https://hotelzz.in/property.html?id=cosmo-inn-manori-mh2088
uttan-wellfit-suites-mh2089,Uttan Wellfit Suites,Uttan,uttan,"593, Pali Beach, Pali Beach Uttan, Bhayander, Maharashtra 401106",098315 18099,,4.0,401106,,,yes,,,,,https://hotelzz.in/property.html?id=uttan-wellfit-suites-mh2089
cosmo-inn-uttan-mh2090,Cosmo Inn Uttan,Uttan,uttan,"78, Bhayander Pali Rd, Pali Beach Uttan, Bhayander, Maharashtra 401106",098317 18197,,4.5,401106,,,yes,,,,,https://hotelzz.in/property.html?id=cosmo-inn-uttan-mh2090
uttan-silver-suites-mh2091,Uttan Silver Suites,Uttan,uttan,"580, Chowk, near Uttan Beach, Bhayander, Maharashtra 401106",098318 18295,,4.7,401106,,,yes,,,,,https://hotelzz.in/property.html?id=uttan-silver-suites-mh2091
hotel-aurora-palace---uttan-mh2092,Hotel Aurora Palace - Uttan,Uttan,uttan,"71, Bhayander Pali Rd, near Uttan Beach, Bhayander, Maharashtra 401106",098319 18393,,4.5,401106,,,yes,,,,,https://hotelzz.in/property.html?id=hotel-aurora-palace---uttan-mh2092
hotel-saffron-uttan-mh2093,Hotel Saffron Uttan,Uttan,uttan,"444, Bhayander Pali Rd, Pali Beach Uttan, Bhayander, Maharashtra 401106",098321 18491,,4.9,401106,,,yes,,,,,https://hotelzz.in/property.html?id=hotel-saffron-uttan-mh2093
colaba-grand-residency-mh2094,Colaba Grand Residency,Colaba,colaba,"552, Wodehouse Rd, Colaba, Mumbai, Maharashtra 400005",098322 18554,,4.7,400005,,,yes,,,,,https://hotelzz.in/property.html?id=colaba-grand-residency-mh2094
colaba-premier-inn-mh2095,Colaba Premier Inn,Colaba,colaba,"252, Fort, near Gateway of India, Mumbai, Maharashtra 400005",098323 18652,,4.7,400005,,,yes,,,,,https://hotelzz.in/property.html?id=colaba-premier-inn-mh2095
royal-heights-colaba-mh2096,Royal Heights Colaba,Colaba,colaba,"584, Wodehouse Rd, Colaba, Mumbai, Maharashtra 400005",098325 18750,,4.5,400005,,,yes,,,,,https://hotelzz.in/property.html?id=royal-heights-colaba-mh2096
skyline-suites-colaba-mh2097,Skyline Suites Colaba,Colaba,colaba,"187, Colaba Causeway, near Gateway of India, Mumbai, Maharashtra 400005",098326 18848,,4.4,400005,,,yes,,,,,https://hotelzz.in/property.html?id=skyline-suites-colaba-mh2097
aurora-heights-colaba-mh2098,Aurora Heights Colaba,Colaba,colaba,"570, Apollo Bunder, near Gateway of India, Mumbai, Maharashtra 400005",098327 18946,,4.0,400005,,,yes,,,,,https://hotelzz.in/property.html?id=aurora-heights-colaba-mh2098
the-sunrise-stay-colaba-mh2099,The Sunrise Stay Colaba,Colaba,colaba,"501, Mandlik Rd, off Colaba Causeway, Mumbai, Maharashtra 400005",098329 19044,,4.5,400005,,,yes,,,,,https://hotelzz.in/property.html?id=the-sunrise-stay-colaba-mh2099
the-colaba-loft-mh2100,The Colaba Loft,Colaba,colaba,"96, Wodehouse Rd, near Gateway of India, Mumbai, Maharashtra 400001",098330 19142,,4.3,400001,,,yes,,,,,https://hotelzz.in/property.html?id=the-colaba-loft-mh2100
crown-colaba-hotel-mh2101,Crown Colaba Hotel,Colaba,colaba,"485, Apollo Bunder, off Colaba Causeway, Mumbai, Maharashtra 400005",098332 19240,,4.5,400005,,,yes,,,,,https://hotelzz.in/property.html?id=crown-colaba-hotel-mh2101
urban-stay-colaba-mh2102,Urban Stay Colaba,Colaba,colaba,"237, Apollo Bunder, near Gateway of India, Mumbai, Maharashtra 400005",098333 19338,,4.1,400005,,,yes,,,,,https://hotelzz.in/property.html?id=urban-stay-colaba-mh2102
skyline-suites-fort-mh2103,Skyline Suites Fort,Fort,fort,"197, DN Rd, near Horniman Circle, Mumbai, Maharashtra 400001",098333 19373,,4.2,400001,,,yes,,,,,https://hotelzz.in/property.html?id=skyline-suites-fort-mh2103
orchid-heights-fort-mh2104,Orchid Heights Fort,Fort,fort,"103, Ballard Estate, near Horniman Circle, Mumbai, Maharashtra 400023",098335 19471,,4.7,400023,,,yes,,,,,https://hotelzz.in/property.html?id=orchid-heights-fort-mh2104
crown-fort-hotel-mh2105,Crown Fort Hotel,Fort,fort,"15, Fountain, Fort, Mumbai, Maharashtra 400023",098336 19569,,4.6,400023,,,yes,,,,,https://hotelzz.in/property.html?id=crown-fort-hotel-mh2105
aria-heights-fort-mh2106,Aria Heights Fort,Fort,fort,"130, DN Rd, Fort, Mumbai, Maharashtra 400023",098338 19667,,4.6,400023,,,yes,,,,,https://hotelzz.in/property.html?id=aria-heights-fort-mh2106
fort-orchid-suites-mh2107,Fort Orchid Suites,Fort,fort,"481, DN Rd, near Horniman Circle, Mumbai, Maharashtra 400023",098339 19765,,4.4,400023,,,yes,,,,,https://hotelzz.in/property.html?id=fort-orchid-suites-mh2107
hotel-fort-saffron-mh2108,Hotel Fort Saffron,Fort,fort,"117, DN Rd, near CST, Mumbai, Maharashtra 400023",098340 19863,,4.7,400023,,,yes,,,,,https://hotelzz.in/property.html?id=hotel-fort-saffron-mh2108
the-fort-loft-mh2109,The Fort Loft,Fort,fort,"156, DN Rd, near Horniman Circle, Mumbai, Maharashtra 400001",098342 19961,,4.1,400001,,,yes,,,,,https://hotelzz.in/property.html?id=the-fort-loft-mh2109
marine-drive-boutique-hotel-mh2110,Marine Drive Boutique Hotel,Marine Drive,marine-drive,"572, Marine Drive, Marine Drive, Mumbai, Maharashtra 400020",098343 20010,,4.7,400020,,,yes,,,,,https://hotelzz.in/property.html?id=marine-drive-boutique-hotel-mh2110
bayview-hotel-marine-drive-mh2111,Bayview Hotel Marine Drive,Marine Drive,marine-drive,"462, Churchgate, near Marine Lines, Mumbai, Maharashtra 400002",098344 20108,,4.8,400002,,,yes,,,,,https://hotelzz.in/property.html?id=bayview-hotel-marine-drive-mh2111
cosmo-inn-marine-drive-mh2112,Cosmo Inn Marine Drive,Marine Drive,marine-drive,"102, Queens Necklace, Churchgate, Mumbai, Maharashtra 400020",098345 20206,,4.9,400020,,,yes,,,,,https://hotelzz.in/property.html?id=cosmo-inn-marine-drive-mh2112
treehaus-marine-drive-mh2113,Treehaus Marine Drive,Marine Drive,marine-drive,"161, Veer Nariman Rd, near Marine Lines, Mumbai, Maharashtra 400020",098347 20304,,4.2,400020,,,yes,,,,,https://hotelzz.in/property.html?id=treehaus-marine-drive-mh2113
the-casa-stay-marine-drive-mh2114,The Casa Stay Marine Drive,Marine Drive,marine-drive,"462, Churchgate, Marine Drive, Mumbai, Maharashtra 400002",098348 20402,,4.6,400002,,,yes,,,,,https://hotelzz.in/property.html?id=the-casa-stay-marine-drive-mh2114
crown-marine-drive-hotel-mh2115,Crown Marine Drive Hotel,Marine Drive,marine-drive,"465, Veer Nariman Rd, near Marine Lines, Mumbai, Maharashtra 400002",098350 20500,,4.1,400002,,,yes,,,,,https://hotelzz.in/property.html?id=crown-marine-drive-hotel-mh2115
silver-heights-lower-parel-mh2116,Silver Heights Lower Parel,Lower Parel,lower-parel,"436, Mathuradas Mill, Kamala Mills compound, Mumbai, Maharashtra 400013",098350 20556,,4.1,400013,,,yes,,,,,https://hotelzz.in/property.html?id=silver-heights-lower-parel-mh2116
lower-parel-grand-residency-mh2117,Lower Parel Grand Residency,Lower Parel,lower-parel,"62, Phoenix, Lower Parel, Mumbai, Maharashtra 400013",098352 20654,,4.1,400013,,,yes,,,,,https://hotelzz.in/property.html?id=lower-parel-grand-residency-mh2117
bayview-hotel-lower-parel-mh2118,Bayview Hotel Lower Parel,Lower Parel,lower-parel,"128, Mathuradas Mill, near Phoenix Mills, Mumbai, Maharashtra 400018",098353 20752,,4.4,400018,,,yes,,,,,https://hotelzz.in/property.html?id=bayview-hotel-lower-parel-mh2118
comfort-stays---lower-parel-mh2119,Comfort Stays - Lower Parel,Lower Parel,lower-parel,"449, Phoenix, Kamala Mills compound, Mumbai, Maharashtra 400018",098355 20850,,4.1,400018,,,yes,,,,,https://hotelzz.in/property.html?id=comfort-stays---lower-parel-mh2119
lower-parel-premier-inn-mh2120,Lower Parel Premier Inn,Lower Parel,lower-parel,"27, Phoenix, Kamala Mills compound, Mumbai, Maharashtra 400018",098356 20948,,4.1,400018,,,yes,,,,,https://hotelzz.in/property.html?id=lower-parel-premier-inn-mh2120
cosmo-inn-lower-parel-mh2121,Cosmo Inn Lower Parel,Lower Parel,lower-parel,"591, Senapati Bapat Marg, Kamala Mills compound, Mumbai, Maharashtra 400018",098357 21046,,4.0,400018,,,yes,,,,,https://hotelzz.in/property.html?id=cosmo-inn-lower-parel-mh2121
the-lower-parel-loft-mh2122,The Lower Parel Loft,Lower Parel,lower-parel,"285, Mathuradas Mill, Kamala Mills compound, Mumbai, Maharashtra 400018",098359 21144,,4.2,400018,,,yes,,,,,https://hotelzz.in/property.html?id=the-lower-parel-loft-mh2122
worli-premier-inn-mh2123,Worli Premier Inn,Worli,worli,"357, Atria Mall, Worli, Mumbai, Maharashtra 400025",098359 21193,,4.4,400025,,,yes,,,,,https://hotelzz.in/property.html?id=worli-premier-inn-mh2123
worli-saffron-suites-mh2124,Worli Saffron Suites,Worli,worli,"508, Annie Besant Rd, Worli Sea Face, Mumbai, Maharashtra 400025",098361 21291,,4.3,400025,,,yes,,,,,https://hotelzz.in/property.html?id=worli-saffron-suites-mh2124
hotel-azure-palace---worli-mh2125,Hotel Azure Palace - Worli,Worli,worli,"323, Worli Sea Face, Worli Sea Face, Mumbai, Maharashtra 400018",098362 21389,,4.2,400018,,,yes,,,,,https://hotelzz.in/property.html?id=hotel-azure-palace---worli-mh2125
comfort-stays---worli-mh2126,Comfort Stays - Worli,Worli,worli,"474, Worli Sea Face, near Worli Naka, Mumbai, Maharashtra 400030",098364 21487,,4.4,400030,,,yes,,,,,https://hotelzz.in/property.html?id=comfort-stays---worli-mh2126
sunrise-service-apartments-worli-mh2127,Sunrise Service Apartments Worli,Worli,worli,"453, Pochkhanwala Rd, near Worli Naka, Mumbai, Maharashtra 400025",098365 21585,,4.7,400025,,,yes,,,,,https://hotelzz.in/property.html?id=sunrise-service-apartments-worli-mh2127
sunrise-heights-worli-mh2128,Sunrise Heights Worli,Worli,worli,"497, Annie Besant Rd, Worli Sea Face, Mumbai, Maharashtra 400025",098366 21683,,4.1,400025,,,yes,,,,,https://hotelzz.in/property.html?id=sunrise-heights-worli-mh2128
crown-dadar-hotel-mh2129,Crown Dadar Hotel,Dadar,dadar,"566, Hindmata, Shivaji Park, Mumbai, Maharashtra 400014",098367 21739,,4.4,400014,,,yes,,,,,https://hotelzz.in/property.html?id=crown-dadar-hotel-mh2129
dadar-silver-suites-mh2130,Dadar Silver Suites,Dadar,dadar,"511, Prabhadevi Rd, Dadar West, Mumbai, Maharashtra 400014",098369 21837,,4.8,400014,,,yes,,,,,https://hotelzz.in/property.html?id=dadar-silver-suites-mh2130
ocean-service-apartments-dadar-mh2131,Ocean Service Apartments Dadar,Dadar,dadar,"484, Shivaji Park, near Dadar Station, Mumbai, Maharashtra 400028",098370 21935,,4.2,400028,,,yes,,,,,https://hotelzz.in/property.html?id=ocean-service-apartments-dadar-mh2131
dadar-grand-residency-mh2132,Dadar Grand Residency,Dadar,dadar,"72, Prabhadevi Rd, Dadar East, Mumbai, Maharashtra 400014",098371 22033,,4.2,400014,,,yes,,,,,https://hotelzz.in/property.html?id=dadar-grand-residency-mh2132
skyline-suites-dadar-mh2133,Skyline Suites Dadar,Dadar,dadar,"290, Senapati Bapat Marg, Shivaji Park, Mumbai, Maharashtra 400014",098373 22131,,4.7,400014,,,yes,,,,,https://hotelzz.in/property.html?id=skyline-suites-dadar-mh2133
cosmo-inn-dadar-mh2134,Cosmo Inn Dadar,Dadar,dadar,"552, Prabhadevi Rd, Dadar East, Mumbai, Maharashtra 400028",098374 22229,,4.4,400028,,,yes,,,,,https://hotelzz.in/property.html?id=cosmo-inn-dadar-mh2134
hotel-saffron-palace---dadar-mh2135,Hotel Saffron Palace - Dadar,Dadar,dadar,"330, Senapati Bapat Marg, near Dadar Station, Mumbai, Maharashtra 400028",098376 22327,,4.8,400028,,,yes,,,,,https://hotelzz.in/property.html?id=hotel-saffron-palace---dadar-mh2135
cosmo-inn-prabhadevi-mh2136,Cosmo Inn Prabhadevi,Prabhadevi,prabhadevi,"45, Siddhivinayak Temple Rd, Prabhadevi, Mumbai, Maharashtra 400025",098376 22376,,4.3,400025,,,yes,,,,,https://hotelzz.in/property.html?id=cosmo-inn-prabhadevi-mh2136
comfort-stays---prabhadevi-mh2137,Comfort Stays - Prabhadevi,Prabhadevi,prabhadevi,"38, Siddhivinayak Temple Rd, Prabhadevi, Mumbai, Maharashtra 400025",098378 22474,,4.1,400025,,,yes,,,,,https://hotelzz.in/property.html?id=comfort-stays---prabhadevi-mh2137
skyline-suites-prabhadevi-mh2138,Skyline Suites Prabhadevi,Prabhadevi,prabhadevi,"539, Veer Savarkar Marg, near Siddhivinayak, Mumbai, Maharashtra 400025",098379 22572,,4.8,400025,,,yes,,,,,https://hotelzz.in/property.html?id=skyline-suites-prabhadevi-mh2138
prabhadevi-grand-residency-mh2139,Prabhadevi Grand Residency,Prabhadevi,prabhadevi,"481, Siddhivinayak Temple Rd, Prabhadevi, Mumbai, Maharashtra 400025",098381 22670,,4.7,400025,,,yes,,,,,https://hotelzz.in/property.html?id=prabhadevi-grand-residency-mh2139
skyline-suites-mahalaxmi-mh2140,Skyline Suites Mahalaxmi,Mahalaxmi,mahalaxmi,"337, Famous Studio Lane, Tardeo, Mumbai, Maharashtra 400011",098382 22740,,4.8,400011,,,yes,,,,,https://hotelzz.in/property.html?id=skyline-suites-mahalaxmi-mh2140
comfort-stays---mahalaxmi-mh2141,Comfort Stays - Mahalaxmi,Mahalaxmi,mahalaxmi,"555, Tulsi Pipe Rd, Tardeo, Mumbai, Maharashtra 400034",098383 22838,,4.0,400034,,,yes,,,,,https://hotelzz.in/property.html?id=comfort-stays---mahalaxmi-mh2141
crown-mahalaxmi-hotel-mh2142,Crown Mahalaxmi Hotel,Mahalaxmi,mahalaxmi,"445, Tulsi Pipe Rd, Mahalaxmi, Mumbai, Maharashtra 400011",098384 22936,,4.9,400011,,,yes,,,,,https://hotelzz.in/property.html?id=crown-mahalaxmi-hotel-mh2142
urban-stay-mahalaxmi-mh2143,Urban Stay Mahalaxmi,Mahalaxmi,mahalaxmi,"30, Bellasis Rd, Tardeo, Mumbai, Maharashtra 400034",098386 23034,,4.0,400034,,,yes,,,,,https://hotelzz.in/property.html?id=urban-stay-mahalaxmi-mh2143
thane-boutique-hotel-mh2144,Thane Boutique Hotel,Thane,thane,"150, Hiranandani Estate, Ghodbunder Rd, Thane, Maharashtra 400606",098387 23104,,4.2,400606,,,yes,,,,,https://hotelzz.in/property.html?id=thane-boutique-hotel-mh2144
cosmo-inn-thane-mh2145,Cosmo Inn Thane,Thane,thane,"180, Vasant Vihar, Thane East, Thane, Maharashtra 400602",098388 23202,,4.1,400602,,,yes,,,,,https://hotelzz.in/property.html?id=cosmo-inn-thane-mh2145
bayview-hotel-thane-mh2146,Bayview Hotel Thane,Thane,thane,"598, Vasant Vihar, Thane East, Thane, Maharashtra 400606",098390 23300,,4.1,400606,,,yes,,,,,https://hotelzz.in/property.html?id=bayview-hotel-thane-mh2146
crystal-heights-thane-mh2147,Crystal Heights Thane,Thane,thane,"10, Pokhran Rd, Ghodbunder Rd, Thane, Maharashtra 400610",098391 23398,,4.8,400610,,,yes,,,,,https://hotelzz.in/property.html?id=crystal-heights-thane-mh2147
hotel-thane-casa-mh2148,Hotel Thane Casa,Thane,thane,"307, Eastern Express Hwy, Hiranandani Estate, Thane, Maharashtra 400604",098392 23496,,4.6,400604,,,yes,,,,,https://hotelzz.in/property.html?id=hotel-thane-casa-mh2148
velvet-heights-thane-mh2149,Velvet Heights Thane,Thane,thane,"394, Pokhran Rd, Ghodbunder Rd, Thane, Maharashtra 400602",098394 23594,,4.8,400602,,,yes,,,,,https://hotelzz.in/property.html?id=velvet-heights-thane-mh2149
crown-thane-hotel-mh2150,Crown Thane Hotel,Thane,thane,"589, Pokhran Rd, near Viviana Mall, Thane, Maharashtra 400604",098395 23692,,4.3,400604,,,yes,,,,,https://hotelzz.in/property.html?id=crown-thane-hotel-mh2150
hotel-ocean-thane-mh2151,Hotel Ocean Thane,Thane,thane,"9, Manpada, Hiranandani Estate, Thane, Maharashtra 400604",098397 23790,,4.5,400604,,,yes,,,,,https://hotelzz.in/property.html?id=hotel-ocean-thane-mh2151
thane-grand-residency-mh2152,Thane Grand Residency,Thane,thane,"41, Vasant Vihar, Thane West, Thane, Maharashtra 400610",098398 23888,,4.3,400610,,,yes,,,,,https://hotelzz.in/property.html?id=thane-grand-residency-mh2152
crystal-inn-thane-mh2153,Crystal Inn Thane,Thane,thane,"135, LBS Marg, Ghodbunder Rd, Thane, Maharashtra 400610",098399 23986,,4.1,400610,,,yes,,,,,https://hotelzz.in/property.html?id=crystal-inn-thane-mh2153
skyline-suites-thane-mh2154,Skyline Suites Thane,Thane,thane,"206, Vasant Vihar, Hiranandani Estate, Thane, Maharashtra 400602",098401 24084,,4.1,400602,,,yes,,,,,https://hotelzz.in/property.html?id=skyline-suites-thane-mh2154
casa-business-hotel-thane-mh2155,Casa Business Hotel Thane,Thane,thane,"169, LBS Marg, near Viviana Mall, Thane, Maharashtra 400604",098402 24182,,4.2,400604,,,yes,,,,,https://hotelzz.in/property.html?id=casa-business-hotel-thane-mh2155
vashi-boutique-hotel-mh2156,Vashi Boutique Hotel,Vashi,vashi,"78, Sanpada, Vashi, Navi Mumbai, Maharashtra 400705",098402 24196,,4.1,400705,,,yes,,,,,https://hotelzz.in/property.html?id=vashi-boutique-hotel-mh2156
comfort-stays---vashi-mh2157,Comfort Stays - Vashi,Vashi,vashi,"405, Inorbit Mall Rd, near Inorbit Mall Vashi, Navi Mumbai, Maharashtra 400703",098404 24294,,4.0,400703,,,yes,,,,,https://hotelzz.in/property.html?id=comfort-stays---vashi-mh2157
vashi-casa-suites-mh2158,Vashi Casa Suites,Vashi,vashi,"599, APMC Market, near Inorbit Mall Vashi, Navi Mumbai, Maharashtra 400705",098405 24392,,4.3,400705,,,yes,,,,,https://hotelzz.in/property.html?id=vashi-casa-suites-mh2158
vashi-aurora-suites-mh2159,Vashi Aurora Suites,Vashi,vashi,"575, Sector 30, near Inorbit Mall Vashi, Navi Mumbai, Maharashtra 400703",098407 24490,,4.3,400703,,,yes,,,,,https://hotelzz.in/property.html?id=vashi-aurora-suites-mh2159
crown-vashi-hotel-mh2160,Crown Vashi Hotel,Vashi,vashi,"310, Sector 17, Sector 17 Vashi, Navi Mumbai, Maharashtra 400705",098408 24588,,4.6,400705,,,yes,,,,,https://hotelzz.in/property.html?id=crown-vashi-hotel-mh2160
vashi-grand-residency-mh2161,Vashi Grand Residency,Vashi,vashi,"505, Sector 17, Vashi, Navi Mumbai, Maharashtra 400705",098409 24686,,4.1,400705,,,yes,,,,,https://hotelzz.in/property.html?id=vashi-grand-residency-mh2161
hotel-silver-palace---vashi-mh2162,Hotel Silver Palace - Vashi,Vashi,vashi,"380, Sector 30, near Inorbit Mall Vashi, Navi Mumbai, Maharashtra 400705",098411 24784,,4.6,400705,,,yes,,,,,https://hotelzz.in/property.html?id=hotel-silver-palace---vashi-mh2162
vashi-premier-inn-mh2163,Vashi Premier Inn,Vashi,vashi,"425, Inorbit Mall Rd, Sector 17 Vashi, Navi Mumbai, Maharashtra 400703",098412 24882,,4.6,400703,,,yes,,,,,https://hotelzz.in/property.html?id=vashi-premier-inn-mh2163
bayview-hotel-nerul-mh2164,Bayview Hotel Nerul,Nerul,nerul,"380, Sector 27, Seawoods, Navi Mumbai, Maharashtra 400706",098413 24924,,4.2,400706,,,yes,,,,,https://hotelzz.in/property.html?id=bayview-hotel-nerul-mh2164
crown-nerul-hotel-mh2165,Crown Nerul Hotel,Nerul,nerul,"558, Seawoods, Nerul, Navi Mumbai, Maharashtra 400706",098414 25022,,4.8,400706,,,yes,,,,,https://hotelzz.in/property.html?id=crown-nerul-hotel-mh2165
aurora-inn-nerul-mh2166,Aurora Inn Nerul,Nerul,nerul,"126, Sector 27, Seawoods, Navi Mumbai, Maharashtra 400706",098416 25120,,4.9,400706,,,yes,,,,,https://hotelzz.in/property.html?id=aurora-inn-nerul-mh2166
the-crystal-stay-nerul-mh2167,The Crystal Stay Nerul,Nerul,nerul,"52, Palm Beach Rd, Palm Beach Rd, Navi Mumbai, Maharashtra 400706",098417 25218,,4.7,400706,,,yes,,,,,https://hotelzz.in/property.html?id=the-crystal-stay-nerul-mh2167
nerul-grand-residency-mh2168,Nerul Grand Residency,Nerul,nerul,"222, Palm Beach Rd, Nerul, Navi Mumbai, Maharashtra 400706",098418 25316,,4.7,400706,,,yes,,,,,https://hotelzz.in/property.html?id=nerul-grand-residency-mh2168
skyline-suites-nerul-mh2169,Skyline Suites Nerul,Nerul,nerul,"284, Palm Beach Rd, Palm Beach Rd, Navi Mumbai, Maharashtra 400706",098420 25414,,4.8,400706,,,yes,,,,,https://hotelzz.in/property.html?id=skyline-suites-nerul-mh2169
belapur-grand-residency-mh2170,Belapur Grand Residency,Belapur,belapur,"27, Artist Village, CBD Belapur, Navi Mumbai, Maharashtra 400614",098421 25470,,4.1,400614,,,yes,,,,,https://hotelzz.in/property.html?id=belapur-grand-residency-mh2170
crown-belapur-hotel-mh2171,Crown Belapur Hotel,Belapur,belapur,"272, Artist Village, CBD Belapur, Navi Mumbai, Maharashtra 400614",098422 25568,,4.0,400614,,,yes,,,,,https://hotelzz.in/property.html?id=crown-belapur-hotel-mh2171
velvet-service-apartments-belapur-mh2172,Velvet Service Apartments Belapur,Belapur,belapur,"488, Sector 11, near Belapur Station, Navi Mumbai, Maharashtra 400614",098423 25666,,4.4,400614,,,yes,,,,,https://hotelzz.in/property.html?id=velvet-service-apartments-belapur-mh2172
aurora-service-apartments-belapur-mh2173,Aurora Service Apartments Belapur,Belapur,belapur,"45, Sector 11, Belapur, Navi Mumbai, Maharashtra 400614",098425 25764,,4.7,400614,,,yes,,,,,https://hotelzz.in/property.html?id=aurora-service-apartments-belapur-mh2173
belapur-boutique-hotel-mh2174,Belapur Boutique Hotel,Belapur,belapur,"63, CBD Belapur, near Belapur Station, Navi Mumbai, Maharashtra 400614",098426 25862,,4.9,400614,,,yes,,,,,https://hotelzz.in/property.html?id=belapur-boutique-hotel-mh2174
belapur-premier-inn-mh2175,Belapur Premier Inn,Belapur,belapur,"76, Sector 11, Belapur, Navi Mumbai, Maharashtra 400614",098428 25960,,4.8,400614,,,yes,,,,,https://hotelzz.in/property.html?id=belapur-premier-inn-mh2175
bayview-hotel-panvel-mh2176,Bayview Hotel Panvel,Panvel,panvel,"282, New Panvel, Panvel, Navi Mumbai, Maharashtra 410206",098428 26016,,4.6,410206,,,yes,,,,,https://hotelzz.in/property.html?id=bayview-hotel-panvel-mh2176
hotel-ginger-palace---panvel-mh2177,Hotel Ginger Palace - Panvel,Panvel,panvel,"544, Sector 7, Old Panvel, Navi Mumbai, Maharashtra 410221",098430 26114,,4.3,410221,,,yes,,,,,https://hotelzz.in/property.html?id=hotel-ginger-palace---panvel-mh2177
panvel-velvet-suites-mh2178,Panvel Velvet Suites,Panvel,panvel,"463, Old Panvel, New Panvel, Navi Mumbai, Maharashtra 410218",098431 26212,,4.8,410218,,,yes,,,,,https://hotelzz.in/property.html?id=panvel-velvet-suites-mh2178
skyline-suites-panvel-mh2179,Skyline Suites Panvel,Panvel,panvel,"98, Karjat Rd, Old Panvel, Navi Mumbai, Maharashtra 410218",098433 26310,,4.3,410218,,,yes,,,,,https://hotelzz.in/property.html?id=skyline-suites-panvel-mh2179
saffron-heights-panvel-mh2180,Saffron Heights Panvel,Panvel,panvel,"486, Sector 7, New Panvel, Navi Mumbai, Maharashtra 410221",098434 26408,,4.1,410221,,,yes,,,,,https://hotelzz.in/property.html?id=saffron-heights-panvel-mh2180
the-royal-stay-panvel-mh2181,The Royal Stay Panvel,Panvel,panvel,"382, Karjat Rd, Panvel, Navi Mumbai, Maharashtra 410221",098435 26506,,4.7,410221,,,yes,,,,,https://hotelzz.in/property.html?id=the-royal-stay-panvel-mh2181
casa-inn-panvel-mh2182,Casa Inn Panvel,Panvel,panvel,"126, Mumbai-Pune Hwy, near Navi Mumbai Intl Airport, Navi Mumbai, Maharashtra 410221",098437 26604,,4.4,410221,,,yes,,,,,https://hotelzz.in/property.html?id=casa-inn-panvel-mh2182
velvet-inn-kharghar-mh2183,Velvet Inn Kharghar,Kharghar,kharghar,"361, Central Park, Sector 12 Kharghar, Navi Mumbai, Maharashtra 410210",098437 26653,,4.1,410210,,,yes,,,,,https://hotelzz.in/property.html?id=velvet-inn-kharghar-mh2183
treehaus-kharghar-mh2184,Treehaus Kharghar,Kharghar,kharghar,"230, Sector 35, Sector 12 Kharghar, Navi Mumbai, Maharashtra 410210",098439 26751,,4.8,410210,,,yes,,,,,https://hotelzz.in/property.html?id=treehaus-kharghar-mh2184
hotel-aurora-palace---kharghar-mh2185,Hotel Aurora Palace - Kharghar,Kharghar,kharghar,"588, Central Park, Kharghar, Navi Mumbai, Maharashtra 410210",098440 26849,,4.2,410210,,,yes,,,,,https://hotelzz.in/property.html?id=hotel-aurora-palace---kharghar-mh2185
hotel-velvet-palace---kharghar-mh2186,Hotel Velvet Palace - Kharghar,Kharghar,kharghar,"274, Utsav Chowk, Sector 12 Kharghar, Navi Mumbai, Maharashtra 410210",098442 26947,,4.0,410210,,,yes,,,,,https://hotelzz.in/property.html?id=hotel-velvet-palace---kharghar-mh2186
kharghar-boutique-hotel-mh2187,Kharghar Boutique Hotel,Kharghar,kharghar,"186, Central Park, near Central Park, Navi Mumbai, Maharashtra 410210",098443 27045,,4.8,410210,,,yes,,,,,https://hotelzz.in/property.html?id=kharghar-boutique-hotel-mh2187
comfort-stays---kharghar-mh2188,Comfort Stays - Kharghar,Kharghar,kharghar,"94, Sector 12, Kharghar, Navi Mumbai, Maharashtra 410210",098444 27143,,4.7,410210,,,yes,,,,,https://hotelzz.in/property.html?id=comfort-stays---kharghar-mh2188
orchid-river-view-manali-hp3001,Orchid River View Manali,Manali,manali,"95, Burwa, Aleo, Manali, Himachal Pradesh 175131",094051 017,,4.7,175131,,Resort,yes,,,,,https://hotelzz.in/property.html?id=orchid-river-view-manali-hp3001
wood-house-manali-hp3002,Wood House Manali,Manali,manali,"156, Hadimba Rd, Old Manali, Manali, Himachal Pradesh 175136",094051 035,,4.1,175136,,Cottage,yes,,,,,https://hotelzz.in/property.html?id=wood-house-manali-hp3002
serene-boutique-manali-hp3003,Serene Boutique Manali,Manali,manali,"494, Old Manali, Prini, Manali, Himachal Pradesh 175136",094051 053,,4.4,175136,,Cottage,yes,,,,,https://hotelzz.in/property.html?id=serene-boutique-manali-hp3003
pine-manali-homestay-hp3004,Pine Manali Homestay,Manali,manali,"31, Naggar, Old Manali, Manali, Himachal Pradesh 175131",094051 071,,4.0,175131,,Homestay,yes,,,,,https://hotelzz.in/property.html?id=pine-manali-homestay-hp3004
highland-cottage-manali-hp3005,Highland Cottage Manali,Manali,manali,"303, Burwa, near Mall Rd, Manali, Himachal Pradesh 175136",094051 089,,4.8,175136,,Cottage,yes,,,,,https://hotelzz.in/property.html?id=highland-cottage-manali-hp3005
silver-boutique-manali-hp3006,Silver Boutique Manali,Manali,manali,"340, Mall Rd, Aleo, Manali, Himachal Pradesh 175131",094051 107,,4.1,175131,,Cottage,yes,,,,,https://hotelzz.in/property.html?id=silver-boutique-manali-hp3006
crystal-river-view-manali-hp3007,Crystal River View Manali,Manali,manali,"162, New Manali, Solang Valley, Manali, Himachal Pradesh 175136",094051 125,,4.7,175136,,Cottage,yes,,,,,https://hotelzz.in/property.html?id=crystal-river-view-manali-hp3007
cedar-cottage-manali-hp3008,Cedar Cottage Manali,Manali,manali,"206, New Manali, Prini, Manali, Himachal Pradesh 175131",094051 143,,4.1,175131,,Cottage,yes,,,,,https://hotelzz.in/property.html?id=cedar-cottage-manali-hp3008
the-azure-stay-manali-hp3009,The Azure Stay Manali,Manali,manali,"110, Old Manali, Naggar, Manali, Himachal Pradesh 175131",094051 161,,4.2,175131,,Hotel,yes,,,,,https://hotelzz.in/property.html?id=the-azure-stay-manali-hp3009
backpacker-manali-hostel-hp3010,Backpacker Manali Hostel,Manali,manali,"290, Prini, Aleo, Manali, Himachal Pradesh 175131",094051 179,,4.6,175131,,Cottage,yes,,,,,https://hotelzz.in/property.html?id=backpacker-manali-hostel-hp3010
the-saffron-stay-manali-hp3011,The Saffron Stay Manali,Manali,manali,"494, Mall Rd, near Mall Rd, Manali, Himachal Pradesh 175131",094051 197,,4.4,175131,,Hotel,yes,,,,,https://hotelzz.in/property.html?id=the-saffron-stay-manali-hp3011
hotel-manali-heights-hp3012,Hotel Manali Heights,Manali,manali,"239, New Manali, Old Manali, Manali, Himachal Pradesh 175131",094051 215,,4.7,175131,,Homestay,yes,,,,,https://hotelzz.in/property.html?id=hotel-manali-heights-hp3012
whispering-river-view-manali-hp3013,Whispering River View Manali,Manali,manali,"375, Vashisht, Aleo, Manali, Himachal Pradesh 175131",094051 233,,4.7,175131,,Resort,yes,,,,,https://hotelzz.in/property.html?id=whispering-river-view-manali-hp3013
manali-mountain-inn-hp3014,Manali Mountain Inn,Manali,manali,"454, Old Manali, near Mall Rd, Manali, Himachal Pradesh 175136",094051 251,,4.0,175136,,Homestay,yes,,,,,https://hotelzz.in/property.html?id=manali-mountain-inn-hp3014
manali-camp-cafe-hp3015,Manali Camp & Cafe,Manali,manali,"110, New Manali, Old Manali, Manali, Himachal Pradesh 175131",094051 269,,4.4,175131,,Hotel,yes,,,,,https://hotelzz.in/property.html?id=manali-camp-cafe-hp3015
wood-house-shimla-hp3016,Wood House Shimla,Shimla,shimla,"38, Kasumpti, Sanjauli, Shimla, Himachal Pradesh 171002",094051 272,,4.1,171002,,Homestay,yes,,,,,https://hotelzz.in/property.html?id=wood-house-shimla-hp3016
wooden-boutique-shimla-hp3017,Wooden Boutique Shimla,Shimla,shimla,"189, Sanjauli, near Mall Rd, Shimla, Himachal Pradesh 171004",094051 290,,4.3,171004,,Resort,yes,,,,,https://hotelzz.in/property.html?id=wooden-boutique-shimla-hp3017
shimla-camp-cafe-hp3018,Shimla Camp & Cafe,Shimla,shimla,"444, Mashobra, Chhota Shimla, Shimla, Himachal Pradesh 171001",094051 308,,4.3,171001,,Homestay,yes,,,,,https://hotelzz.in/property.html?id=shimla-camp-cafe-hp3018
hotel-shimla-heights-hp3019,Hotel Shimla Heights,Shimla,shimla,"379, Sanjauli, Lakkar Bazaar, Shimla, Himachal Pradesh 171001",094051 326,,4.6,171001,,Cottage,yes,,,,,https://hotelzz.in/property.html?id=hotel-shimla-heights-hp3019
himalayan-sunrise-shimla-hp3020,Himalayan Sunrise Shimla,Shimla,shimla,"41, Khalini, Mashobra, Shimla, Himachal Pradesh 171004",094051 344,,4.4,171004,,Hotel,yes,,,,,https://hotelzz.in/property.html?id=himalayan-sunrise-shimla-hp3020
hotel-snowflake-shimla-hp3021,Hotel Snowflake Shimla,Shimla,shimla,"361, Chhota Shimla, Lakkar Bazaar, Shimla, Himachal Pradesh 171004",094051 362,,4.4,171004,,Resort,yes,,,,,https://hotelzz.in/property.html?id=hotel-snowflake-shimla-hp3021
shimla-hills-resort-hp3022,Shimla Hills Resort,Shimla,shimla,"476, Chhota Shimla, Chhota Shimla, Shimla, Himachal Pradesh 171001",094051 380,,4.6,171001,,Hotel,yes,,,,,https://hotelzz.in/property.html?id=shimla-hills-resort-hp3022
emerald-river-view-shimla-hp3023,Emerald River View Shimla,Shimla,shimla,"470, Ridge, Sanjauli, Shimla, Himachal Pradesh 171001",094051 398,,4.8,171001,,Hotel,yes,,,,,https://hotelzz.in/property.html?id=emerald-river-view-shimla-hp3023
royal-pines-shimla-hp3024,Royal Pines Shimla,Shimla,shimla,"31, Khalini, Mashobra, Shimla, Himachal Pradesh 171001",094051 416,,4.0,171001,,Cottage,yes,,,,,https://hotelzz.in/property.html?id=royal-pines-shimla-hp3024
cedar-shimla-lodge-hp3025,Cedar Shimla Lodge,Shimla,shimla,"71, Lakkar Bazaar, near Mall Rd, Shimla, Himachal Pradesh 171002",094051 434,,4.8,171002,,Cottage,yes,,,,,https://hotelzz.in/property.html?id=cedar-shimla-lodge-hp3025
tibetan-shimla-house-hp3026,Tibetan Shimla House,Shimla,shimla,"473, Lakkar Bazaar, Chhota Shimla, Shimla, Himachal Pradesh 171001",094051 452,,4.0,171001,,Cottage,yes,,,,,https://hotelzz.in/property.html?id=tibetan-shimla-house-hp3026
the-shimla-retreat-hp3027,The Shimla Retreat,Shimla,shimla,"326, Mall Rd, near Mall Rd, Shimla, Himachal Pradesh 171004",094051 470,,4.1,171004,,Hotel,yes,,,,,https://hotelzz.in/property.html?id=the-shimla-retreat-hp3027
the-kasol-retreat-hp3028,The Kasol Retreat,Kasol,kasol,"39, Chhalal, Chhalal Village, Kasol, Himachal Pradesh 175105",094051 476,,4.4,175105,,Cottage,yes,,,,,https://hotelzz.in/property.html?id=the-kasol-retreat-hp3028
hotel-tranquil-kasol-hp3029,Hotel Tranquil Kasol,Kasol,kasol,"181, New Kasol, Chhalal Village, Kasol, Himachal Pradesh 175105",094051 494,,4.1,175105,,Resort,yes,,,,,https://hotelzz.in/property.html?id=hotel-tranquil-kasol-hp3029
royal-cafe-stay-kasol-hp3030,Royal Cafe & Stay Kasol,Kasol,kasol,"294, River Side, near Parvati River, Kasol, Himachal Pradesh 175105",094051 512,,4.0,175105,,Resort,yes,,,,,https://hotelzz.in/property.html?id=royal-cafe-stay-kasol-hp3030
kasol-camp-cafe-hp3031,Kasol Camp & Cafe,Kasol,kasol,"47, Parvati Valley, near Parvati River, Kasol, Himachal Pradesh 175105",094051 530,,4.6,175105,,Cottage,yes,,,,,https://hotelzz.in/property.html?id=kasol-camp-cafe-hp3031
tibetan-kasol-house-hp3032,Tibetan Kasol House,Kasol,kasol,"226, Chhalal, Manikaran Rd, Kasol, Himachal Pradesh 175105",094051 548,,4.4,175105,,Cottage,yes,,,,,https://hotelzz.in/property.html?id=tibetan-kasol-house-hp3032
cedar-kasol-lodge-hp3033,Cedar Kasol Lodge,Kasol,kasol,"308, River Side, near Parvati River, Kasol, Himachal Pradesh 175105",094051 566,,4.1,175105,,Hotel,yes,,,,,https://hotelzz.in/property.html?id=cedar-kasol-lodge-hp3033
kasol-sunset-stay-hp3034,Kasol Sunset Stay,Kasol,kasol,"131, Parvati Valley, Manikaran Rd, Kasol, Himachal Pradesh 175105",094051 584,,4.8,175105,,Cottage,yes,,,,,https://hotelzz.in/property.html?id=kasol-sunset-stay-hp3034
cedar-view-resort-kasol-hp3035,Cedar View Resort Kasol,Kasol,kasol,"386, New Kasol, Chhalal Village, Kasol, Himachal Pradesh 175105",094051 602,,4.8,175105,,Resort,yes,,,,,https://hotelzz.in/property.html?id=cedar-view-resort-kasol-hp3035
hotel-kasol-heights-hp3036,Hotel Kasol Heights,Kasol,kasol,"102, Chhalal, Manikaran Rd, Kasol, Himachal Pradesh 175105",094051 620,,4.6,175105,,Homestay,yes,,,,,https://hotelzz.in/property.html?id=hotel-kasol-heights-hp3036
backpacker-kasol-hostel-hp3037,Backpacker Kasol Hostel,Kasol,kasol,"70, Main Rd, old Kasol bazaar, Kasol, Himachal Pradesh 175105",094051 638,,4.1,175105,,Cottage,yes,,,,,https://hotelzz.in/property.html?id=backpacker-kasol-hostel-hp3037
dharamshala-sunset-stay-hp3038,Dharamshala Sunset Stay,Dharamshala,dharamshala,"58, Kotwali Bazaar, Sidhpur, Dharamshala, Himachal Pradesh 176215",094051 646,,4.4,176215,,Cottage,yes,,,,,https://hotelzz.in/property.html?id=dharamshala-sunset-stay-hp3038
sunrise-cafe-stay-dharamshala-hp3039,Sunrise Cafe & Stay Dharamshala,Dharamshala,dharamshala,"162, Kachehri, near HPCA Stadium, Dharamshala, Himachal Pradesh 176219",094051 664,,4.6,176219,,Cottage,yes,,,,,https://hotelzz.in/property.html?id=sunrise-cafe-stay-dharamshala-hp3039
snowline-dharamshala-cottage-hp3040,Snowline Dharamshala Cottage,Dharamshala,dharamshala,"447, Kotwali Bazaar, Lower Dharamshala, Dharamshala, Himachal Pradesh 176216",094051 682,,4.5,176216,,Cottage,yes,,,,,https://hotelzz.in/property.html?id=snowline-dharamshala-cottage-hp3040
dharamshala-heritage-stay-hp3041,Dharamshala Heritage Stay,Dharamshala,dharamshala,"70, Sidhpur, Lower Dharamshala, Dharamshala, Himachal Pradesh 176219",094051 700,,4.4,176219,,Homestay,yes,,,,,https://hotelzz.in/property.html?id=dharamshala-heritage-stay-hp3041
sapphire-valley-resort-dharamshala-hp3042,Sapphire Valley Resort Dharamshala,Dharamshala,dharamshala,"408, Sidhpur, Civil Lines, Dharamshala, Himachal Pradesh 176215",094051 718,,4.0,176215,,Hotel,yes,,,,,https://hotelzz.in/property.html?id=sapphire-valley-resort-dharamshala-hp3042
dharamshala-orchid-lodge-hp3043,Dharamshala Orchid Lodge,Dharamshala,dharamshala,"351, Sidhbari, Sidhpur, Dharamshala, Himachal Pradesh 176215",094051 736,,4.2,176215,,Resort,yes,,,,,https://hotelzz.in/property.html?id=dharamshala-orchid-lodge-hp3043
pine-dharamshala-homestay-hp3044,Pine Dharamshala Homestay,Dharamshala,dharamshala,"274, Sidhbari, Lower Dharamshala, Dharamshala, Himachal Pradesh 176216",094051 754,,4.6,176216,,Homestay,yes,,,,,https://hotelzz.in/property.html?id=pine-dharamshala-homestay-hp3044
silver-pines-dharamshala-hp3045,Silver Pines Dharamshala,Dharamshala,dharamshala,"435, Sidhpur, Civil Lines, Dharamshala, Himachal Pradesh 176216",094051 772,,4.7,176216,,Homestay,yes,,,,,https://hotelzz.in/property.html?id=silver-pines-dharamshala-hp3045
royal-cafe-stay-mcleodganj-hp3046,Royal Cafe & Stay McLeodganj,McLeodganj,mcleodganj,"231, Bhagsunag, Naddi, McLeodganj, Himachal Pradesh 176219",094051 782,,4.4,176219,,Hotel,yes,,,,,https://hotelzz.in/property.html?id=royal-cafe-stay-mcleodganj-hp3046
azure-river-view-mcleodganj-hp3047,Azure River View McLeodganj,McLeodganj,mcleodganj,"168, Dharamkot, Dharamkot, McLeodganj, Himachal Pradesh 176219",094051 800,,4.6,176219,,Homestay,yes,,,,,https://hotelzz.in/property.html?id=azure-river-view-mcleodganj-hp3047
tibetan-mcleodganj-house-hp3048,Tibetan McLeodganj House,McLeodganj,mcleodganj,"125, Bhagsunag, McLeodganj, McLeodganj, Himachal Pradesh 176219",094051 818,,4.8,176219,,Hotel,yes,,,,,https://hotelzz.in/property.html?id=tibetan-mcleodganj-house-hp3048
cedar-river-view-mcleodganj-hp3049,Cedar River View McLeodganj,McLeodganj,mcleodganj,"179, Temple Rd, Dharamkot, McLeodganj, Himachal Pradesh 176219",094051 836,,4.5,176219,,Hotel,yes,,,,,https://hotelzz.in/property.html?id=cedar-river-view-mcleodganj-hp3049
snowline-mcleodganj-cottage-hp3050,Snowline McLeodganj Cottage,McLeodganj,mcleodganj,"250, Dharamkot, Naddi, McLeodganj, Himachal Pradesh 176219",094051 854,,4.8,176219,,Homestay,yes,,,,,https://hotelzz.in/property.html?id=snowline-mcleodganj-cottage-hp3050
pine-mcleodganj-homestay-hp3051,Pine McLeodganj Homestay,McLeodganj,mcleodganj,"241, Dharamkot, Dharamkot, McLeodganj, Himachal Pradesh 176219",094051 872,,4.1,176219,,Cottage,yes,,,,,https://hotelzz.in/property.html?id=pine-mcleodganj-homestay-hp3051
cedar-mcleodganj-lodge-hp3052,Cedar McLeodganj Lodge,McLeodganj,mcleodganj,"297, Bhagsunag, Naddi, McLeodganj, Himachal Pradesh 176219",094051 890,,4.9,176219,,Hotel,yes,,,,,https://hotelzz.in/property.html?id=cedar-mcleodganj-lodge-hp3052
hotel-mcleodganj-heights-hp3053,Hotel McLeodganj Heights,McLeodganj,mcleodganj,"268, Naddi, Dharamkot, McLeodganj, Himachal Pradesh 176219",094051 908,,4.5,176219,,Cottage,yes,,,,,https://hotelzz.in/property.html?id=hotel-mcleodganj-heights-hp3053
the-dalhousie-retreat-hp3054,The Dalhousie Retreat,Dalhousie,dalhousie,"156, Bakrota Hills, Khajjiar Rd, Dalhousie, Himachal Pradesh 176304",094051 918,,4.8,176304,,Cottage,yes,,,,,https://hotelzz.in/property.html?id=the-dalhousie-retreat-hp3054
misty-pines-dalhousie-hp3055,Misty Pines Dalhousie,Dalhousie,dalhousie,"211, Khajjiar Rd, Khajjiar Rd, Dalhousie, Himachal Pradesh 176304",094051 936,,4.5,176304,,Cottage,yes,,,,,https://hotelzz.in/property.html?id=misty-pines-dalhousie-hp3055
wood-house-dalhousie-hp3056,Wood House Dalhousie,Dalhousie,dalhousie,"265, Panchpula, near Gandhi Chowk, Dalhousie, Himachal Pradesh 176304",094051 954,,4.8,176304,,Cottage,yes,,,,,https://hotelzz.in/property.html?id=wood-house-dalhousie-hp3056
dalhousie-wooden-lodge-hp3057,Dalhousie Wooden Lodge,Dalhousie,dalhousie,"34, Panchpula, near Gandhi Chowk, Dalhousie, Himachal Pradesh 176304",094051 972,,4.8,176304,,Resort,yes,,,,,https://hotelzz.in/property.html?id=dalhousie-wooden-lodge-hp3057
backpacker-dalhousie-hostel-hp3058,Backpacker Dalhousie Hostel,Dalhousie,dalhousie,"253, Gandhi Chowk, Bakrota, Dalhousie, Himachal Pradesh 176305",094051 990,,4.1,176305,,Resort,yes,,,,,https://hotelzz.in/property.html?id=backpacker-dalhousie-hostel-hp3058
cedar-dalhousie-lodge-hp3059,Cedar Dalhousie Lodge,Dalhousie,dalhousie,"215, Gandhi Chowk, near Gandhi Chowk, Dalhousie, Himachal Pradesh 176304",094052 008,,4.6,176304,,Cottage,yes,,,,,https://hotelzz.in/property.html?id=cedar-dalhousie-lodge-hp3059
bir-sunset-stay-hp3060,Bir Sunset Stay,Bir,bir,"80, Bir Billing Rd, Bir, Bir, Himachal Pradesh 176077",094052 020,,4.2,176077,,Cottage,yes,,,,,https://hotelzz.in/property.html?id=bir-sunset-stay-hp3060
tibetan-bir-house-hp3061,Tibetan Bir House,Bir,bir,"54, Chougan, Bir Billing, Bir, Himachal Pradesh 176077",094052 038,,4.4,176077,,Cottage,yes,,,,,https://hotelzz.in/property.html?id=tibetan-bir-house-hp3061
cedar-bir-lodge-hp3062,Cedar Bir Lodge,Bir,bir,"360, Landing Site, Tibetan Colony, Bir, Himachal Pradesh 176077",094052 056,,4.5,176077,,Resort,yes,,,,,https://hotelzz.in/property.html?id=cedar-bir-lodge-hp3062
backpacker-bir-hostel-hp3063,Backpacker Bir Hostel,Bir,bir,"443, Upper Bir, Bir Billing, Bir, Himachal Pradesh 176077",094052 074,,4.6,176077,,Homestay,yes,,,,,https://hotelzz.in/property.html?id=backpacker-bir-hostel-hp3063
bir-mountain-inn-hp3064,Bir Mountain Inn,Bir,bir,"469, Landing Site, Bir Billing, Bir, Himachal Pradesh 176077",094052 092,,4.7,176077,,Cottage,yes,,,,,https://hotelzz.in/property.html?id=bir-mountain-inn-hp3064
snowline-tosh-cottage-hp3065,Snowline Tosh Cottage,Tosh,tosh,"399, Lower Tosh, Tosh village, Tosh, Himachal Pradesh 175105",094052 105,,4.9,175105,,Hotel,yes,,,,,https://hotelzz.in/property.html?id=snowline-tosh-cottage-hp3065
hotel-tosh-heights-hp3066,Hotel Tosh Heights,Tosh,tosh,"133, Upper Tosh, Kalga Rd, Tosh, Himachal Pradesh 175105",094052 123,,4.3,175105,,Resort,yes,,,,,https://hotelzz.in/property.html?id=hotel-tosh-heights-hp3066
crystal-river-view-tosh-hp3067,Crystal River View Tosh,Tosh,tosh,"322, Upper Tosh, Tosh village, Tosh, Himachal Pradesh 175105",094052 141,,4.6,175105,,Hotel,yes,,,,,https://hotelzz.in/property.html?id=crystal-river-view-tosh-hp3067
tosh-mountain-inn-hp3068,Tosh Mountain Inn,Tosh,tosh,"361, Lower Tosh, upper Tosh, Tosh, Himachal Pradesh 175105",094052 159,,4.5,175105,,Cottage,yes,,,,,https://hotelzz.in/property.html?id=tosh-mountain-inn-hp3068
himalayan-misty-kheerganga-hp3069,Himalayan Misty Kheerganga,Kheerganga,kheerganga,"55, Barshaini, Barshaini base, Kheerganga, Himachal Pradesh 175105",094052 173,,4.0,175105,,Cottage,yes,,,,,https://hotelzz.in/property.html?id=himalayan-misty-kheerganga-hp3069
cedar-kheerganga-lodge-hp3070,Cedar Kheerganga Lodge,Kheerganga,kheerganga,"95, Kalga, Barshaini base, Kheerganga, Himachal Pradesh 175105",094052 191,,4.1,175105,,Homestay,yes,,,,,https://hotelzz.in/property.html?id=cedar-kheerganga-lodge-hp3070
the-kheerganga-retreat-hp3071,The Kheerganga Retreat,Kheerganga,kheerganga,"69, Kheerganga Trek, near Kheerganga trail, Kheerganga, Himachal Pradesh 175105",094052 209,,4.9,175105,,Resort,yes,,,,,https://hotelzz.in/property.html?id=the-kheerganga-retreat-hp3071
royal-valley-resort-kaza-hp3072,Royal Valley Resort Kaza,Kaza,kaza,"240, Main Bazaar, near Key Monastery, Kaza, Himachal Pradesh 172114",094052 224,,4.4,172114,,Cottage,yes,,,,,https://hotelzz.in/property.html?id=royal-valley-resort-kaza-hp3072
kaza-mountain-inn-hp3073,Kaza Mountain Inn,Kaza,kaza,"325, Hikkim Rd, near Key Monastery, Kaza, Himachal Pradesh 172114",094052 242,,4.6,172114,,Homestay,yes,,,,,https://hotelzz.in/property.html?id=kaza-mountain-inn-hp3073
maple-cafe-stay-kaza-hp3074,Maple Cafe & Stay Kaza,Kaza,kaza,"208, Key Monastery Rd, near Key Monastery, Kaza, Himachal Pradesh 172114",094052 260,,4.8,172114,,Cottage,yes,,,,,https://hotelzz.in/property.html?id=maple-cafe-stay-kaza-hp3074
kaza-maple-lodge-hp3075,Kaza Maple Lodge,Kaza,kaza,"458, Hikkim Rd, Kaza, Kaza, Himachal Pradesh 172114",094052 278,,4.1,172114,,Resort,yes,,,,,https://hotelzz.in/property.html?id=kaza-maple-lodge-hp3075
wood-house-kaza-hp3076,Wood House Kaza,Kaza,kaza,"144, Old Kaza, near Key Monastery, Kaza, Himachal Pradesh 172114",094052 296,,4.8,172114,,Homestay,yes,,,,,https://hotelzz.in/property.html?id=wood-house-kaza-hp3076
azure-view-resort-chail-hp3077,Azure View Resort Chail,Chail,chail,"393, Kufri Rd, Sadhupul, Chail, Himachal Pradesh 173217",094052 309,,4.4,173217,,Homestay,yes,,,,,https://hotelzz.in/property.html?id=azure-view-resort-chail-hp3077
chail-mountain-inn-hp3078,Chail Mountain Inn,Chail,chail,"155, Sadhupul, Chail, Chail, Himachal Pradesh 173217",094052 327,,4.4,173217,,Hotel,yes,,,,,https://hotelzz.in/property.html?id=chail-mountain-inn-hp3078
aurora-boutique-chail-hp3079,Aurora Boutique Chail,Chail,chail,"484, Chail Palace Rd, Chail, Chail, Himachal Pradesh 173217",094052 345,,4.9,173217,,Cottage,yes,,,,,https://hotelzz.in/property.html?id=aurora-boutique-chail-hp3079
backpacker-chail-hostel-hp3080,Backpacker Chail Hostel,Chail,chail,"200, Sadhupul, Sadhupul, Chail, Himachal Pradesh 173217",094052 363,,4.5,173217,,Resort,yes,,,,,https://hotelzz.in/property.html?id=backpacker-chail-hostel-hp3080
solan-mountain-inn-hp3081,Solan Mountain Inn,Solan,solan,"59, Mall Rd, near Salogra, Solan, Himachal Pradesh 173212",094052 377,,4.6,173212,,Homestay,yes,,,,,https://hotelzz.in/property.html?id=solan-mountain-inn-hp3081
apple-orchard-solan-hp3082,Apple Orchard Solan,Solan,solan,"332, Kandaghat, Solan, Solan, Himachal Pradesh 173212",094052 395,,4.3,173212,,Hotel,yes,,,,,https://hotelzz.in/property.html?id=apple-orchard-solan-hp3082
imperial-pines-solan-hp3083,Imperial Pines Solan,Solan,solan,"496, Salogra, Rajgarh Rd, Solan, Himachal Pradesh 173213",094052 413,,4.5,173213,,Hotel,yes,,,,,https://hotelzz.in/property.html?id=imperial-pines-solan-hp3083
the-alpine-stay-solan-hp3084,The Alpine Stay Solan,Solan,solan,"477, Subhash Chowk, Solan, Solan, Himachal Pradesh 173213",094052 431,,4.8,173213,,Resort,yes,,,,,https://hotelzz.in/property.html?id=the-alpine-stay-solan-hp3084
pine-palampur-homestay-hp3085,Pine Palampur Homestay,Palampur,palampur,"484, Bindraban, Palampur, Palampur, Himachal Pradesh 176062",094052 445,,4.4,176062,,Cottage,yes,,,,,https://hotelzz.in/property.html?id=pine-palampur-homestay-hp3085
backpacker-palampur-hostel-hp3086,Backpacker Palampur Hostel,Palampur,palampur,"272, Maranda, Maranda, Palampur, Himachal Pradesh 176062",094052 463,,4.3,176062,,Cottage,yes,,,,,https://hotelzz.in/property.html?id=backpacker-palampur-hostel-hp3086
the-palampur-retreat-hp3087,The Palampur Retreat,Palampur,palampur,"396, Bundla, Palampur, Palampur, Himachal Pradesh 176061",094052 481,,4.2,176061,,Hotel,yes,,,,,https://hotelzz.in/property.html?id=the-palampur-retreat-hp3087
crystal-valley-resort-palampur-hp3088,Crystal Valley Resort Palampur,Palampur,palampur,"384, Bindraban, Palampur, Palampur, Himachal Pradesh 176062",094052 499,,4.4,176062,,Cottage,yes,,,,,https://hotelzz.in/property.html?id=crystal-valley-resort-palampur-hp3088
snowline-palampur-cottage-hp3089,Snowline Palampur Cottage,Palampur,palampur,"369, Main Bazaar, tea garden area, Palampur, Himachal Pradesh 176062",094052 517,,4.4,176062,,Homestay,yes,,,,,https://hotelzz.in/property.html?id=snowline-palampur-cottage-hp3089
cedar-jibhi-lodge-hp3090,Cedar Jibhi Lodge,Jibhi,jibhi,"492, Banjar Rd, Shoja Rd, Jibhi, Himachal Pradesh 175123",094052 530,,4.7,175123,,Cottage,yes,,,,,https://hotelzz.in/property.html?id=cedar-jibhi-lodge-hp3090
jibhi-serene-lodge-hp3091,Jibhi Serene Lodge,Jibhi,jibhi,"61, Banjar Rd, Shoja Rd, Jibhi, Himachal Pradesh 175123",094052 548,,4.2,175123,,Hotel,yes,,,,,https://hotelzz.in/property.html?id=jibhi-serene-lodge-hp3091
jibhi-aria-lodge-hp3092,Jibhi Aria Lodge,Jibhi,jibhi,"342, Ghiyagi, Shoja Rd, Jibhi, Himachal Pradesh 175123",094052 566,,4.4,175123,,Cottage,yes,,,,,https://hotelzz.in/property.html?id=jibhi-aria-lodge-hp3092
imperial-boutique-jibhi-hp3093,Imperial Boutique Jibhi,Jibhi,jibhi,"399, Chehni Kothi, Shoja Rd, Jibhi, Himachal Pradesh 175123",094052 584,,4.7,175123,,Homestay,yes,,,,,https://hotelzz.in/property.html?id=imperial-boutique-jibhi-hp3093
tibetan-jibhi-house-hp3094,Tibetan Jibhi House,Jibhi,jibhi,"59, Tirthan Valley, Tirthan Valley, Jibhi, Himachal Pradesh 175123",094052 602,,4.5,175123,,Cottage,yes,,,,,https://hotelzz.in/property.html?id=tibetan-jibhi-house-hp3094
wood-house-narkanda-hp3095,Wood House Narkanda,Narkanda,narkanda,"313, Stoki Rd, near Hatu Peak, Narkanda, Himachal Pradesh 171213",094052 615,,4.6,171213,,Cottage,yes,,,,,https://hotelzz.in/property.html?id=wood-house-narkanda-hp3095
narkanda-camp-cafe-hp3096,Narkanda Camp & Cafe,Narkanda,narkanda,"386, Mahamaya Temple Rd, Stoki, Narkanda, Himachal Pradesh 171213",094052 633,,4.2,171213,,Homestay,yes,,,,,https://hotelzz.in/property.html?id=narkanda-camp-cafe-hp3096
misty-boutique-narkanda-hp3097,Misty Boutique Narkanda,Narkanda,narkanda,"322, Mahamaya Temple Rd, Stoki, Narkanda, Himachal Pradesh 171213",094052 651,,4.1,171213,,Cottage,yes,,,,,https://hotelzz.in/property.html?id=misty-boutique-narkanda-hp3097
imperial-cafe-stay-kalpa-hp3098,Imperial Cafe & Stay Kalpa,Kalpa,kalpa,"53, Kalpa Village, Chini village, Kalpa, Himachal Pradesh 172108",094052 666,,4.2,172108,,Cottage,yes,,,,,https://hotelzz.in/property.html?id=imperial-cafe-stay-kalpa-hp3098
royal-valley-resort-kalpa-hp3099,Royal Valley Resort Kalpa,Kalpa,kalpa,"282, Kalpa Village, Chini village, Kalpa, Himachal Pradesh 172108",094052 684,,4.2,172108,,Cottage,yes,,,,,https://hotelzz.in/property.html?id=royal-valley-resort-kalpa-hp3099
kalpa-hills-resort-hp3100,Kalpa Hills Resort,Kalpa,kalpa,"176, Apple Orchard Rd, Kalpa, Kalpa, Himachal Pradesh 172108",094052 702,,4.4,172108,,Homestay,yes,,,,,https://hotelzz.in/property.html?id=kalpa-hills-resort-hp3100
heritage-house-jaipur-in04001,Heritage House Jaipur,Jaipur,jaipur,"315, Civil Lines, Pink City, Jaipur, Rajasthan 302013",,,4.4,302013,,Hotel,yes,,,,,https://hotelzz.in/property.html?id=heritage-house-jaipur-in04001
jaipur-heritage-stay-in04002,Jaipur Heritage Stay,Jaipur,jaipur,"15, C-Scheme, near City Palace, Jaipur, Rajasthan 302039",,,4.2,302039,,Hotel,yes,,,,,https://hotelzz.in/property.html?id=jaipur-heritage-stay-in04002
hotel-pearl-palace-jaipur-in04003,Hotel Pearl Palace Jaipur,Jaipur,jaipur,"432, Civil Lines, Bani Park, Jaipur, Rajasthan 302039",,,4.0,302039,,Hotel,yes,,,,,https://hotelzz.in/property.html?id=hotel-pearl-palace-jaipur-in04003
hotel-jaipur-royal-in04004,Hotel Jaipur Royal,Jaipur,jaipur,"378, MI Road, near Hawa Mahal, Jaipur, Rajasthan 302001",,,4.6,302001,,Hotel,yes,,,,,https://hotelzz.in/property.html?id=hotel-jaipur-royal-in04004
royal-jaipur-suites-in04005,Royal Jaipur Suites,Jaipur,jaipur,"586, Jagatpura, C-Scheme, Jaipur, Rajasthan 302017",,,4.3,302017,,Hotel,yes,,,,,https://hotelzz.in/property.html?id=royal-jaipur-suites-in04005
hotel-jaipur-imperial-in04006,Hotel Jaipur Imperial,Jaipur,jaipur,"182, Civil Lines, Amer Road, Jaipur, Rajasthan 302039",,,4.6,302039,,Hotel,yes,,,,,https://hotelzz.in/property.html?id=hotel-jaipur-imperial-in04006
crown-jaipur-heritage-in04007,Crown Jaipur Heritage,Jaipur,jaipur,"547, Bani Park, near Hawa Mahal, Jaipur, Rajasthan 302002",,,4.3,302002,,Hotel,yes,,,,,https://hotelzz.in/property.html?id=crown-jaipur-heritage-in04007
hotel-silver-palace-jaipur-in04008,Hotel Silver Palace Jaipur,Jaipur,jaipur,"582, Civil Lines, Civil Lines, Jaipur, Rajasthan 302001",,,4.2,302001,,Hotel,yes,,,,,https://hotelzz.in/property.html?id=hotel-silver-palace-jaipur-in04008
casa-manor-jaipur-in04009,Casa Manor Jaipur,Jaipur,jaipur,"296, Jagatpura, Pink City, Jaipur, Rajasthan 302017",,,4.5,302017,,Hotel,yes,,,,,https://hotelzz.in/property.html?id=casa-manor-jaipur-in04009
jaipur-vintage-hotel-in04010,Jaipur Vintage Hotel,Jaipur,jaipur,"110, C-Scheme, near City Palace, Jaipur, Rajasthan 302002",,,4.6,302002,,Hotel,yes,,,,,https://hotelzz.in/property.html?id=jaipur-vintage-hotel-in04010
the-indigo-mansion-jaipur-in04011,The Indigo Mansion Jaipur,Jaipur,jaipur,"103, Jagatpura, C-Scheme, Jaipur, Rajasthan 302002",,,4.9,302002,,Hotel,yes,,,,,https://hotelzz.in/property.html?id=the-indigo-mansion-jaipur-in04011
the-maharajas-saffron-jaipur-in04012,The Maharaja's Saffron Jaipur,Jaipur,jaipur,"403, MI Road, Pink City, Jaipur, Rajasthan 302039",,,4.0,302039,,Hotel,yes,,,,,https://hotelzz.in/property.html?id=the-maharajas-saffron-jaipur-in04012
the-sapphire-mansion-jaipur-in04013,The Sapphire Mansion Jaipur,Jaipur,jaipur,"96, MI Road, C-Scheme, Jaipur, Rajasthan 302039",,,4.3,302039,,Hotel,yes,,,,,https://hotelzz.in/property.html?id=the-sapphire-mansion-jaipur-in04013
the-maharajas-serene-jaipur-in04014,The Maharaja's Serene Jaipur,Jaipur,jaipur,"271, C-Scheme, Pink City, Jaipur, Rajasthan 302001",,,4.4,302001,,Hotel,yes,,,,,https://hotelzz.in/property.html?id=the-maharajas-serene-jaipur-in04014
the-old-town-jaipur-in04015,The Old Town Jaipur,Jaipur,jaipur,"94, Tonk Rd, near City Palace, Jaipur, Rajasthan 302002",,,4.1,302002,,Hotel,yes,,,,,https://hotelzz.in/property.html?id=the-old-town-jaipur-in04015
orchid-niwas-boutique-jaipur-in04016,Orchid Niwas Boutique Jaipur,Jaipur,jaipur,"13, Civil Lines, Civil Lines, Jaipur, Rajasthan 302002",,,4.4,302002,,Hotel,yes,,,,,https://hotelzz.in/property.html?id=orchid-niwas-boutique-jaipur-in04016
aspen-manor-jaipur-in04017,Aspen Manor Jaipur,Jaipur,jaipur,"72, Bani Park, C-Scheme, Jaipur, Rajasthan 302039",,,4.6,302039,,Hotel,yes,,,,,https://hotelzz.in/property.html?id=aspen-manor-jaipur-in04017
misty-heritage-inn-jaipur-in04018,Misty Heritage Inn Jaipur,Jaipur,jaipur,"564, Vaishali Nagar, near City Palace, Jaipur, Rajasthan 302013",,,4.0,302013,,Hotel,yes,,,,,https://hotelzz.in/property.html?id=misty-heritage-inn-jaipur-in04018
hotel-misty-palace-jaipur-in04019,Hotel Misty Palace Jaipur,Jaipur,jaipur,"341, MI Road, Bani Park, Jaipur, Rajasthan 302002",,,4.9,302002,,Hotel,yes,,,,,https://hotelzz.in/property.html?id=hotel-misty-palace-jaipur-in04019
the-heritage-mansion-jaipur-in04020,The Heritage Mansion Jaipur,Jaipur,jaipur,"346, Bani Park, Bani Park, Jaipur, Rajasthan 302001",,,4.5,302001,,Hotel,yes,,,,,https://hotelzz.in/property.html?id=the-heritage-mansion-jaipur-in04020
the-silver-mansion-jaipur-in04021,The Silver Mansion Jaipur,Jaipur,jaipur,"279, Amer Rd, Civil Lines, Jaipur, Rajasthan 302039",,,4.0,302039,,Hotel,yes,,,,,https://hotelzz.in/property.html?id=the-silver-mansion-jaipur-in04021
serene-haveli-jaipur-in04022,Serene Haveli Jaipur,Jaipur,jaipur,"209, Bani Park, Bani Park, Jaipur, Rajasthan 302039",,,4.7,302039,,Hotel,yes,,,,,https://hotelzz.in/property.html?id=serene-haveli-jaipur-in04022
hotel-heritage-palace-jaipur-in04023,Hotel Heritage Palace Jaipur,Jaipur,jaipur,"492, Vaishali Nagar, Bani Park, Jaipur, Rajasthan 302017",,,4.5,302017,,Hotel,yes,,,,,https://hotelzz.in/property.html?id=hotel-heritage-palace-jaipur-in04023
cosy-niwas-boutique-jaipur-in04024,Cosy Niwas Boutique Jaipur,Jaipur,jaipur,"510, Civil Lines, near Hawa Mahal, Jaipur, Rajasthan 302001",,,4.3,302001,,Hotel,yes,,,,,https://hotelzz.in/property.html?id=cosy-niwas-boutique-jaipur-in04024
aspen-niwas-boutique-jaipur-in04025,Aspen Niwas Boutique Jaipur,Jaipur,jaipur,"310, Jagatpura, Civil Lines, Jaipur, Rajasthan 302017",,,4.2,302017,,Hotel,yes,,,,,https://hotelzz.in/property.html?id=aspen-niwas-boutique-jaipur-in04025
maple-heritage-inn-jaipur-in04026,Maple Heritage Inn Jaipur,Jaipur,jaipur,"515, C-Scheme, near City Palace, Jaipur, Rajasthan 302002",,,4.3,302002,,Hotel,yes,,,,,https://hotelzz.in/property.html?id=maple-heritage-inn-jaipur-in04026
hotel-regal-palace-jaipur-in04027,Hotel Regal Palace Jaipur,Jaipur,jaipur,"8, Malviya Nagar, C-Scheme, Jaipur, Rajasthan 302039",,,4.8,302039,,Hotel,yes,,,,,https://hotelzz.in/property.html?id=hotel-regal-palace-jaipur-in04027
marigold-haveli-jaipur-in04028,Marigold Haveli Jaipur,Jaipur,jaipur,"283, Vaishali Nagar, Amer Road, Jaipur, Rajasthan 302001",,,4.2,302001,,Hotel,yes,,,,,https://hotelzz.in/property.html?id=marigold-haveli-jaipur-in04028
whispering-niwas-boutique-jaipur-in04029,Whispering Niwas Boutique Jaipur,Jaipur,jaipur,"174, Civil Lines, C-Scheme, Jaipur, Rajasthan 302013",,,4.0,302013,,Hotel,yes,,,,,https://hotelzz.in/property.html?id=whispering-niwas-boutique-jaipur-in04029
aurora-haveli-jaipur-in04030,Aurora Haveli Jaipur,Jaipur,jaipur,"302, Bani Park, C-Scheme, Jaipur, Rajasthan 302002",,,4.4,302002,,Hotel,yes,,,,,https://hotelzz.in/property.html?id=aurora-haveli-jaipur-in04030
crown-manor-jaipur-in04031,Crown Manor Jaipur,Jaipur,jaipur,"105, MI Road, C-Scheme, Jaipur, Rajasthan 302013",,,4.3,302013,,Hotel,yes,,,,,https://hotelzz.in/property.html?id=crown-manor-jaipur-in04031
the-velvet-mansion-jaipur-in04032,The Velvet Mansion Jaipur,Jaipur,jaipur,"228, Vaishali Nagar, near City Palace, Jaipur, Rajasthan 302013",,,4.5,302013,,Hotel,yes,,,,,https://hotelzz.in/property.html?id=the-velvet-mansion-jaipur-in04032
the-maharajas-cosy-jaipur-in04033,The Maharaja's Cosy Jaipur,Jaipur,jaipur,"318, Bani Park, near City Palace, Jaipur, Rajasthan 302039",,,4.7,302039,,Hotel,yes,,,,,https://hotelzz.in/property.html?id=the-maharajas-cosy-jaipur-in04033
the-maharajas-royal-jaipur-in04034,The Maharaja's Royal Jaipur,Jaipur,jaipur,"548, Vaishali Nagar, near City Palace, Jaipur, Rajasthan 302002",,,4.1,302002,,Hotel,yes,,,,,https://hotelzz.in/property.html?id=the-maharajas-royal-jaipur-in04034
wooden-heritage-inn-jaipur-in04035,Wooden Heritage Inn Jaipur,Jaipur,jaipur,"324, Vaishali Nagar, Pink City, Jaipur, Rajasthan 302001",,,4.7,302001,,Hotel,yes,,,,,https://hotelzz.in/property.html?id=wooden-heritage-inn-jaipur-in04035
marigold-manor-jaipur-in04036,Marigold Manor Jaipur,Jaipur,jaipur,"376, Bani Park, C-Scheme, Jaipur, Rajasthan 302039",,,4.2,302039,,Hotel,yes,,,,,https://hotelzz.in/property.html?id=marigold-manor-jaipur-in04036
wooden-haveli-jaipur-in04037,Wooden Haveli Jaipur,Jaipur,jaipur,"409, Malviya Nagar, Civil Lines, Jaipur, Rajasthan 302002",,,4.7,302002,,Hotel,yes,,,,,https://hotelzz.in/property.html?id=wooden-haveli-jaipur-in04037
indigo-haveli-jaipur-in04038,Indigo Haveli Jaipur,Jaipur,jaipur,"187, Amer Rd, C-Scheme, Jaipur, Rajasthan 302039",,,4.8,302039,,Hotel,yes,,,,,https://hotelzz.in/property.html?id=indigo-haveli-jaipur-in04038
regal-manor-jaipur-in04039,Regal Manor Jaipur,Jaipur,jaipur,"261, MI Road, Civil Lines, Jaipur, Rajasthan 302039",,,4.1,302039,,Hotel,yes,,,,,https://hotelzz.in/property.html?id=regal-manor-jaipur-in04039
royal-heritage-inn-jaipur-in04040,Royal Heritage Inn Jaipur,Jaipur,jaipur,"173, Vaishali Nagar, near City Palace, Jaipur, Rajasthan 302017",,,4.1,302017,,Hotel,yes,,,,,https://hotelzz.in/property.html?id=royal-heritage-inn-jaipur-in04040
aria-heritage-inn-jaipur-in04041,Aria Heritage Inn Jaipur,Jaipur,jaipur,"317, Tonk Rd, Bani Park, Jaipur, Rajasthan 302002",,,4.1,302002,,Hotel,yes,,,,,https://hotelzz.in/property.html?id=aria-heritage-inn-jaipur-in04041
azure-manor-jaipur-in04042,Azure Manor Jaipur,Jaipur,jaipur,"276, Jagatpura, Amer Road, Jaipur, Rajasthan 302017",,,4.6,302017,,Hotel,yes,,,,,https://hotelzz.in/property.html?id=azure-manor-jaipur-in04042
the-maharajas-heritage-jaipur-in04043,The Maharaja's Heritage Jaipur,Jaipur,jaipur,"303, Amer Rd, Amer Road, Jaipur, Rajasthan 302013",,,4.3,302013,,Hotel,yes,,,,,https://hotelzz.in/property.html?id=the-maharajas-heritage-jaipur-in04043
the-pearl-mansion-jaipur-in04044,The Pearl Mansion Jaipur,Jaipur,jaipur,"144, Amer Rd, near Hawa Mahal, Jaipur, Rajasthan 302001",,,4.6,302001,,Hotel,yes,,,,,https://hotelzz.in/property.html?id=the-pearl-mansion-jaipur-in04044
silver-manor-jaipur-in04045,Silver Manor Jaipur,Jaipur,jaipur,"35, Civil Lines, Amer Road, Jaipur, Rajasthan 302001",,,4.6,302001,,Hotel,yes,,,,,https://hotelzz.in/property.html?id=silver-manor-jaipur-in04045
emerald-niwas-boutique-jaipur-in04046,Emerald Niwas Boutique Jaipur,Jaipur,jaipur,"8, Amer Rd, C-Scheme, Jaipur, Rajasthan 302039",,,4.8,302039,,Hotel,yes,,,,,https://hotelzz.in/property.html?id=emerald-niwas-boutique-jaipur-in04046
the-maharajas-velvet-jaipur-in04047,The Maharaja's Velvet Jaipur,Jaipur,jaipur,"267, MI Road, Bani Park, Jaipur, Rajasthan 302002",,,4.9,302002,,Hotel,yes,,,,,https://hotelzz.in/property.html?id=the-maharajas-velvet-jaipur-in04047
aspen-haveli-jaipur-in04048,Aspen Haveli Jaipur,Jaipur,jaipur,"334, Tonk Rd, Pink City, Jaipur, Rajasthan 302039",,,4.3,302039,,Hotel,yes,,,,,https://hotelzz.in/property.html?id=aspen-haveli-jaipur-in04048
royal-manor-jaipur-in04049,Royal Manor Jaipur,Jaipur,jaipur,"118, Bani Park, near Hawa Mahal, Jaipur, Rajasthan 302017",,,4.1,302017,,Hotel,yes,,,,,https://hotelzz.in/property.html?id=royal-manor-jaipur-in04049
imperial-manor-jaipur-in04050,Imperial Manor Jaipur,Jaipur,jaipur,"520, Civil Lines, C-Scheme, Jaipur, Rajasthan 302039",,,4.2,302039,,Hotel,yes,,,,,https://hotelzz.in/property.html?id=imperial-manor-jaipur-in04050
velvet-manor-jaipur-in04051,Velvet Manor Jaipur,Jaipur,jaipur,"102, Civil Lines, near City Palace, Jaipur, Rajasthan 302013",,,4.7,302013,,Hotel,yes,,,,,https://hotelzz.in/property.html?id=velvet-manor-jaipur-in04051
hotel-imperial-palace-jaipur-in04052,Hotel Imperial Palace Jaipur,Jaipur,jaipur,"66, Amer Rd, Civil Lines, Jaipur, Rajasthan 302017",,,4.2,302017,,Hotel,yes,,,,,https://hotelzz.in/property.html?id=hotel-imperial-palace-jaipur-in04052
hotel-ocean-palace-jaipur-in04053,Hotel Ocean Palace Jaipur,Jaipur,jaipur,"37, Amer Rd, near City Palace, Jaipur, Rajasthan 302001",,,4.4,302001,,Hotel,yes,,,,,https://hotelzz.in/property.html?id=hotel-ocean-palace-jaipur-in04053
highland-niwas-boutique-jaipur-in04054,Highland Niwas Boutique Jaipur,Jaipur,jaipur,"492, Civil Lines, Amer Road, Jaipur, Rajasthan 302039",,,4.7,302039,,Hotel,yes,,,,,https://hotelzz.in/property.html?id=highland-niwas-boutique-jaipur-in04054
sunrise-heritage-inn-jaipur-in04055,Sunrise Heritage Inn Jaipur,Jaipur,jaipur,"386, Amer Rd, Bani Park, Jaipur, Rajasthan 302039",,,4.6,302039,,Hotel,yes,,,,,https://hotelzz.in/property.html?id=sunrise-heritage-inn-jaipur-in04055
aria-haveli-jaipur-in04056,Aria Haveli Jaipur,Jaipur,jaipur,"151, MI Road, Amer Road, Jaipur, Rajasthan 302017",,,4.1,302017,,Hotel,yes,,,,,https://hotelzz.in/property.html?id=aria-haveli-jaipur-in04056
highland-heritage-inn-jaipur-in04057,Highland Heritage Inn Jaipur,Jaipur,jaipur,"131, Bani Park, Civil Lines, Jaipur, Rajasthan 302017",,,4.5,302017,,Hotel,yes,,,,,https://hotelzz.in/property.html?id=highland-heritage-inn-jaipur-in04057
casa-heritage-inn-jaipur-in04058,Casa Heritage Inn Jaipur,Jaipur,jaipur,"12, Jagatpura, Bani Park, Jaipur, Rajasthan 302002",,,4.8,302002,,Hotel,yes,,,,,https://hotelzz.in/property.html?id=casa-heritage-inn-jaipur-in04058
the-maharajas-indigo-jaipur-in04059,The Maharaja's Indigo Jaipur,Jaipur,jaipur,"424, Jagatpura, Bani Park, Jaipur, Rajasthan 302001",,,4.6,302001,,Hotel,yes,,,,,https://hotelzz.in/property.html?id=the-maharajas-indigo-jaipur-in04059
maple-niwas-boutique-jaipur-in04060,Maple Niwas Boutique Jaipur,Jaipur,jaipur,"233, Bani Park, Pink City, Jaipur, Rajasthan 302001",,,4.8,302001,,Hotel,yes,,,,,https://hotelzz.in/property.html?id=maple-niwas-boutique-jaipur-in04060
whispering-heritage-inn-jaipur-in04061,Whispering Heritage Inn Jaipur,Jaipur,jaipur,"537, C-Scheme, C-Scheme, Jaipur, Rajasthan 302001",,,4.6,302001,,Hotel,yes,,,,,https://hotelzz.in/property.html?id=whispering-heritage-inn-jaipur-in04061
the-azure-mansion-jaipur-in04062,The Azure Mansion Jaipur,Jaipur,jaipur,"504, Bani Park, C-Scheme, Jaipur, Rajasthan 302002",,,4.7,302002,,Hotel,yes,,,,,https://hotelzz.in/property.html?id=the-azure-mansion-jaipur-in04062
heritage-manor-jaipur-in04063,Heritage Manor Jaipur,Jaipur,jaipur,"323, MI Road, Bani Park, Jaipur, Rajasthan 302039",,,4.5,302039,,Hotel,yes,,,,,https://hotelzz.in/property.html?id=heritage-manor-jaipur-in04063
heritage-niwas-boutique-jaipur-in04064,Heritage Niwas Boutique Jaipur,Jaipur,jaipur,"104, Bani Park, near City Palace, Jaipur, Rajasthan 302002",,,4.8,302002,,Hotel,yes,,,,,https://hotelzz.in/property.html?id=heritage-niwas-boutique-jaipur-in04064
marigold-haveli-jaipur-65-in04065,Marigold Haveli Jaipur 65,Jaipur,jaipur,"236, Jagatpura, Amer Road, Jaipur, Rajasthan 302039",,,4.5,302039,,Hotel,yes,,,,,https://hotelzz.in/property.html?id=marigold-haveli-jaipur-65-in04065
royal-niwas-boutique-jaipur-in04066,Royal Niwas Boutique Jaipur,Jaipur,jaipur,"498, C-Scheme, Pink City, Jaipur, Rajasthan 302017",,,4.5,302017,,Hotel,yes,,,,,https://hotelzz.in/property.html?id=royal-niwas-boutique-jaipur-in04066
casa-niwas-boutique-jaipur-in04067,Casa Niwas Boutique Jaipur,Jaipur,jaipur,"177, Tonk Rd, C-Scheme, Jaipur, Rajasthan 302039",,,4.8,302039,,Hotel,yes,,,,,https://hotelzz.in/property.html?id=casa-niwas-boutique-jaipur-in04067
heritage-heritage-inn-jaipur-in04068,Heritage Heritage Inn Jaipur,Jaipur,jaipur,"397, C-Scheme, Pink City, Jaipur, Rajasthan 302002",,,4.9,302002,,Hotel,yes,,,,,https://hotelzz.in/property.html?id=heritage-heritage-inn-jaipur-in04068
hotel-aspen-palace-jaipur-in04069,Hotel Aspen Palace Jaipur,Jaipur,jaipur,"231, Malviya Nagar, near Hawa Mahal, Jaipur, Rajasthan 302017",,,4.2,302017,,Hotel,yes,,,,,https://hotelzz.in/property.html?id=hotel-aspen-palace-jaipur-in04069
azure-heritage-inn-jaipur-in04070,Azure Heritage Inn Jaipur,Jaipur,jaipur,"198, Civil Lines, near Hawa Mahal, Jaipur, Rajasthan 302039",,,4.2,302039,,Hotel,yes,,,,,https://hotelzz.in/property.html?id=azure-heritage-inn-jaipur-in04070
hotel-velvet-palace-jaipur-in04071,Hotel Velvet Palace Jaipur,Jaipur,jaipur,"381, MI Road, Pink City, Jaipur, Rajasthan 302002",,,4.0,302002,,Hotel,yes,,,,,https://hotelzz.in/property.html?id=hotel-velvet-palace-jaipur-in04071
crystal-niwas-boutique-jaipur-in04072,Crystal Niwas Boutique Jaipur,Jaipur,jaipur,"5, MI Road, Amer Road, Jaipur, Rajasthan 302002",,,4.1,302002,,Hotel,yes,,,,,https://hotelzz.in/property.html?id=crystal-niwas-boutique-jaipur-in04072
hotel-azure-palace-jaipur-in04073,Hotel Azure Palace Jaipur,Jaipur,jaipur,"89, Civil Lines, near Hawa Mahal, Jaipur, Rajasthan 302002",,,4.6,302002,,Hotel,yes,,,,,https://hotelzz.in/property.html?id=hotel-azure-palace-jaipur-in04073
the-maharajas-casa-jaipur-in04074,The Maharaja's Casa Jaipur,Jaipur,jaipur,"47, Tonk Rd, C-Scheme, Jaipur, Rajasthan 302001",,,4.5,302001,,Hotel,yes,,,,,https://hotelzz.in/property.html?id=the-maharajas-casa-jaipur-in04074
saffron-haveli-jaipur-in04075,Saffron Haveli Jaipur,Jaipur,jaipur,"487, Jagatpura, C-Scheme, Jaipur, Rajasthan 302013",,,4.8,302013,,Hotel,yes,,,,,https://hotelzz.in/property.html?id=saffron-haveli-jaipur-in04075
the-tranquil-mansion-jaipur-in04076,The Tranquil Mansion Jaipur,Jaipur,jaipur,"34, Jagatpura, C-Scheme, Jaipur, Rajasthan 302013",,,4.3,302013,,Hotel,yes,,,,,https://hotelzz.in/property.html?id=the-tranquil-mansion-jaipur-in04076
the-maharajas-aurora-jaipur-in04077,The Maharaja's Aurora Jaipur,Jaipur,jaipur,"294, Jagatpura, Pink City, Jaipur, Rajasthan 302002",,,4.8,302002,,Hotel,yes,,,,,https://hotelzz.in/property.html?id=the-maharajas-aurora-jaipur-in04077
crystal-heritage-inn-jaipur-in04078,Crystal Heritage Inn Jaipur,Jaipur,jaipur,"57, C-Scheme, Bani Park, Jaipur, Rajasthan 302001",,,4.1,302001,,Hotel,yes,,,,,https://hotelzz.in/property.html?id=crystal-heritage-inn-jaipur-in04078
the-saffron-mansion-jaipur-in04079,The Saffron Mansion Jaipur,Jaipur,jaipur,"555, C-Scheme, Civil Lines, Jaipur, Rajasthan 302001",,,4.1,302001,,Hotel,yes,,,,,https://hotelzz.in/property.html?id=the-saffron-mansion-jaipur-in04079
the-maharajas-crown-jaipur-in04080,The Maharaja's Crown Jaipur,Jaipur,jaipur,"98, Malviya Nagar, Pink City, Jaipur, Rajasthan 302039",,,4.5,302039,,Hotel,yes,,,,,https://hotelzz.in/property.html?id=the-maharajas-crown-jaipur-in04080
crystal-haveli-jaipur-in04081,Crystal Haveli Jaipur,Jaipur,jaipur,"547, Jagatpura, Amer Road, Jaipur, Rajasthan 302002",,,4.7,302002,,Hotel,yes,,,,,https://hotelzz.in/property.html?id=crystal-haveli-jaipur-in04081
ocean-manor-jaipur-in04082,Ocean Manor Jaipur,Jaipur,jaipur,"161, Bani Park, Amer Road, Jaipur, Rajasthan 302013",,,4.7,302013,,Hotel,yes,,,,,https://hotelzz.in/property.html?id=ocean-manor-jaipur-in04082
tranquil-haveli-jaipur-in04083,Tranquil Haveli Jaipur,Jaipur,jaipur,"439, MI Road, near Hawa Mahal, Jaipur, Rajasthan 302013",,,4.2,302013,,Hotel,yes,,,,,https://hotelzz.in/property.html?id=tranquil-haveli-jaipur-in04083
the-marigold-mansion-jaipur-in04084,The Marigold Mansion Jaipur,Jaipur,jaipur,"461, C-Scheme, Amer Road, Jaipur, Rajasthan 302013",,,4.7,302013,,Hotel,yes,,,,,https://hotelzz.in/property.html?id=the-marigold-mansion-jaipur-in04084
hotel-vintage-palace-jaipur-in04085,Hotel Vintage Palace Jaipur,Jaipur,jaipur,"572, Civil Lines, Civil Lines, Jaipur, Rajasthan 302017",,,4.8,302017,,Hotel,yes,,,,,https://hotelzz.in/property.html?id=hotel-vintage-palace-jaipur-in04085
hotel-highland-palace-jaipur-in04086,Hotel Highland Palace Jaipur,Jaipur,jaipur,"165, C-Scheme, Amer Road, Jaipur, Rajasthan 302017",,,4.6,302017,,Hotel,yes,,,,,https://hotelzz.in/property.html?id=hotel-highland-palace-jaipur-in04086
highland-manor-jaipur-in04087,Highland Manor Jaipur,Jaipur,jaipur,"582, C-Scheme, Pink City, Jaipur, Rajasthan 302017",,,4.6,302017,,Hotel,yes,,,,,https://hotelzz.in/property.html?id=highland-manor-jaipur-in04087
the-orchid-mansion-jaipur-in04088,The Orchid Mansion Jaipur,Jaipur,jaipur,"37, Civil Lines, near Hawa Mahal, Jaipur, Rajasthan 302013",,,4.9,302013,,Hotel,yes,,,,,https://hotelzz.in/property.html?id=the-orchid-mansion-jaipur-in04088
hotel-whispering-palace-jaipur-in04089,Hotel Whispering Palace Jaipur,Jaipur,jaipur,"96, C-Scheme, Pink City, Jaipur, Rajasthan 302013",,,4.2,302013,,Hotel,yes,,,,,https://hotelzz.in/property.html?id=hotel-whispering-palace-jaipur-in04089
the-maharajas-orchid-jaipur-in04090,The Maharaja's Orchid Jaipur,Jaipur,jaipur,"280, Bani Park, Bani Park, Jaipur, Rajasthan 302017",,,4.1,302017,,Hotel,yes,,,,,https://hotelzz.in/property.html?id=the-maharajas-orchid-jaipur-in04090
aurora-heritage-inn-jaipur-in04091,Aurora Heritage Inn Jaipur,Jaipur,jaipur,"95, MI Road, Civil Lines, Jaipur, Rajasthan 302001",,,4.5,302001,,Hotel,yes,,,,,https://hotelzz.in/property.html?id=aurora-heritage-inn-jaipur-in04091
maple-haveli-jaipur-in04092,Maple Haveli Jaipur,Jaipur,jaipur,"189, Malviya Nagar, Amer Road, Jaipur, Rajasthan 302013",,,4.0,302013,,Hotel,yes,,,,,https://hotelzz.in/property.html?id=maple-haveli-jaipur-in04092
serene-niwas-boutique-jaipur-in04093,Serene Niwas Boutique Jaipur,Jaipur,jaipur,"403, Jagatpura, Amer Road, Jaipur, Rajasthan 302002",,,4.1,302002,,Hotel,yes,,,,,https://hotelzz.in/property.html?id=serene-niwas-boutique-jaipur-in04093
the-serene-mansion-jaipur-in04094,The Serene Mansion Jaipur,Jaipur,jaipur,"145, Bani Park, Pink City, Jaipur, Rajasthan 302039",,,4.6,302039,,Hotel,yes,,,,,https://hotelzz.in/property.html?id=the-serene-mansion-jaipur-in04094
pearl-heritage-inn-jaipur-in04095,Pearl Heritage Inn Jaipur,Jaipur,jaipur,"80, Vaishali Nagar, Bani Park, Jaipur, Rajasthan 302013",,,4.9,302013,,Hotel,yes,,,,,https://hotelzz.in/property.html?id=pearl-heritage-inn-jaipur-in04095
the-maharajas-pearl-jaipur-in04096,The Maharaja's Pearl Jaipur,Jaipur,jaipur,"579, Malviya Nagar, Pink City, Jaipur, Rajasthan 302002",,,4.0,302002,,Hotel,yes,,,,,https://hotelzz.in/property.html?id=the-maharajas-pearl-jaipur-in04096
the-maharajas-crystal-jaipur-in04097,The Maharaja's Crystal Jaipur,Jaipur,jaipur,"509, Malviya Nagar, Amer Road, Jaipur, Rajasthan 302001",,,4.2,302001,,Hotel,yes,,,,,https://hotelzz.in/property.html?id=the-maharajas-crystal-jaipur-in04097
the-maharajas-aspen-jaipur-in04098,The Maharaja's Aspen Jaipur,Jaipur,jaipur,"196, Tonk Rd, Bani Park, Jaipur, Rajasthan 302001",,,4.6,302001,,Hotel,yes,,,,,https://hotelzz.in/property.html?id=the-maharajas-aspen-jaipur-in04098
the-maharajas-whispering-jaipur-in04099,The Maharaja's Whispering Jaipur,Jaipur,jaipur,"424, Civil Lines, Pink City, Jaipur, Rajasthan 302002",,,4.6,302002,,Hotel,yes,,,,,https://hotelzz.in/property.html?id=the-maharajas-whispering-jaipur-in04099
silver-niwas-boutique-jaipur-in04100,Silver Niwas Boutique Jaipur,Jaipur,jaipur,"120, MI Road, Amer Road, Jaipur, Rajasthan 302013",,,4.8,302013,,Hotel,yes,,,,,https://hotelzz.in/property.html?id=silver-niwas-boutique-jaipur-in04100
skyline-suites-delhi-in04101,Skyline Suites Delhi,Delhi,delhi,"545, Hauz Khas, Karol Bagh, Delhi, Delhi 110057",,,4.3,110057,,Hotel,yes,,,,,https://hotelzz.in/property.html?id=skyline-suites-delhi-in04101
delhi-highland-suites-in04102,Delhi Highland Suites,Delhi,delhi,"12, Aerocity, near Saket, Delhi, Delhi 110034",,,4.2,110034,,Hotel,yes,,,,,https://hotelzz.in/property.html?id=delhi-highland-suites-in04102
hotel-serene-delhi-in04103,Hotel Serene Delhi,Delhi,delhi,"521, Mahipalpur, near Saket, Delhi, Delhi 110024",,,4.2,110024,,Hotel,yes,,,,,https://hotelzz.in/property.html?id=hotel-serene-delhi-in04103
comfort-stays-delhi-in04104,Comfort Stays Delhi,Delhi,delhi,"538, Karol Bagh, South Delhi, Delhi, Delhi 110024",,,4.7,110024,,Hotel,yes,,,,,https://hotelzz.in/property.html?id=comfort-stays-delhi-in04104
urban-stay-delhi-in04105,Urban Stay Delhi,Delhi,delhi,"449, Defence Colony, near IGI Airport, Delhi, Delhi 110034",,,4.7,110034,,Hotel,yes,,,,,https://hotelzz.in/property.html?id=urban-stay-delhi-in04105
the-delhi-boutique-in04106,The Delhi Boutique,Delhi,delhi,"550, Connaught Place, near Saket, Delhi, Delhi 110001",,,4.3,110001,,Hotel,yes,,,,,https://hotelzz.in/property.html?id=the-delhi-boutique-in04106
delhi-azure-suites-in04107,Delhi Azure Suites,Delhi,delhi,"106, Aerocity, Karol Bagh, Delhi, Delhi 110057",,,4.3,110057,,Hotel,yes,,,,,https://hotelzz.in/property.html?id=delhi-azure-suites-in04107
crown-delhi-hotel-in04108,Crown Delhi Hotel,Delhi,delhi,"14, Mahipalpur, near Connaught Place, Delhi, Delhi 110001",,,4.7,110001,,Hotel,yes,,,,,https://hotelzz.in/property.html?id=crown-delhi-hotel-in04108
emerald-service-apartments-delhi-in04109,Emerald Service Apartments Delhi,Delhi,delhi,"227, Hauz Khas, Paharganj, Delhi, Delhi 110017",,,4.7,110017,,Hotel,yes,,,,,https://hotelzz.in/property.html?id=emerald-service-apartments-delhi-in04109
the-delhi-loft-in04110,The Delhi Loft,Delhi,delhi,"73, South Extension, near IGI Airport, Delhi, Delhi 110057",,,4.0,110057,,Hotel,yes,,,,,https://hotelzz.in/property.html?id=the-delhi-loft-in04110
heritage-inn-delhi-in04111,Heritage Inn Delhi,Delhi,delhi,"513, Connaught Place, near Connaught Place, Delhi, Delhi 110017",,,4.4,110017,,Hotel,yes,,,,,https://hotelzz.in/property.html?id=heritage-inn-delhi-in04111
delhi-premier-inn-in04112,Delhi Premier Inn,Delhi,delhi,"7, Saket, near IGI Airport, Delhi, Delhi 110001",,,4.0,110001,,Hotel,yes,,,,,https://hotelzz.in/property.html?id=delhi-premier-inn-in04112
cosmo-inn-delhi-in04113,Cosmo Inn Delhi,Delhi,delhi,"365, Connaught Place, near IGI Airport, Delhi, Delhi 110057",,,4.3,110057,,Hotel,yes,,,,,https://hotelzz.in/property.html?id=cosmo-inn-delhi-in04113
hotel-regal-delhi-in04114,Hotel Regal Delhi,Delhi,delhi,"555, Saket, South Delhi, Delhi, Delhi 110023",,,4.7,110023,,Hotel,yes,,,,,https://hotelzz.in/property.html?id=hotel-regal-delhi-in04114
hotel-aria-delhi-in04115,Hotel Aria Delhi,Delhi,delhi,"255, Karol Bagh, Karol Bagh, Delhi, Delhi 110023",,,4.6,110023,,Hotel,yes,,,,,https://hotelzz.in/property.html?id=hotel-aria-delhi-in04115
emerald-inn-delhi-in04116,Emerald Inn Delhi,Delhi,delhi,"472, Saket, near Saket, Delhi, Delhi 110057",,,4.0,110057,,Hotel,yes,,,,,https://hotelzz.in/property.html?id=emerald-inn-delhi-in04116
crystal-business-hotel-delhi-in04117,Crystal Business Hotel Delhi,Delhi,delhi,"313, Paharganj, Paharganj, Delhi, Delhi 110017",,,4.3,110017,,Hotel,yes,,,,,https://hotelzz.in/property.html?id=crystal-business-hotel-delhi-in04117
hotel-delhi-plaza-in04118,Hotel Delhi Plaza,Delhi,delhi,"141, Hauz Khas, near IGI Airport, Delhi, Delhi 110001",,,4.8,110001,,Hotel,yes,,,,,https://hotelzz.in/property.html?id=hotel-delhi-plaza-in04118
delhi-orchid-suites-in04119,Delhi Orchid Suites,Delhi,delhi,"68, Defence Colony, Paharganj, Delhi, Delhi 110023",,,4.7,110023,,Hotel,yes,,,,,https://hotelzz.in/property.html?id=delhi-orchid-suites-in04119
aspen-business-hotel-delhi-in04120,Aspen Business Hotel Delhi,Delhi,delhi,"520, Saket, Karol Bagh, Delhi, Delhi 110057",,,4.8,110057,,Hotel,yes,,,,,https://hotelzz.in/property.html?id=aspen-business-hotel-delhi-in04120
crystal-service-apartments-delhi-in04121,Crystal Service Apartments Delhi,Delhi,delhi,"523, Paharganj, near Connaught Place, Delhi, Delhi 110024",,,4.5,110024,,Hotel,yes,,,,,https://hotelzz.in/property.html?id=crystal-service-apartments-delhi-in04121
regal-business-hotel-delhi-in04122,Regal Business Hotel Delhi,Delhi,delhi,"20, Paharganj, near Saket, Delhi, Delhi 110023",,,4.2,110023,,Hotel,yes,,,,,https://hotelzz.in/property.html?id=regal-business-hotel-delhi-in04122
marigold-inn-delhi-in04123,Marigold Inn Delhi,Delhi,delhi,"334, Defence Colony, near IGI Airport, Delhi, Delhi 110024",,,4.3,110024,,Hotel,yes,,,,,https://hotelzz.in/property.html?id=marigold-inn-delhi-in04123
tranquil-business-hotel-delhi-in04124,Tranquil Business Hotel Delhi,Delhi,delhi,"366, Connaught Place, Paharganj, Delhi, Delhi 110001",,,4.3,110001,,Hotel,yes,,,,,https://hotelzz.in/property.html?id=tranquil-business-hotel-delhi-in04124
delhi-wooden-suites-in04125,Delhi Wooden Suites,Delhi,delhi,"280, South Extension, near IGI Airport, Delhi, Delhi 110057",,,4.3,110057,,Hotel,yes,,,,,https://hotelzz.in/property.html?id=delhi-wooden-suites-in04125
delhi-heritage-suites-in04126,Delhi Heritage Suites,Delhi,delhi,"155, Paharganj, Paharganj, Delhi, Delhi 110057",,,4.2,110057,,Hotel,yes,,,,,https://hotelzz.in/property.html?id=delhi-heritage-suites-in04126
hotel-aurora-delhi-in04127,Hotel Aurora Delhi,Delhi,delhi,"47, Paharganj, near Saket, Delhi, Delhi 110001",,,4.3,110001,,Hotel,yes,,,,,https://hotelzz.in/property.html?id=hotel-aurora-delhi-in04127
saffron-service-apartments-delhi-in04128,Saffron Service Apartments Delhi,Delhi,delhi,"543, Mahipalpur, near IGI Airport, Delhi, Delhi 110001",,,4.4,110001,,Hotel,yes,,,,,https://hotelzz.in/property.html?id=saffron-service-apartments-delhi-in04128
delhi-crown-suites-in04129,Delhi Crown Suites,Delhi,delhi,"112, Aerocity, near Connaught Place, Delhi, Delhi 110034",,,4.4,110034,,Hotel,yes,,,,,https://hotelzz.in/property.html?id=delhi-crown-suites-in04129
hotel-casa-delhi-in04130,Hotel Casa Delhi,Delhi,delhi,"86, Saket, near IGI Airport, Delhi, Delhi 110057",,,4.9,110057,,Hotel,yes,,,,,https://hotelzz.in/property.html?id=hotel-casa-delhi-in04130
imperial-business-hotel-delhi-in04131,Imperial Business Hotel Delhi,Delhi,delhi,"598, Saket, Karol Bagh, Delhi, Delhi 110024",,,4.1,110024,,Hotel,yes,,,,,https://hotelzz.in/property.html?id=imperial-business-hotel-delhi-in04131
misty-business-hotel-delhi-in04132,Misty Business Hotel Delhi,Delhi,delhi,"297, Hauz Khas, near Connaught Place, Delhi, Delhi 110023",,,4.6,110023,,Hotel,yes,,,,,https://hotelzz.in/property.html?id=misty-business-hotel-delhi-in04132
hotel-marigold-delhi-in04133,Hotel Marigold Delhi,Delhi,delhi,"346, Mahipalpur, Karol Bagh, Delhi, Delhi 110001",,,4.8,110001,,Hotel,yes,,,,,https://hotelzz.in/property.html?id=hotel-marigold-delhi-in04133
highland-service-apartments-delhi-in04134,Highland Service Apartments Delhi,Delhi,delhi,"294, Defence Colony, near Saket, Delhi, Delhi 110034",,,4.3,110034,,Hotel,yes,,,,,https://hotelzz.in/property.html?id=highland-service-apartments-delhi-in04134
delhi-crystal-suites-in04135,Delhi Crystal Suites,Delhi,delhi,"196, South Extension, Karol Bagh, Delhi, Delhi 110017",,,4.3,110017,,Hotel,yes,,,,,https://hotelzz.in/property.html?id=delhi-crystal-suites-in04135
hotel-heritage-delhi-in04136,Hotel Heritage Delhi,Delhi,delhi,"160, Aerocity, Karol Bagh, Delhi, Delhi 110001",,,4.4,110001,,Hotel,yes,,,,,https://hotelzz.in/property.html?id=hotel-heritage-delhi-in04136
aria-business-hotel-delhi-in04137,Aria Business Hotel Delhi,Delhi,delhi,"89, Paharganj, Paharganj, Delhi, Delhi 110034",,,4.6,110034,,Hotel,yes,,,,,https://hotelzz.in/property.html?id=aria-business-hotel-delhi-in04137
hotel-saffron-delhi-in04138,Hotel Saffron Delhi,Delhi,delhi,"559, Defence Colony, Paharganj, Delhi, Delhi 110057",,,4.0,110057,,Hotel,yes,,,,,https://hotelzz.in/property.html?id=hotel-saffron-delhi-in04138
aurora-inn-delhi-in04139,Aurora Inn Delhi,Delhi,delhi,"470, Paharganj, near IGI Airport, Delhi, Delhi 110023",,,4.7,110023,,Hotel,yes,,,,,https://hotelzz.in/property.html?id=aurora-inn-delhi-in04139
heritage-service-apartments-delhi-in04140,Heritage Service Apartments Delhi,Delhi,delhi,"312, Aerocity, near IGI Airport, Delhi, Delhi 110034",,,4.3,110034,,Hotel,yes,,,,,https://hotelzz.in/property.html?id=heritage-service-apartments-delhi-in04140
silver-business-hotel-delhi-in04141,Silver Business Hotel Delhi,Delhi,delhi,"170, Connaught Place, near Saket, Delhi, Delhi 110057",,,4.5,110057,,Hotel,yes,,,,,https://hotelzz.in/property.html?id=silver-business-hotel-delhi-in04141
maple-business-hotel-delhi-in04142,Maple Business Hotel Delhi,Delhi,delhi,"595, South Extension, near Connaught Place, Delhi, Delhi 110023",,,4.3,110023,,Hotel,yes,,,,,https://hotelzz.in/property.html?id=maple-business-hotel-delhi-in04142
delhi-ocean-suites-in04143,Delhi Ocean Suites,Delhi,delhi,"477, Paharganj, Karol Bagh, Delhi, Delhi 110001",,,4.6,110001,,Hotel,yes,,,,,https://hotelzz.in/property.html?id=delhi-ocean-suites-in04143
hotel-sunrise-delhi-in04144,Hotel Sunrise Delhi,Delhi,delhi,"589, Connaught Place, Karol Bagh, Delhi, Delhi 110023",,,4.5,110023,,Hotel,yes,,,,,https://hotelzz.in/property.html?id=hotel-sunrise-delhi-in04144
delhi-royal-suites-in04145,Delhi Royal Suites,Delhi,delhi,"155, Connaught Place, Paharganj, Delhi, Delhi 110049",,,4.7,110049,,Hotel,yes,,,,,https://hotelzz.in/property.html?id=delhi-royal-suites-in04145
hotel-velvet-delhi-in04146,Hotel Velvet Delhi,Delhi,delhi,"339, Paharganj, Karol Bagh, Delhi, Delhi 110024",,,4.5,110024,,Hotel,yes,,,,,https://hotelzz.in/property.html?id=hotel-velvet-delhi-in04146
delhi-misty-suites-in04147,Delhi Misty Suites,Delhi,delhi,"341, Mahipalpur, near IGI Airport, Delhi, Delhi 110017",,,4.5,110017,,Hotel,yes,,,,,https://hotelzz.in/property.html?id=delhi-misty-suites-in04147
tranquil-inn-delhi-in04148,Tranquil Inn Delhi,Delhi,delhi,"28, Defence Colony, Karol Bagh, Delhi, Delhi 110034",,,4.4,110034,,Hotel,yes,,,,,https://hotelzz.in/property.html?id=tranquil-inn-delhi-in04148
hotel-pearl-delhi-in04149,Hotel Pearl Delhi,Delhi,delhi,"377, Karol Bagh, near IGI Airport, Delhi, Delhi 110017",,,4.8,110017,,Hotel,yes,,,,,https://hotelzz.in/property.html?id=hotel-pearl-delhi-in04149
azure-business-hotel-delhi-in04150,Azure Business Hotel Delhi,Delhi,delhi,"241, Aerocity, near Connaught Place, Delhi, Delhi 110001",,,4.1,110001,,Hotel,yes,,,,,https://hotelzz.in/property.html?id=azure-business-hotel-delhi-in04150
misty-service-apartments-delhi-in04151,Misty Service Apartments Delhi,Delhi,delhi,"487, Connaught Place, South Delhi, Delhi, Delhi 110017",,,4.3,110017,,Hotel,yes,,,,,https://hotelzz.in/property.html?id=misty-service-apartments-delhi-in04151
delhi-casa-suites-in04152,Delhi Casa Suites,Delhi,delhi,"74, Defence Colony, South Delhi, Delhi, Delhi 110034",,,4.5,110034,,Hotel,yes,,,,,https://hotelzz.in/property.html?id=delhi-casa-suites-in04152
royal-business-hotel-delhi-in04153,Royal Business Hotel Delhi,Delhi,delhi,"409, South Extension, South Delhi, Delhi, Delhi 110023",,,4.9,110023,,Hotel,yes,,,,,https://hotelzz.in/property.html?id=royal-business-hotel-delhi-in04153
delhi-aurora-suites-in04154,Delhi Aurora Suites,Delhi,delhi,"134, Aerocity, near Connaught Place, Delhi, Delhi 110023",,,4.4,110023,,Hotel,yes,,,,,https://hotelzz.in/property.html?id=delhi-aurora-suites-in04154
cosy-service-apartments-delhi-in04155,Cosy Service Apartments Delhi,Delhi,delhi,"239, South Extension, near IGI Airport, Delhi, Delhi 110049",,,4.7,110049,,Hotel,yes,,,,,https://hotelzz.in/property.html?id=cosy-service-apartments-delhi-in04155
misty-inn-delhi-in04156,Misty Inn Delhi,Delhi,delhi,"132, Aerocity, near Saket, Delhi, Delhi 110023",,,4.3,110023,,Hotel,yes,,,,,https://hotelzz.in/property.html?id=misty-inn-delhi-in04156
hotel-aspen-delhi-in04157,Hotel Aspen Delhi,Delhi,delhi,"426, Mahipalpur, near IGI Airport, Delhi, Delhi 110034",,,4.6,110034,,Hotel,yes,,,,,https://hotelzz.in/property.html?id=hotel-aspen-delhi-in04157
serene-inn-delhi-in04158,Serene Inn Delhi,Delhi,delhi,"425, Mahipalpur, South Delhi, Delhi, Delhi 110017",,,4.5,110017,,Hotel,yes,,,,,https://hotelzz.in/property.html?id=serene-inn-delhi-in04158
indigo-service-apartments-delhi-in04159,Indigo Service Apartments Delhi,Delhi,delhi,"471, South Extension, near IGI Airport, Delhi, Delhi 110057",,,4.3,110057,,Hotel,yes,,,,,https://hotelzz.in/property.html?id=indigo-service-apartments-delhi-in04159
aria-service-apartments-delhi-in04160,Aria Service Apartments Delhi,Delhi,delhi,"90, Karol Bagh, near IGI Airport, Delhi, Delhi 110023",,,4.1,110023,,Hotel,yes,,,,,https://hotelzz.in/property.html?id=aria-service-apartments-delhi-in04160
ocean-inn-delhi-in04161,Ocean Inn Delhi,Delhi,delhi,"141, Karol Bagh, near Saket, Delhi, Delhi 110057",,,4.1,110057,,Hotel,yes,,,,,https://hotelzz.in/property.html?id=ocean-inn-delhi-in04161
delhi-imperial-suites-in04162,Delhi Imperial Suites,Delhi,delhi,"506, South Extension, South Delhi, Delhi, Delhi 110034",,,4.5,110034,,Hotel,yes,,,,,https://hotelzz.in/property.html?id=delhi-imperial-suites-in04162
maple-inn-delhi-in04163,Maple Inn Delhi,Delhi,delhi,"398, Karol Bagh, near Connaught Place, Delhi, Delhi 110001",,,4.2,110001,,Hotel,yes,,,,,https://hotelzz.in/property.html?id=maple-inn-delhi-in04163
casa-service-apartments-delhi-in04164,Casa Service Apartments Delhi,Delhi,delhi,"490, Karol Bagh, near IGI Airport, Delhi, Delhi 110017",,,4.9,110017,,Hotel,yes,,,,,https://hotelzz.in/property.html?id=casa-service-apartments-delhi-in04164
serene-service-apartments-delhi-in04165,Serene Service Apartments Delhi,Delhi,delhi,"586, South Extension, near Connaught Place, Delhi, Delhi 110023",,,4.1,110023,,Hotel,yes,,,,,https://hotelzz.in/property.html?id=serene-service-apartments-delhi-in04165
silver-inn-delhi-in04166,Silver Inn Delhi,Delhi,delhi,"560, Hauz Khas, South Delhi, Delhi, Delhi 110024",,,4.7,110024,,Hotel,yes,,,,,https://hotelzz.in/property.html?id=silver-inn-delhi-in04166
hotel-orchid-delhi-in04167,Hotel Orchid Delhi,Delhi,delhi,"332, Aerocity, near Saket, Delhi, Delhi 110034",,,4.0,110034,,Hotel,yes,,,,,https://hotelzz.in/property.html?id=hotel-orchid-delhi-in04167
hotel-emerald-delhi-in04168,Hotel Emerald Delhi,Delhi,delhi,"320, Defence Colony, near IGI Airport, Delhi, Delhi 110017",,,4.2,110017,,Hotel,yes,,,,,https://hotelzz.in/property.html?id=hotel-emerald-delhi-in04168
hotel-sapphire-delhi-in04169,Hotel Sapphire Delhi,Delhi,delhi,"87, Paharganj, South Delhi, Delhi, Delhi 110057",,,4.8,110057,,Hotel,yes,,,,,https://hotelzz.in/property.html?id=hotel-sapphire-delhi-in04169
casa-inn-delhi-in04170,Casa Inn Delhi,Delhi,delhi,"521, Hauz Khas, Paharganj, Delhi, Delhi 110057",,,4.9,110057,,Hotel,yes,,,,,https://hotelzz.in/property.html?id=casa-inn-delhi-in04170
delhi-aspen-suites-in04171,Delhi Aspen Suites,Delhi,delhi,"435, Aerocity, Paharganj, Delhi, Delhi 110034",,,4.3,110034,,Hotel,yes,,,,,https://hotelzz.in/property.html?id=delhi-aspen-suites-in04171
highland-business-hotel-delhi-in04172,Highland Business Hotel Delhi,Delhi,delhi,"468, Paharganj, near IGI Airport, Delhi, Delhi 110034",,,4.7,110034,,Hotel,yes,,,,,https://hotelzz.in/property.html?id=highland-business-hotel-delhi-in04172
delhi-whispering-suites-in04173,Delhi Whispering Suites,Delhi,delhi,"79, Mahipalpur, near IGI Airport, Delhi, Delhi 110023",,,4.1,110023,,Hotel,yes,,,,,https://hotelzz.in/property.html?id=delhi-whispering-suites-in04173
sunrise-inn-delhi-in04174,Sunrise Inn Delhi,Delhi,delhi,"14, Karol Bagh, South Delhi, Delhi, Delhi 110023",,,4.8,110023,,Hotel,yes,,,,,https://hotelzz.in/property.html?id=sunrise-inn-delhi-in04174
hotel-imperial-delhi-in04175,Hotel Imperial Delhi,Delhi,delhi,"509, Defence Colony, near Connaught Place, Delhi, Delhi 110001",,,4.9,110001,,Hotel,yes,,,,,https://hotelzz.in/property.html?id=hotel-imperial-delhi-in04175
sunrise-service-apartments-delhi-in04176,Sunrise Service Apartments Delhi,Delhi,delhi,"214, Defence Colony, near Saket, Delhi, Delhi 110001",,,4.2,110001,,Hotel,yes,,,,,https://hotelzz.in/property.html?id=sunrise-service-apartments-delhi-in04176
crown-service-apartments-delhi-in04177,Crown Service Apartments Delhi,Delhi,delhi,"588, Mahipalpur, Karol Bagh, Delhi, Delhi 110024",,,4.8,110024,,Hotel,yes,,,,,https://hotelzz.in/property.html?id=crown-service-apartments-delhi-in04177
hotel-maple-delhi-in04178,Hotel Maple Delhi,Delhi,delhi,"375, South Extension, Paharganj, Delhi, Delhi 110034",,,4.7,110034,,Hotel,yes,,,,,https://hotelzz.in/property.html?id=hotel-maple-delhi-in04178
serene-business-hotel-delhi-in04179,Serene Business Hotel Delhi,Delhi,delhi,"136, South Extension, near IGI Airport, Delhi, Delhi 110057",,,4.6,110057,,Hotel,yes,,,,,https://hotelzz.in/property.html?id=serene-business-hotel-delhi-in04179
emerald-business-hotel-delhi-in04180,Emerald Business Hotel Delhi,Delhi,delhi,"14, Paharganj, near Saket, Delhi, Delhi 110024",,,4.2,110024,,Hotel,yes,,,,,https://hotelzz.in/property.html?id=emerald-business-hotel-delhi-in04180
delhi-aria-suites-in04181,Delhi Aria Suites,Delhi,delhi,"78, Connaught Place, near IGI Airport, Delhi, Delhi 110034",,,4.3,110034,,Hotel,yes,,,,,https://hotelzz.in/property.html?id=delhi-aria-suites-in04181
alpine-business-hotel-delhi-in04182,Alpine Business Hotel Delhi,Delhi,delhi,"129, South Extension, Paharganj, Delhi, Delhi 110017",,,4.4,110017,,Hotel,yes,,,,,https://hotelzz.in/property.html?id=alpine-business-hotel-delhi-in04182
cosy-business-hotel-delhi-in04183,Cosy Business Hotel Delhi,Delhi,delhi,"346, Aerocity, near Connaught Place, Delhi, Delhi 110057",,,4.3,110057,,Hotel,yes,,,,,https://hotelzz.in/property.html?id=cosy-business-hotel-delhi-in04183
delhi-cosy-suites-in04184,Delhi Cosy Suites,Delhi,delhi,"435, Saket, near IGI Airport, Delhi, Delhi 110034",,,4.3,110034,,Hotel,yes,,,,,https://hotelzz.in/property.html?id=delhi-cosy-suites-in04184
imperial-inn-delhi-in04185,Imperial Inn Delhi,Delhi,delhi,"166, South Extension, South Delhi, Delhi, Delhi 110057",,,4.7,110057,,Hotel,yes,,,,,https://hotelzz.in/property.html?id=imperial-inn-delhi-in04185
highland-inn-delhi-in04186,Highland Inn Delhi,Delhi,delhi,"48, Paharganj, Karol Bagh, Delhi, Delhi 110017",,,4.2,110017,,Hotel,yes,,,,,https://hotelzz.in/property.html?id=highland-inn-delhi-in04186
vintage-business-hotel-delhi-in04187,Vintage Business Hotel Delhi,Delhi,delhi,"209, Karol Bagh, near IGI Airport, Delhi, Delhi 110017",,,4.4,110017,,Hotel,yes,,,,,https://hotelzz.in/property.html?id=vintage-business-hotel-delhi-in04187
hotel-alpine-delhi-in04188,Hotel Alpine Delhi,Delhi,delhi,"549, Karol Bagh, near IGI Airport, Delhi, Delhi 110017",,,4.6,110017,,Hotel,yes,,,,,https://hotelzz.in/property.html?id=hotel-alpine-delhi-in04188
comfort-stays-delhi-89-in04189,Comfort Stays Delhi 89,Delhi,delhi,"513, Connaught Place, near Saket, Delhi, Delhi 110001",,,4.5,110001,,Hotel,yes,,,,,https://hotelzz.in/property.html?id=comfort-stays-delhi-89-in04189
aspen-service-apartments-delhi-in04190,Aspen Service Apartments Delhi,Delhi,delhi,"463, Hauz Khas, Paharganj, Delhi, Delhi 110023",,,4.2,110023,,Hotel,yes,,,,,https://hotelzz.in/property.html?id=aspen-service-apartments-delhi-in04190
wooden-service-apartments-delhi-in04191,Wooden Service Apartments Delhi,Delhi,delhi,"218, Karol Bagh, Karol Bagh, Delhi, Delhi 110001",,,4.7,110001,,Hotel,yes,,,,,https://hotelzz.in/property.html?id=wooden-service-apartments-delhi-in04191
urban-stay-delhi-92-in04192,Urban Stay Delhi 92,Delhi,delhi,"229, Paharganj, near Saket, Delhi, Delhi 110049",,,4.1,110049,,Hotel,yes,,,,,https://hotelzz.in/property.html?id=urban-stay-delhi-92-in04192
aspen-inn-delhi-in04193,Aspen Inn Delhi,Delhi,delhi,"201, Karol Bagh, near Connaught Place, Delhi, Delhi 110057",,,4.7,110057,,Hotel,yes,,,,,https://hotelzz.in/property.html?id=aspen-inn-delhi-in04193
wooden-business-hotel-delhi-in04194,Wooden Business Hotel Delhi,Delhi,delhi,"577, Mahipalpur, near Connaught Place, Delhi, Delhi 110024",,,4.4,110024,,Hotel,yes,,,,,https://hotelzz.in/property.html?id=wooden-business-hotel-delhi-in04194
silver-service-apartments-delhi-in04195,Silver Service Apartments Delhi,Delhi,delhi,"168, Hauz Khas, Paharganj, Delhi, Delhi 110017",,,4.4,110017,,Hotel,yes,,,,,https://hotelzz.in/property.html?id=silver-service-apartments-delhi-in04195
hotel-whispering-delhi-in04196,Hotel Whispering Delhi,Delhi,delhi,"207, Defence Colony, Karol Bagh, Delhi, Delhi 110017",,,4.8,110017,,Hotel,yes,,,,,https://hotelzz.in/property.html?id=hotel-whispering-delhi-in04196
wooden-inn-delhi-in04197,Wooden Inn Delhi,Delhi,delhi,"598, Saket, Paharganj, Delhi, Delhi 110034",,,4.3,110034,,Hotel,yes,,,,,https://hotelzz.in/property.html?id=wooden-inn-delhi-in04197
vintage-service-apartments-delhi-in04198,Vintage Service Apartments Delhi,Delhi,delhi,"137, Aerocity, near Saket, Delhi, Delhi 110049",,,4.1,110049,,Hotel,yes,,,,,https://hotelzz.in/property.html?id=vintage-service-apartments-delhi-in04198
comfort-stays-delhi-99-in04199,Comfort Stays Delhi 99,Delhi,delhi,"163, Hauz Khas, near IGI Airport, Delhi, Delhi 110017",,,4.2,110017,,Hotel,yes,,,,,https://hotelzz.in/property.html?id=comfort-stays-delhi-99-in04199
hotel-delhi-plaza-100-in04200,Hotel Delhi Plaza 100,Delhi,delhi,"266, Paharganj, near IGI Airport, Delhi, Delhi 110024",,,4.0,110024,,Hotel,yes,,,,,https://hotelzz.in/property.html?id=hotel-delhi-plaza-100-in04200
ocean-heritage-inn-agra-in04201,Ocean Heritage Inn Agra,Agra,agra,"153, Taj Ganj, Fatehabad Road, Agra, Uttar Pradesh 282003",,,4.0,282003,,Hotel,yes,,,,,https://hotelzz.in/property.html?id=ocean-heritage-inn-agra-in04201
misty-niwas-boutique-agra-in04202,Misty Niwas Boutique Agra,Agra,agra,"194, MG Rd, Fatehabad Road, Agra, Uttar Pradesh 282010",,,4.1,282010,,Hotel,yes,,,,,https://hotelzz.in/property.html?id=misty-niwas-boutique-agra-in04202
heritage-house-agra-in04203,Heritage House Agra,Agra,agra,"112, Tajganj, Fatehabad Road, Agra, Uttar Pradesh 282001",,,4.9,282001,,Hotel,yes,,,,,https://hotelzz.in/property.html?id=heritage-house-agra-in04203
ocean-niwas-boutique-agra-in04204,Ocean Niwas Boutique Agra,Agra,agra,"587, MG Rd, Sadar Bazaar, Agra, Uttar Pradesh 282002",,,4.4,282002,,Hotel,yes,,,,,https://hotelzz.in/property.html?id=ocean-niwas-boutique-agra-in04204
the-maharajas-whispering-agra-in04205,The Maharaja's Whispering Agra,Agra,agra,"453, Fatehabad Rd, Fatehabad Road, Agra, Uttar Pradesh 282003",,,4.3,282003,,Hotel,yes,,,,,https://hotelzz.in/property.html?id=the-maharajas-whispering-agra-in04205
crown-agra-heritage-in04206,Crown Agra Heritage,Agra,agra,"268, Taj Ganj, near Taj Mahal, Agra, Uttar Pradesh 282005",,,4.3,282005,,Hotel,yes,,,,,https://hotelzz.in/property.html?id=crown-agra-heritage-in04206
aria-heritage-inn-agra-in04207,Aria Heritage Inn Agra,Agra,agra,"42, Sadar Bazaar, Tajganj, Agra, Uttar Pradesh 282005",,,4.3,282005,,Hotel,yes,,,,,https://hotelzz.in/property.html?id=aria-heritage-inn-agra-in04207
wooden-heritage-inn-agra-in04208,Wooden Heritage Inn Agra,Agra,agra,"528, Taj Ganj, Fatehabad Road, Agra, Uttar Pradesh 282010",,,4.6,282010,,Hotel,yes,,,,,https://hotelzz.in/property.html?id=wooden-heritage-inn-agra-in04208
agra-vintage-hotel-in04209,Agra Vintage Hotel,Agra,agra,"342, Tajganj, near Taj Mahal, Agra, Uttar Pradesh 282005",,,4.0,282005,,Hotel,yes,,,,,https://hotelzz.in/property.html?id=agra-vintage-hotel-in04209
highland-niwas-boutique-agra-in04210,Highland Niwas Boutique Agra,Agra,agra,"404, Civil Lines, Taj East Gate, Agra, Uttar Pradesh 282002",,,4.0,282002,,Hotel,yes,,,,,https://hotelzz.in/property.html?id=highland-niwas-boutique-agra-in04210
the-pearl-mansion-agra-in04211,The Pearl Mansion Agra,Agra,agra,"309, Fatehabad Rd, Tajganj, Agra, Uttar Pradesh 282003",,,4.7,282003,,Hotel,yes,,,,,https://hotelzz.in/property.html?id=the-pearl-mansion-agra-in04211
the-maharajas-maple-agra-in04212,The Maharaja's Maple Agra,Agra,agra,"433, Vibhav Nagar, near Taj Mahal, Agra, Uttar Pradesh 282001",,,4.6,282001,,Hotel,yes,,,,,https://hotelzz.in/property.html?id=the-maharajas-maple-agra-in04212
royal-agra-suites-in04213,Royal Agra Suites,Agra,agra,"225, Taj Ganj, near Taj Mahal, Agra, Uttar Pradesh 282002",,,4.7,282002,,Hotel,yes,,,,,https://hotelzz.in/property.html?id=royal-agra-suites-in04213
hotel-agra-imperial-in04214,Hotel Agra Imperial,Agra,agra,"187, MG Rd, Sadar Bazaar, Agra, Uttar Pradesh 282003",,,4.4,282003,,Hotel,yes,,,,,https://hotelzz.in/property.html?id=hotel-agra-imperial-in04214
aria-haveli-agra-in04215,Aria Haveli Agra,Agra,agra,"493, Taj Ganj, near Taj Mahal, Agra, Uttar Pradesh 282002",,,4.5,282002,,Hotel,yes,,,,,https://hotelzz.in/property.html?id=aria-haveli-agra-in04215
hotel-wooden-palace-agra-in04216,Hotel Wooden Palace Agra,Agra,agra,"332, Vibhav Nagar, Tajganj, Agra, Uttar Pradesh 282001",,,4.1,282001,,Hotel,yes,,,,,https://hotelzz.in/property.html?id=hotel-wooden-palace-agra-in04216
cosy-niwas-boutique-agra-in04217,Cosy Niwas Boutique Agra,Agra,agra,"508, Civil Lines, Tajganj, Agra, Uttar Pradesh 282003",,,4.5,282003,,Hotel,yes,,,,,https://hotelzz.in/property.html?id=cosy-niwas-boutique-agra-in04217
marigold-manor-agra-in04218,Marigold Manor Agra,Agra,agra,"453, Tajganj, Fatehabad Road, Agra, Uttar Pradesh 282001",,,4.3,282001,,Hotel,yes,,,,,https://hotelzz.in/property.html?id=marigold-manor-agra-in04218
hotel-highland-palace-agra-in04219,Hotel Highland Palace Agra,Agra,agra,"201, Sadar Bazaar, Sadar Bazaar, Agra, Uttar Pradesh 282005",,,4.8,282005,,Hotel,yes,,,,,https://hotelzz.in/property.html?id=hotel-highland-palace-agra-in04219
the-maharajas-tranquil-agra-in04220,The Maharaja's Tranquil Agra,Agra,agra,"393, MG Rd, Sadar Bazaar, Agra, Uttar Pradesh 282001",,,4.8,282001,,Hotel,yes,,,,,https://hotelzz.in/property.html?id=the-maharajas-tranquil-agra-in04220
the-maharajas-misty-agra-in04221,The Maharaja's Misty Agra,Agra,agra,"213, Sadar Bazaar, Sadar Bazaar, Agra, Uttar Pradesh 282002",,,4.2,282002,,Hotel,yes,,,,,https://hotelzz.in/property.html?id=the-maharajas-misty-agra-in04221
hotel-sunrise-palace-agra-in04222,Hotel Sunrise Palace Agra,Agra,agra,"386, Tajganj, near Taj Mahal, Agra, Uttar Pradesh 282003",,,4.1,282003,,Hotel,yes,,,,,https://hotelzz.in/property.html?id=hotel-sunrise-palace-agra-in04222
agra-heritage-stay-in04223,Agra Heritage Stay,Agra,agra,"577, Vibhav Nagar, Taj East Gate, Agra, Uttar Pradesh 282001",,,4.2,282001,,Hotel,yes,,,,,https://hotelzz.in/property.html?id=agra-heritage-stay-in04223
the-alpine-mansion-agra-in04224,The Alpine Mansion Agra,Agra,agra,"211, MG Rd, Fatehabad Road, Agra, Uttar Pradesh 282001",,,4.7,282001,,Hotel,yes,,,,,https://hotelzz.in/property.html?id=the-alpine-mansion-agra-in04224
whispering-manor-agra-in04225,Whispering Manor Agra,Agra,agra,"343, Fatehabad Rd, Taj East Gate, Agra, Uttar Pradesh 282001",,,4.8,282001,,Hotel,yes,,,,,https://hotelzz.in/property.html?id=whispering-manor-agra-in04225
regal-haveli-agra-in04226,Regal Haveli Agra,Agra,agra,"447, Taj Ganj, Sadar Bazaar, Agra, Uttar Pradesh 282003",,,4.5,282003,,Hotel,yes,,,,,https://hotelzz.in/property.html?id=regal-haveli-agra-in04226
hotel-serene-palace-agra-in04227,Hotel Serene Palace Agra,Agra,agra,"101, Civil Lines, near Taj Mahal, Agra, Uttar Pradesh 282005",,,4.1,282005,,Hotel,yes,,,,,https://hotelzz.in/property.html?id=hotel-serene-palace-agra-in04227
hotel-velvet-palace-agra-in04228,Hotel Velvet Palace Agra,Agra,agra,"417, Taj Ganj, Fatehabad Road, Agra, Uttar Pradesh 282001",,,4.1,282001,,Hotel,yes,,,,,https://hotelzz.in/property.html?id=hotel-velvet-palace-agra-in04228
hotel-agra-royal-in04229,Hotel Agra Royal,Agra,agra,"30, Tajganj, near Taj Mahal, Agra, Uttar Pradesh 282001",,,4.6,282001,,Hotel,yes,,,,,https://hotelzz.in/property.html?id=hotel-agra-royal-in04229
maple-haveli-agra-in04230,Maple Haveli Agra,Agra,agra,"53, Sadar Bazaar, Tajganj, Agra, Uttar Pradesh 282001",,,4.7,282001,,Hotel,yes,,,,,https://hotelzz.in/property.html?id=maple-haveli-agra-in04230
pearl-heritage-inn-agra-in04231,Pearl Heritage Inn Agra,Agra,agra,"395, Fatehabad Rd, Tajganj, Agra, Uttar Pradesh 282010",,,4.8,282010,,Hotel,yes,,,,,https://hotelzz.in/property.html?id=pearl-heritage-inn-agra-in04231
the-maharajas-ocean-agra-in04232,The Maharaja's Ocean Agra,Agra,agra,"326, Sadar Bazaar, Taj East Gate, Agra, Uttar Pradesh 282010",,,4.7,282010,,Hotel,yes,,,,,https://hotelzz.in/property.html?id=the-maharajas-ocean-agra-in04232
ocean-manor-agra-in04233,Ocean Manor Agra,Agra,agra,"52, MG Rd, Taj East Gate, Agra, Uttar Pradesh 282002",,,4.0,282002,,Hotel,yes,,,,,https://hotelzz.in/property.html?id=ocean-manor-agra-in04233
the-saffron-mansion-agra-in04234,The Saffron Mansion Agra,Agra,agra,"426, Tajganj, near Taj Mahal, Agra, Uttar Pradesh 282010",,,4.5,282010,,Hotel,yes,,,,,https://hotelzz.in/property.html?id=the-saffron-mansion-agra-in04234
hotel-marigold-palace-agra-in04235,Hotel Marigold Palace Agra,Agra,agra,"145, Fatehabad Rd, Sadar Bazaar, Agra, Uttar Pradesh 282003",,,4.3,282003,,Hotel,yes,,,,,https://hotelzz.in/property.html?id=hotel-marigold-palace-agra-in04235
silver-manor-agra-in04236,Silver Manor Agra,Agra,agra,"115, Fatehabad Rd, Tajganj, Agra, Uttar Pradesh 282005",,,4.1,282005,,Hotel,yes,,,,,https://hotelzz.in/property.html?id=silver-manor-agra-in04236
the-maharajas-aurora-agra-in04237,The Maharaja's Aurora Agra,Agra,agra,"315, Vibhav Nagar, near Taj Mahal, Agra, Uttar Pradesh 282001",,,4.7,282001,,Hotel,yes,,,,,https://hotelzz.in/property.html?id=the-maharajas-aurora-agra-in04237
indigo-manor-agra-in04238,Indigo Manor Agra,Agra,agra,"61, Civil Lines, Tajganj, Agra, Uttar Pradesh 282005",,,4.7,282005,,Hotel,yes,,,,,https://hotelzz.in/property.html?id=indigo-manor-agra-in04238
crown-niwas-boutique-agra-in04239,Crown Niwas Boutique Agra,Agra,agra,"242, Tajganj, Sadar Bazaar, Agra, Uttar Pradesh 282010",,,4.5,282010,,Hotel,yes,,,,,https://hotelzz.in/property.html?id=crown-niwas-boutique-agra-in04239
the-maharajas-sapphire-agra-in04240,The Maharaja's Sapphire Agra,Agra,agra,"577, MG Rd, Taj East Gate, Agra, Uttar Pradesh 282002",,,4.5,282002,,Hotel,yes,,,,,https://hotelzz.in/property.html?id=the-maharajas-sapphire-agra-in04240
silver-niwas-boutique-agra-in04241,Silver Niwas Boutique Agra,Agra,agra,"401, Vibhav Nagar, near Taj Mahal, Agra, Uttar Pradesh 282002",,,4.2,282002,,Hotel,yes,,,,,https://hotelzz.in/property.html?id=silver-niwas-boutique-agra-in04241
alpine-haveli-agra-in04242,Alpine Haveli Agra,Agra,agra,"289, Vibhav Nagar, Tajganj, Agra, Uttar Pradesh 282005",,,4.6,282005,,Hotel,yes,,,,,https://hotelzz.in/property.html?id=alpine-haveli-agra-in04242
the-old-town-agra-in04243,The Old Town Agra,Agra,agra,"80, Civil Lines, near Taj Mahal, Agra, Uttar Pradesh 282005",,,4.0,282005,,Hotel,yes,,,,,https://hotelzz.in/property.html?id=the-old-town-agra-in04243
tranquil-manor-agra-in04244,Tranquil Manor Agra,Agra,agra,"99, Sadar Bazaar, Sadar Bazaar, Agra, Uttar Pradesh 282005",,,4.1,282005,,Hotel,yes,,,,,https://hotelzz.in/property.html?id=tranquil-manor-agra-in04244
hotel-maple-palace-agra-in04245,Hotel Maple Palace Agra,Agra,agra,"224, Fatehabad Rd, Sadar Bazaar, Agra, Uttar Pradesh 282001",,,4.8,282001,,Hotel,yes,,,,,https://hotelzz.in/property.html?id=hotel-maple-palace-agra-in04245
cosy-manor-agra-in04246,Cosy Manor Agra,Agra,agra,"503, Vibhav Nagar, Fatehabad Road, Agra, Uttar Pradesh 282002",,,4.2,282002,,Hotel,yes,,,,,https://hotelzz.in/property.html?id=cosy-manor-agra-in04246
saffron-niwas-boutique-agra-in04247,Saffron Niwas Boutique Agra,Agra,agra,"17, Vibhav Nagar, near Taj Mahal, Agra, Uttar Pradesh 282010",,,4.2,282010,,Hotel,yes,,,,,https://hotelzz.in/property.html?id=saffron-niwas-boutique-agra-in04247
hotel-aurora-palace-agra-in04248,Hotel Aurora Palace Agra,Agra,agra,"256, Civil Lines, Fatehabad Road, Agra, Uttar Pradesh 282005",,,4.9,282005,,Hotel,yes,,,,,https://hotelzz.in/property.html?id=hotel-aurora-palace-agra-in04248
hotel-aria-palace-agra-in04249,Hotel Aria Palace Agra,Agra,agra,"518, MG Rd, near Taj Mahal, Agra, Uttar Pradesh 282003",,,4.1,282003,,Hotel,yes,,,,,https://hotelzz.in/property.html?id=hotel-aria-palace-agra-in04249
highland-haveli-agra-in04250,Highland Haveli Agra,Agra,agra,"180, Taj Ganj, Sadar Bazaar, Agra, Uttar Pradesh 282005",,,4.5,282005,,Hotel,yes,,,,,https://hotelzz.in/property.html?id=highland-haveli-agra-in04250
hotel-saffron-palace-agra-in04251,Hotel Saffron Palace Agra,Agra,agra,"330, Tajganj, near Taj Mahal, Agra, Uttar Pradesh 282001",,,4.7,282001,,Hotel,yes,,,,,https://hotelzz.in/property.html?id=hotel-saffron-palace-agra-in04251
the-maharajas-aspen-agra-in04252,The Maharaja's Aspen Agra,Agra,agra,"480, Vibhav Nagar, near Taj Mahal, Agra, Uttar Pradesh 282003",,,4.4,282003,,Hotel,yes,,,,,https://hotelzz.in/property.html?id=the-maharajas-aspen-agra-in04252
indigo-haveli-agra-in04253,Indigo Haveli Agra,Agra,agra,"414, Sadar Bazaar, Tajganj, Agra, Uttar Pradesh 282003",,,4.0,282003,,Hotel,yes,,,,,https://hotelzz.in/property.html?id=indigo-haveli-agra-in04253
hotel-crown-palace-agra-in04254,Hotel Crown Palace Agra,Agra,agra,"230, Taj Ganj, near Taj Mahal, Agra, Uttar Pradesh 282005",,,4.2,282005,,Hotel,yes,,,,,https://hotelzz.in/property.html?id=hotel-crown-palace-agra-in04254
velvet-haveli-agra-in04255,Velvet Haveli Agra,Agra,agra,"236, Fatehabad Rd, near Taj Mahal, Agra, Uttar Pradesh 282001",,,4.1,282001,,Hotel,yes,,,,,https://hotelzz.in/property.html?id=velvet-haveli-agra-in04255
imperial-manor-agra-in04256,Imperial Manor Agra,Agra,agra,"53, Vibhav Nagar, Taj East Gate, Agra, Uttar Pradesh 282003",,,4.4,282003,,Hotel,yes,,,,,https://hotelzz.in/property.html?id=imperial-manor-agra-in04256
hotel-cosy-palace-agra-in04257,Hotel Cosy Palace Agra,Agra,agra,"537, MG Rd, Sadar Bazaar, Agra, Uttar Pradesh 282003",,,4.3,282003,,Hotel,yes,,,,,https://hotelzz.in/property.html?id=hotel-cosy-palace-agra-in04257
the-heritage-mansion-agra-in04258,The Heritage Mansion Agra,Agra,agra,"221, Fatehabad Rd, Tajganj, Agra, Uttar Pradesh 282002",,,4.9,282002,,Hotel,yes,,,,,https://hotelzz.in/property.html?id=the-heritage-mansion-agra-in04258
marigold-heritage-inn-agra-in04259,Marigold Heritage Inn Agra,Agra,agra,"226, Sadar Bazaar, Sadar Bazaar, Agra, Uttar Pradesh 282005",,,4.1,282005,,Hotel,yes,,,,,https://hotelzz.in/property.html?id=marigold-heritage-inn-agra-in04259
maple-niwas-boutique-agra-in04260,Maple Niwas Boutique Agra,Agra,agra,"314, Sadar Bazaar, Tajganj, Agra, Uttar Pradesh 282002",,,4.7,282002,,Hotel,yes,,,,,https://hotelzz.in/property.html?id=maple-niwas-boutique-agra-in04260
orchid-manor-agra-in04261,Orchid Manor Agra,Agra,agra,"560, Sadar Bazaar, Tajganj, Agra, Uttar Pradesh 282003",,,4.1,282003,,Hotel,yes,,,,,https://hotelzz.in/property.html?id=orchid-manor-agra-in04261
hotel-alpine-palace-agra-in04262,Hotel Alpine Palace Agra,Agra,agra,"506, Taj Ganj, Taj East Gate, Agra, Uttar Pradesh 282002",,,4.2,282002,,Hotel,yes,,,,,https://hotelzz.in/property.html?id=hotel-alpine-palace-agra-in04262
aurora-haveli-agra-in04263,Aurora Haveli Agra,Agra,agra,"444, Fatehabad Rd, Sadar Bazaar, Agra, Uttar Pradesh 282003",,,4.9,282003,,Hotel,yes,,,,,https://hotelzz.in/property.html?id=aurora-haveli-agra-in04263
the-whispering-mansion-agra-in04264,The Whispering Mansion Agra,Agra,agra,"554, Civil Lines, Fatehabad Road, Agra, Uttar Pradesh 282001",,,4.3,282001,,Hotel,yes,,,,,https://hotelzz.in/property.html?id=the-whispering-mansion-agra-in04264
the-maharajas-velvet-agra-in04265,The Maharaja's Velvet Agra,Agra,agra,"429, Sadar Bazaar, Tajganj, Agra, Uttar Pradesh 282005",,,4.7,282005,,Hotel,yes,,,,,https://hotelzz.in/property.html?id=the-maharajas-velvet-agra-in04265
regal-manor-agra-in04266,Regal Manor Agra,Agra,agra,"363, MG Rd, Tajganj, Agra, Uttar Pradesh 282001",,,4.2,282001,,Hotel,yes,,,,,https://hotelzz.in/property.html?id=regal-manor-agra-in04266
whispering-niwas-boutique-agra-in04267,Whispering Niwas Boutique Agra,Agra,agra,"210, Tajganj, Fatehabad Road, Agra, Uttar Pradesh 282003",,,4.0,282003,,Hotel,yes,,,,,https://hotelzz.in/property.html?id=whispering-niwas-boutique-agra-in04267
the-maharajas-wooden-agra-in04268,The Maharaja's Wooden Agra,Agra,agra,"345, Fatehabad Rd, Tajganj, Agra, Uttar Pradesh 282002",,,4.9,282002,,Hotel,yes,,,,,https://hotelzz.in/property.html?id=the-maharajas-wooden-agra-in04268
hotel-regal-palace-agra-in04269,Hotel Regal Palace Agra,Agra,agra,"599, Fatehabad Rd, Tajganj, Agra, Uttar Pradesh 282005",,,4.7,282005,,Hotel,yes,,,,,https://hotelzz.in/property.html?id=hotel-regal-palace-agra-in04269
the-maharajas-emerald-agra-in04270,The Maharaja's Emerald Agra,Agra,agra,"155, Civil Lines, Tajganj, Agra, Uttar Pradesh 282001",,,4.2,282001,,Hotel,yes,,,,,https://hotelzz.in/property.html?id=the-maharajas-emerald-agra-in04270
the-royal-mansion-agra-in04271,The Royal Mansion Agra,Agra,agra,"380, Tajganj, near Taj Mahal, Agra, Uttar Pradesh 282003",,,4.4,282003,,Hotel,yes,,,,,https://hotelzz.in/property.html?id=the-royal-mansion-agra-in04271
wooden-niwas-boutique-agra-in04272,Wooden Niwas Boutique Agra,Agra,agra,"475, Fatehabad Rd, Sadar Bazaar, Agra, Uttar Pradesh 282005",,,4.2,282005,,Hotel,yes,,,,,https://hotelzz.in/property.html?id=wooden-niwas-boutique-agra-in04272
the-maharajas-azure-agra-in04273,The Maharaja's Azure Agra,Agra,agra,"88, Sadar Bazaar, Sadar Bazaar, Agra, Uttar Pradesh 282001",,,4.5,282001,,Hotel,yes,,,,,https://hotelzz.in/property.html?id=the-maharajas-azure-agra-in04273
misty-heritage-inn-agra-in04274,Misty Heritage Inn Agra,Agra,agra,"315, Fatehabad Rd, Tajganj, Agra, Uttar Pradesh 282010",,,4.5,282010,,Hotel,yes,,,,,https://hotelzz.in/property.html?id=misty-heritage-inn-agra-in04274
the-silver-mansion-agra-in04275,The Silver Mansion Agra,Agra,agra,"320, Sadar Bazaar, Tajganj, Agra, Uttar Pradesh 282003",,,4.2,282003,,Hotel,yes,,,,,https://hotelzz.in/property.html?id=the-silver-mansion-agra-in04275
hotel-azure-palace-agra-in04276,Hotel Azure Palace Agra,Agra,agra,"306, Tajganj, near Taj Mahal, Agra, Uttar Pradesh 282005",,,4.3,282005,,Hotel,yes,,,,,https://hotelzz.in/property.html?id=hotel-azure-palace-agra-in04276
hotel-pearl-palace-agra-in04277,Hotel Pearl Palace Agra,Agra,agra,"310, Civil Lines, Sadar Bazaar, Agra, Uttar Pradesh 282005",,,4.9,282005,,Hotel,yes,,,,,https://hotelzz.in/property.html?id=hotel-pearl-palace-agra-in04277
wooden-haveli-agra-in04278,Wooden Haveli Agra,Agra,agra,"154, MG Rd, Taj East Gate, Agra, Uttar Pradesh 282002",,,4.5,282002,,Hotel,yes,,,,,https://hotelzz.in/property.html?id=wooden-haveli-agra-in04278
indigo-niwas-boutique-agra-in04279,Indigo Niwas Boutique Agra,Agra,agra,"511, Taj Ganj, Tajganj, Agra, Uttar Pradesh 282001",,,4.8,282001,,Hotel,yes,,,,,https://hotelzz.in/property.html?id=indigo-niwas-boutique-agra-in04279
emerald-manor-agra-in04280,Emerald Manor Agra,Agra,agra,"465, MG Rd, Sadar Bazaar, Agra, Uttar Pradesh 282005",,,4.2,282005,,Hotel,yes,,,,,https://hotelzz.in/property.html?id=emerald-manor-agra-in04280
the-regal-mansion-agra-in04281,The Regal Mansion Agra,Agra,agra,"313, Civil Lines, near Taj Mahal, Agra, Uttar Pradesh 282002",,,4.1,282002,,Hotel,yes,,,,,https://hotelzz.in/property.html?id=the-regal-mansion-agra-in04281
the-sunrise-mansion-agra-in04282,The Sunrise Mansion Agra,Agra,agra,"64, Taj Ganj, Taj East Gate, Agra, Uttar Pradesh 282002",,,4.5,282002,,Hotel,yes,,,,,https://hotelzz.in/property.html?id=the-sunrise-mansion-agra-in04282
the-sapphire-mansion-agra-in04283,The Sapphire Mansion Agra,Agra,agra,"587, MG Rd, Fatehabad Road, Agra, Uttar Pradesh 282002",,,4.2,282002,,Hotel,yes,,,,,https://hotelzz.in/property.html?id=the-sapphire-mansion-agra-in04283
emerald-niwas-boutique-agra-in04284,Emerald Niwas Boutique Agra,Agra,agra,"72, Sadar Bazaar, Taj East Gate, Agra, Uttar Pradesh 282005",,,4.7,282005,,Hotel,yes,,,,,https://hotelzz.in/property.html?id=emerald-niwas-boutique-agra-in04284
marigold-haveli-agra-in04285,Marigold Haveli Agra,Agra,agra,"305, Sadar Bazaar, Tajganj, Agra, Uttar Pradesh 282002",,,4.9,282002,,Hotel,yes,,,,,https://hotelzz.in/property.html?id=marigold-haveli-agra-in04285
silver-heritage-inn-agra-in04286,Silver Heritage Inn Agra,Agra,agra,"17, Taj Ganj, Taj East Gate, Agra, Uttar Pradesh 282002",,,4.9,282002,,Hotel,yes,,,,,https://hotelzz.in/property.html?id=silver-heritage-inn-agra-in04286
the-velvet-mansion-agra-in04287,The Velvet Mansion Agra,Agra,agra,"302, Taj Ganj, Tajganj, Agra, Uttar Pradesh 282005",,,4.5,282005,,Hotel,yes,,,,,https://hotelzz.in/property.html?id=the-velvet-mansion-agra-in04287
the-azure-mansion-agra-in04288,The Azure Mansion Agra,Agra,agra,"167, Taj Ganj, Tajganj, Agra, Uttar Pradesh 282005",,,4.8,282005,,Hotel,yes,,,,,https://hotelzz.in/property.html?id=the-azure-mansion-agra-in04288
cosy-haveli-agra-in04289,Cosy Haveli Agra,Agra,agra,"9, Sadar Bazaar, near Taj Mahal, Agra, Uttar Pradesh 282003",,,4.4,282003,,Hotel,yes,,,,,https://hotelzz.in/property.html?id=cosy-haveli-agra-in04289
sunrise-niwas-boutique-agra-in04290,Sunrise Niwas Boutique Agra,Agra,agra,"528, Tajganj, Taj East Gate, Agra, Uttar Pradesh 282010",,,4.7,282010,,Hotel,yes,,,,,https://hotelzz.in/property.html?id=sunrise-niwas-boutique-agra-in04290
vintage-heritage-inn-agra-in04291,Vintage Heritage Inn Agra,Agra,agra,"231, Fatehabad Rd, Tajganj, Agra, Uttar Pradesh 282005",,,4.8,282005,,Hotel,yes,,,,,https://hotelzz.in/property.html?id=vintage-heritage-inn-agra-in04291
the-whispering-mansion-agra-92-in04292,The Whispering Mansion Agra 92,Agra,agra,"276, Fatehabad Rd, Sadar Bazaar, Agra, Uttar Pradesh 282005",,,4.6,282005,,Hotel,yes,,,,,https://hotelzz.in/property.html?id=the-whispering-mansion-agra-92-in04292
the-maharajas-cosy-agra-in04293,The Maharaja's Cosy Agra,Agra,agra,"478, Tajganj, Fatehabad Road, Agra, Uttar Pradesh 282003",,,4.4,282003,,Hotel,yes,,,,,https://hotelzz.in/property.html?id=the-maharajas-cosy-agra-in04293
royal-haveli-agra-in04294,Royal Haveli Agra,Agra,agra,"599, Fatehabad Rd, Taj East Gate, Agra, Uttar Pradesh 282005",,,4.8,282005,,Hotel,yes,,,,,https://hotelzz.in/property.html?id=royal-haveli-agra-in04294
imperial-haveli-agra-in04295,Imperial Haveli Agra,Agra,agra,"96, MG Rd, Fatehabad Road, Agra, Uttar Pradesh 282010",,,4.9,282010,,Hotel,yes,,,,,https://hotelzz.in/property.html?id=imperial-haveli-agra-in04295
pearl-niwas-boutique-agra-in04296,Pearl Niwas Boutique Agra,Agra,agra,"86, Fatehabad Rd, Fatehabad Road, Agra, Uttar Pradesh 282002",,,4.2,282002,,Hotel,yes,,,,,https://hotelzz.in/property.html?id=pearl-niwas-boutique-agra-in04296
hotel-tranquil-palace-agra-in04297,Hotel Tranquil Palace Agra,Agra,agra,"246, Vibhav Nagar, Tajganj, Agra, Uttar Pradesh 282010",,,4.3,282010,,Hotel,yes,,,,,https://hotelzz.in/property.html?id=hotel-tranquil-palace-agra-in04297
the-ocean-mansion-agra-in04298,The Ocean Mansion Agra,Agra,agra,"474, Fatehabad Rd, Fatehabad Road, Agra, Uttar Pradesh 282003",,,4.9,282003,,Hotel,yes,,,,,https://hotelzz.in/property.html?id=the-ocean-mansion-agra-in04298
whispering-heritage-inn-agra-in04299,Whispering Heritage Inn Agra,Agra,agra,"529, MG Rd, Tajganj, Agra, Uttar Pradesh 282001",,,4.7,282001,,Hotel,yes,,,,,https://hotelzz.in/property.html?id=whispering-heritage-inn-agra-in04299
indigo-haveli-agra-100-in04300,Indigo Haveli Agra 100,Agra,agra,"64, Fatehabad Rd, Taj East Gate, Agra, Uttar Pradesh 282010",,,4.3,282010,,Hotel,yes,,,,,https://hotelzz.in/property.html?id=indigo-haveli-agra-100-in04300
ocean-manor-udaipur-in04301,Ocean Manor Udaipur,Udaipur,udaipur,"317, Fateh Sagar, near City Palace, Udaipur, Rajasthan 313001",,,4.1,313001,,Hotel,yes,,,,,https://hotelzz.in/property.html?id=ocean-manor-udaipur-in04301
azure-heritage-inn-udaipur-in04302,Azure Heritage Inn Udaipur,Udaipur,udaipur,"152, Hiran Magri, Fateh Sagar, Udaipur, Rajasthan 313001",,,4.7,313001,,Hotel,yes,,,,,https://hotelzz.in/property.html?id=azure-heritage-inn-udaipur-in04302
crown-udaipur-heritage-in04303,Crown Udaipur Heritage,Udaipur,udaipur,"265, City Palace Rd, near Lake Pichola, Udaipur, Rajasthan 313002",,,4.3,313002,,Hotel,yes,,,,,https://hotelzz.in/property.html?id=crown-udaipur-heritage-in04303
the-old-town-udaipur-in04304,The Old Town Udaipur,Udaipur,udaipur,"87, Lake Pichola, Fateh Sagar, Udaipur, Rajasthan 313001",,,4.2,313001,,Hotel,yes,,,,,https://hotelzz.in/property.html?id=the-old-town-udaipur-in04304
the-maharajas-crystal-udaipur-in04305,The Maharaja's Crystal Udaipur,Udaipur,udaipur,"443, Fateh Sagar, near City Palace, Udaipur, Rajasthan 313004",,,4.2,313004,,Hotel,yes,,,,,https://hotelzz.in/property.html?id=the-maharajas-crystal-udaipur-in04305
udaipur-vintage-hotel-in04306,Udaipur Vintage Hotel,Udaipur,udaipur,"565, Ambamata, Fateh Sagar, Udaipur, Rajasthan 313001",,,4.9,313001,,Hotel,yes,,,,,https://hotelzz.in/property.html?id=udaipur-vintage-hotel-in04306
aria-manor-udaipur-in04307,Aria Manor Udaipur,Udaipur,udaipur,"443, City Palace Rd, near City Palace, Udaipur, Rajasthan 313002",,,4.8,313002,,Hotel,yes,,,,,https://hotelzz.in/property.html?id=aria-manor-udaipur-in04307
hotel-udaipur-royal-in04308,Hotel Udaipur Royal,Udaipur,udaipur,"88, Hiran Magri, Sajjangarh, Udaipur, Rajasthan 313002",,,4.0,313002,,Hotel,yes,,,,,https://hotelzz.in/property.html?id=hotel-udaipur-royal-in04308
sapphire-haveli-udaipur-in04309,Sapphire Haveli Udaipur,Udaipur,udaipur,"318, Lake Pichola, near City Palace, Udaipur, Rajasthan 313001",,,4.6,313001,,Hotel,yes,,,,,https://hotelzz.in/property.html?id=sapphire-haveli-udaipur-in04309
udaipur-heritage-stay-in04310,Udaipur Heritage Stay,Udaipur,udaipur,"559, Lake Pichola, Lal Ghat, Udaipur, Rajasthan 313001",,,4.5,313001,,Hotel,yes,,,,,https://hotelzz.in/property.html?id=udaipur-heritage-stay-in04310
royal-udaipur-suites-in04311,Royal Udaipur Suites,Udaipur,udaipur,"204, Lal Ghat, City of Lakes, Udaipur, Rajasthan 313001",,,4.7,313001,,Hotel,yes,,,,,https://hotelzz.in/property.html?id=royal-udaipur-suites-in04311
the-velvet-mansion-udaipur-in04312,The Velvet Mansion Udaipur,Udaipur,udaipur,"349, Fateh Sagar, City of Lakes, Udaipur, Rajasthan 313004",,,4.5,313004,,Hotel,yes,,,,,https://hotelzz.in/property.html?id=the-velvet-mansion-udaipur-in04312
indigo-niwas-boutique-udaipur-in04313,Indigo Niwas Boutique Udaipur,Udaipur,udaipur,"483, Sajjangarh Rd, near City Palace, Udaipur, Rajasthan 313002",,,4.2,313002,,Hotel,yes,,,,,https://hotelzz.in/property.html?id=indigo-niwas-boutique-udaipur-in04313
hotel-udaipur-imperial-in04314,Hotel Udaipur Imperial,Udaipur,udaipur,"466, Ambamata, Lal Ghat, Udaipur, Rajasthan 313004",,,4.1,313004,,Hotel,yes,,,,,https://hotelzz.in/property.html?id=hotel-udaipur-imperial-in04314
hotel-indigo-palace-udaipur-in04315,Hotel Indigo Palace Udaipur,Udaipur,udaipur,"58, Fateh Sagar, City of Lakes, Udaipur, Rajasthan 313004",,,4.4,313004,,Hotel,yes,,,,,https://hotelzz.in/property.html?id=hotel-indigo-palace-udaipur-in04315
heritage-house-udaipur-in04316,Heritage House Udaipur,Udaipur,udaipur,"20, Fateh Sagar, Lal Ghat, Udaipur, Rajasthan 313002",,,4.0,313002,,Hotel,yes,,,,,https://hotelzz.in/property.html?id=heritage-house-udaipur-in04316
emerald-manor-udaipur-in04317,Emerald Manor Udaipur,Udaipur,udaipur,"208, City Palace Rd, City of Lakes, Udaipur, Rajasthan 313002",,,4.7,313002,,Hotel,yes,,,,,https://hotelzz.in/property.html?id=emerald-manor-udaipur-in04317
wooden-heritage-inn-udaipur-in04318,Wooden Heritage Inn Udaipur,Udaipur,udaipur,"595, Lake Pichola, City of Lakes, Udaipur, Rajasthan 313004",,,4.1,313004,,Hotel,yes,,,,,https://hotelzz.in/property.html?id=wooden-heritage-inn-udaipur-in04318
the-marigold-mansion-udaipur-in04319,The Marigold Mansion Udaipur,Udaipur,udaipur,"568, Hiran Magri, Fateh Sagar, Udaipur, Rajasthan 313004",,,4.5,313004,,Hotel,yes,,,,,https://hotelzz.in/property.html?id=the-marigold-mansion-udaipur-in04319
royal-heritage-inn-udaipur-in04320,Royal Heritage Inn Udaipur,Udaipur,udaipur,"315, Ambamata, near Lake Pichola, Udaipur, Rajasthan 313002",,,4.7,313002,,Hotel,yes,,,,,https://hotelzz.in/property.html?id=royal-heritage-inn-udaipur-in04320
the-maharajas-highland-udaipur-in04321,The Maharaja's Highland Udaipur,Udaipur,udaipur,"169, Hiran Magri, Fateh Sagar, Udaipur, Rajasthan 313001",,,4.5,313001,,Hotel,yes,,,,,https://hotelzz.in/property.html?id=the-maharajas-highland-udaipur-in04321
regal-haveli-udaipur-in04322,Regal Haveli Udaipur,Udaipur,udaipur,"275, Sajjangarh Rd, Sajjangarh, Udaipur, Rajasthan 313004",,,4.3,313004,,Hotel,yes,,,,,https://hotelzz.in/property.html?id=regal-haveli-udaipur-in04322
hotel-regal-palace-udaipur-in04323,Hotel Regal Palace Udaipur,Udaipur,udaipur,"573, Lal Ghat, Fateh Sagar, Udaipur, Rajasthan 313002",,,4.4,313002,,Hotel,yes,,,,,https://hotelzz.in/property.html?id=hotel-regal-palace-udaipur-in04323
royal-niwas-boutique-udaipur-in04324,Royal Niwas Boutique Udaipur,Udaipur,udaipur,"569, Lal Ghat, Sajjangarh, Udaipur, Rajasthan 313004",,,4.8,313004,,Hotel,yes,,,,,https://hotelzz.in/property.html?id=royal-niwas-boutique-udaipur-in04324
royal-manor-udaipur-in04325,Royal Manor Udaipur,Udaipur,udaipur,"400, Sajjangarh Rd, Fateh Sagar, Udaipur, Rajasthan 313002",,,4.0,313002,,Hotel,yes,,,,,https://hotelzz.in/property.html?id=royal-manor-udaipur-in04325
serene-heritage-inn-udaipur-in04326,Serene Heritage Inn Udaipur,Udaipur,udaipur,"104, Lake Pichola, near City Palace, Udaipur, Rajasthan 313002",,,4.9,313002,,Hotel,yes,,,,,https://hotelzz.in/property.html?id=serene-heritage-inn-udaipur-in04326
misty-manor-udaipur-in04327,Misty Manor Udaipur,Udaipur,udaipur,"339, Hiran Magri, City of Lakes, Udaipur, Rajasthan 313004",,,4.3,313004,,Hotel,yes,,,,,https://hotelzz.in/property.html?id=misty-manor-udaipur-in04327
saffron-manor-udaipur-in04328,Saffron Manor Udaipur,Udaipur,udaipur,"2, Ambamata, near City Palace, Udaipur, Rajasthan 313002",,,4.4,313002,,Hotel,yes,,,,,https://hotelzz.in/property.html?id=saffron-manor-udaipur-in04328
sunrise-niwas-boutique-udaipur-in04329,Sunrise Niwas Boutique Udaipur,Udaipur,udaipur,"569, Hiran Magri, Fateh Sagar, Udaipur, Rajasthan 313001",,,4.7,313001,,Hotel,yes,,,,,https://hotelzz.in/property.html?id=sunrise-niwas-boutique-udaipur-in04329
cosy-manor-udaipur-in04330,Cosy Manor Udaipur,Udaipur,udaipur,"468, Lake Pichola, Sajjangarh, Udaipur, Rajasthan 313002",,,4.3,313002,,Hotel,yes,,,,,https://hotelzz.in/property.html?id=cosy-manor-udaipur-in04330
the-heritage-mansion-udaipur-in04331,The Heritage Mansion Udaipur,Udaipur,udaipur,"469, Ambamata, near City Palace, Udaipur, Rajasthan 313001",,,4.1,313001,,Hotel,yes,,,,,https://hotelzz.in/property.html?id=the-heritage-mansion-udaipur-in04331
marigold-manor-udaipur-in04332,Marigold Manor Udaipur,Udaipur,udaipur,"207, Sajjangarh Rd, Lal Ghat, Udaipur, Rajasthan 313002",,,4.9,313002,,Hotel,yes,,,,,https://hotelzz.in/property.html?id=marigold-manor-udaipur-in04332
casa-niwas-boutique-udaipur-in04333,Casa Niwas Boutique Udaipur,Udaipur,udaipur,"167, Sajjangarh Rd, near City Palace, Udaipur, Rajasthan 313001",,,4.6,313001,,Hotel,yes,,,,,https://hotelzz.in/property.html?id=casa-niwas-boutique-udaipur-in04333
saffron-niwas-boutique-udaipur-in04334,Saffron Niwas Boutique Udaipur,Udaipur,udaipur,"381, Lal Ghat, Lal Ghat, Udaipur, Rajasthan 313002",,,4.9,313002,,Hotel,yes,,,,,https://hotelzz.in/property.html?id=saffron-niwas-boutique-udaipur-in04334
hotel-wooden-palace-udaipur-in04335,Hotel Wooden Palace Udaipur,Udaipur,udaipur,"298, Hiran Magri, City of Lakes, Udaipur, Rajasthan 313002",,,4.5,313002,,Hotel,yes,,,,,https://hotelzz.in/property.html?id=hotel-wooden-palace-udaipur-in04335
azure-niwas-boutique-udaipur-in04336,Azure Niwas Boutique Udaipur,Udaipur,udaipur,"152, Hiran Magri, near Lake Pichola, Udaipur, Rajasthan 313004",,,4.6,313004,,Hotel,yes,,,,,https://hotelzz.in/property.html?id=azure-niwas-boutique-udaipur-in04336
tranquil-manor-udaipur-in04337,Tranquil Manor Udaipur,Udaipur,udaipur,"352, Ambamata, near Lake Pichola, Udaipur, Rajasthan 313004",,,4.7,313004,,Hotel,yes,,,,,https://hotelzz.in/property.html?id=tranquil-manor-udaipur-in04337
crystal-haveli-udaipur-in04338,Crystal Haveli Udaipur,Udaipur,udaipur,"175, City Palace Rd, Lal Ghat, Udaipur, Rajasthan 313004",,,4.4,313004,,Hotel,yes,,,,,https://hotelzz.in/property.html?id=crystal-haveli-udaipur-in04338
indigo-heritage-inn-udaipur-in04339,Indigo Heritage Inn Udaipur,Udaipur,udaipur,"452, Fateh Sagar, City of Lakes, Udaipur, Rajasthan 313004",,,4.7,313004,,Hotel,yes,,,,,https://hotelzz.in/property.html?id=indigo-heritage-inn-udaipur-in04339
the-maharajas-royal-udaipur-in04340,The Maharaja's Royal Udaipur,Udaipur,udaipur,"378, Sajjangarh Rd, Fateh Sagar, Udaipur, Rajasthan 313001",,,4.5,313001,,Hotel,yes,,,,,https://hotelzz.in/property.html?id=the-maharajas-royal-udaipur-in04340
the-serene-mansion-udaipur-in04341,The Serene Mansion Udaipur,Udaipur,udaipur,"353, Lal Ghat, near Lake Pichola, Udaipur, Rajasthan 313002",,,4.2,313002,,Hotel,yes,,,,,https://hotelzz.in/property.html?id=the-serene-mansion-udaipur-in04341
the-maharajas-casa-udaipur-in04342,The Maharaja's Casa Udaipur,Udaipur,udaipur,"362, City Palace Rd, City of Lakes, Udaipur, Rajasthan 313004",,,4.4,313004,,Hotel,yes,,,,,https://hotelzz.in/property.html?id=the-maharajas-casa-udaipur-in04342
the-maharajas-aria-udaipur-in04343,The Maharaja's Aria Udaipur,Udaipur,udaipur,"386, Ambamata, Fateh Sagar, Udaipur, Rajasthan 313004",,,4.6,313004,,Hotel,yes,,,,,https://hotelzz.in/property.html?id=the-maharajas-aria-udaipur-in04343
hotel-heritage-palace-udaipur-in04344,Hotel Heritage Palace Udaipur,Udaipur,udaipur,"309, Sajjangarh Rd, Sajjangarh, Udaipur, Rajasthan 313001",,,4.6,313001,,Hotel,yes,,,,,https://hotelzz.in/property.html?id=hotel-heritage-palace-udaipur-in04344
silver-haveli-udaipur-in04345,Silver Haveli Udaipur,Udaipur,udaipur,"343, Lake Pichola, Sajjangarh, Udaipur, Rajasthan 313001",,,4.1,313001,,Hotel,yes,,,,,https://hotelzz.in/property.html?id=silver-haveli-udaipur-in04345
alpine-niwas-boutique-udaipur-in04346,Alpine Niwas Boutique Udaipur,Udaipur,udaipur,"561, Lake Pichola, Sajjangarh, Udaipur, Rajasthan 313004",,,4.7,313004,,Hotel,yes,,,,,https://hotelzz.in/property.html?id=alpine-niwas-boutique-udaipur-in04346
the-maharajas-ocean-udaipur-in04347,The Maharaja's Ocean Udaipur,Udaipur,udaipur,"510, Lal Ghat, near City Palace, Udaipur, Rajasthan 313004",,,4.7,313004,,Hotel,yes,,,,,https://hotelzz.in/property.html?id=the-maharajas-ocean-udaipur-in04347
the-aspen-mansion-udaipur-in04348,The Aspen Mansion Udaipur,Udaipur,udaipur,"254, Hiran Magri, near Lake Pichola, Udaipur, Rajasthan 313002",,,4.2,313002,,Hotel,yes,,,,,https://hotelzz.in/property.html?id=the-aspen-mansion-udaipur-in04348
velvet-heritage-inn-udaipur-in04349,Velvet Heritage Inn Udaipur,Udaipur,udaipur,"210, Fateh Sagar, near Lake Pichola, Udaipur, Rajasthan 313001",,,4.1,313001,,Hotel,yes,,,,,https://hotelzz.in/property.html?id=velvet-heritage-inn-udaipur-in04349
cosy-niwas-boutique-udaipur-in04350,Cosy Niwas Boutique Udaipur,Udaipur,udaipur,"161, Hiran Magri, near Lake Pichola, Udaipur, Rajasthan 313001",,,4.2,313001,,Hotel,yes,,,,,https://hotelzz.in/property.html?id=cosy-niwas-boutique-udaipur-in04350
the-whispering-mansion-udaipur-in04351,The Whispering Mansion Udaipur,Udaipur,udaipur,"132, Lake Pichola, Sajjangarh, Udaipur, Rajasthan 313002",,,4.7,313002,,Hotel,yes,,,,,https://hotelzz.in/property.html?id=the-whispering-mansion-udaipur-in04351
hotel-orchid-palace-udaipur-in04352,Hotel Orchid Palace Udaipur,Udaipur,udaipur,"222, Fateh Sagar, Sajjangarh, Udaipur, Rajasthan 313004",,,4.7,313004,,Hotel,yes,,,,,https://hotelzz.in/property.html?id=hotel-orchid-palace-udaipur-in04352
aspen-manor-udaipur-in04353,Aspen Manor Udaipur,Udaipur,udaipur,"168, Fateh Sagar, City of Lakes, Udaipur, Rajasthan 313002",,,4.2,313002,,Hotel,yes,,,,,https://hotelzz.in/property.html?id=aspen-manor-udaipur-in04353
misty-haveli-udaipur-in04354,Misty Haveli Udaipur,Udaipur,udaipur,"69, Lake Pichola, near Lake Pichola, Udaipur, Rajasthan 313001",,,4.0,313001,,Hotel,yes,,,,,https://hotelzz.in/property.html?id=misty-haveli-udaipur-in04354
casa-haveli-udaipur-in04355,Casa Haveli Udaipur,Udaipur,udaipur,"199, Hiran Magri, Fateh Sagar, Udaipur, Rajasthan 313001",,,4.8,313001,,Hotel,yes,,,,,https://hotelzz.in/property.html?id=casa-haveli-udaipur-in04355
hotel-sunrise-palace-udaipur-in04356,Hotel Sunrise Palace Udaipur,Udaipur,udaipur,"592, Ambamata, Fateh Sagar, Udaipur, Rajasthan 313002",,,4.9,313002,,Hotel,yes,,,,,https://hotelzz.in/property.html?id=hotel-sunrise-palace-udaipur-in04356
the-alpine-mansion-udaipur-in04357,The Alpine Mansion Udaipur,Udaipur,udaipur,"567, Ambamata, near Lake Pichola, Udaipur, Rajasthan 313001",,,4.1,313001,,Hotel,yes,,,,,https://hotelzz.in/property.html?id=the-alpine-mansion-udaipur-in04357
tranquil-haveli-udaipur-in04358,Tranquil Haveli Udaipur,Udaipur,udaipur,"49, Lal Ghat, Fateh Sagar, Udaipur, Rajasthan 313002",,,4.5,313002,,Hotel,yes,,,,,https://hotelzz.in/property.html?id=tranquil-haveli-udaipur-in04358
the-ocean-mansion-udaipur-in04359,The Ocean Mansion Udaipur,Udaipur,udaipur,"450, Sajjangarh Rd, near Lake Pichola, Udaipur, Rajasthan 313004",,,4.7,313004,,Hotel,yes,,,,,https://hotelzz.in/property.html?id=the-ocean-mansion-udaipur-in04359
imperial-manor-udaipur-in04360,Imperial Manor Udaipur,Udaipur,udaipur,"179, Lake Pichola, near City Palace, Udaipur, Rajasthan 313001",,,4.5,313001,,Hotel,yes,,,,,https://hotelzz.in/property.html?id=imperial-manor-udaipur-in04360
whispering-niwas-boutique-udaipur-in04361,Whispering Niwas Boutique Udaipur,Udaipur,udaipur,"10, Sajjangarh Rd, Lal Ghat, Udaipur, Rajasthan 313002",,,4.5,313002,,Hotel,yes,,,,,https://hotelzz.in/property.html?id=whispering-niwas-boutique-udaipur-in04361
the-vintage-mansion-udaipur-in04362,The Vintage Mansion Udaipur,Udaipur,udaipur,"543, Fateh Sagar, near City Palace, Udaipur, Rajasthan 313004",,,4.0,313004,,Hotel,yes,,,,,https://hotelzz.in/property.html?id=the-vintage-mansion-udaipur-in04362
regal-niwas-boutique-udaipur-in04363,Regal Niwas Boutique Udaipur,Udaipur,udaipur,"186, Fateh Sagar, Fateh Sagar, Udaipur, Rajasthan 313002",,,4.7,313002,,Hotel,yes,,,,,https://hotelzz.in/property.html?id=regal-niwas-boutique-udaipur-in04363
hotel-maple-palace-udaipur-in04364,Hotel Maple Palace Udaipur,Udaipur,udaipur,"405, Fateh Sagar, near Lake Pichola, Udaipur, Rajasthan 313001",,,4.8,313001,,Hotel,yes,,,,,https://hotelzz.in/property.html?id=hotel-maple-palace-udaipur-in04364
vintage-niwas-boutique-udaipur-in04365,Vintage Niwas Boutique Udaipur,Udaipur,udaipur,"183, Ambamata, City of Lakes, Udaipur, Rajasthan 313004",,,4.7,313004,,Hotel,yes,,,,,https://hotelzz.in/property.html?id=vintage-niwas-boutique-udaipur-in04365
hotel-crown-palace-udaipur-in04366,Hotel Crown Palace Udaipur,Udaipur,udaipur,"236, Lake Pichola, near Lake Pichola, Udaipur, Rajasthan 313001",,,4.5,313001,,Hotel,yes,,,,,https://hotelzz.in/property.html?id=hotel-crown-palace-udaipur-in04366
maple-niwas-boutique-udaipur-in04367,Maple Niwas Boutique Udaipur,Udaipur,udaipur,"204, Lal Ghat, Fateh Sagar, Udaipur, Rajasthan 313002",,,4.1,313002,,Hotel,yes,,,,,https://hotelzz.in/property.html?id=maple-niwas-boutique-udaipur-in04367
serene-manor-udaipur-in04368,Serene Manor Udaipur,Udaipur,udaipur,"169, City Palace Rd, City of Lakes, Udaipur, Rajasthan 313004",,,4.6,313004,,Hotel,yes,,,,,https://hotelzz.in/property.html?id=serene-manor-udaipur-in04368
hotel-silver-palace-udaipur-in04369,Hotel Silver Palace Udaipur,Udaipur,udaipur,"423, Hiran Magri, City of Lakes, Udaipur, Rajasthan 313004",,,4.3,313004,,Hotel,yes,,,,,https://hotelzz.in/property.html?id=hotel-silver-palace-udaipur-in04369
emerald-niwas-boutique-udaipur-in04370,Emerald Niwas Boutique Udaipur,Udaipur,udaipur,"428, Hiran Magri, near City Palace, Udaipur, Rajasthan 313001",,,4.1,313001,,Hotel,yes,,,,,https://hotelzz.in/property.html?id=emerald-niwas-boutique-udaipur-in04370
imperial-heritage-inn-udaipur-in04371,Imperial Heritage Inn Udaipur,Udaipur,udaipur,"391, City Palace Rd, City of Lakes, Udaipur, Rajasthan 313001",,,4.5,313001,,Hotel,yes,,,,,https://hotelzz.in/property.html?id=imperial-heritage-inn-udaipur-in04371
aspen-niwas-boutique-udaipur-in04372,Aspen Niwas Boutique Udaipur,Udaipur,udaipur,"469, Ambamata, Sajjangarh, Udaipur, Rajasthan 313004",,,4.0,313004,,Hotel,yes,,,,,https://hotelzz.in/property.html?id=aspen-niwas-boutique-udaipur-in04372
silver-heritage-inn-udaipur-in04373,Silver Heritage Inn Udaipur,Udaipur,udaipur,"311, Sajjangarh Rd, Fateh Sagar, Udaipur, Rajasthan 313002",,,4.4,313002,,Hotel,yes,,,,,https://hotelzz.in/property.html?id=silver-heritage-inn-udaipur-in04373
whispering-heritage-inn-udaipur-in04374,Whispering Heritage Inn Udaipur,Udaipur,udaipur,"267, Lake Pichola, near City Palace, Udaipur, Rajasthan 313004",,,4.4,313004,,Hotel,yes,,,,,https://hotelzz.in/property.html?id=whispering-heritage-inn-udaipur-in04374
aspen-haveli-udaipur-in04375,Aspen Haveli Udaipur,Udaipur,udaipur,"222, City Palace Rd, Lal Ghat, Udaipur, Rajasthan 313004",,,4.3,313004,,Hotel,yes,,,,,https://hotelzz.in/property.html?id=aspen-haveli-udaipur-in04375
hotel-sapphire-palace-udaipur-in04376,Hotel Sapphire Palace Udaipur,Udaipur,udaipur,"518, City Palace Rd, Sajjangarh, Udaipur, Rajasthan 313002",,,4.8,313002,,Hotel,yes,,,,,https://hotelzz.in/property.html?id=hotel-sapphire-palace-udaipur-in04376
hotel-aria-palace-udaipur-in04377,Hotel Aria Palace Udaipur,Udaipur,udaipur,"65, Lake Pichola, Lal Ghat, Udaipur, Rajasthan 313004",,,4.0,313004,,Hotel,yes,,,,,https://hotelzz.in/property.html?id=hotel-aria-palace-udaipur-in04377
azure-manor-udaipur-in04378,Azure Manor Udaipur,Udaipur,udaipur,"579, Sajjangarh Rd, Lal Ghat, Udaipur, Rajasthan 313001",,,4.6,313001,,Hotel,yes,,,,,https://hotelzz.in/property.html?id=azure-manor-udaipur-in04378
the-maharajas-aurora-udaipur-in04379,The Maharaja's Aurora Udaipur,Udaipur,udaipur,"590, Lake Pichola, near Lake Pichola, Udaipur, Rajasthan 313001",,,4.7,313001,,Hotel,yes,,,,,https://hotelzz.in/property.html?id=the-maharajas-aurora-udaipur-in04379
the-maharajas-wooden-udaipur-in04380,The Maharaja's Wooden Udaipur,Udaipur,udaipur,"524, Sajjangarh Rd, City of Lakes, Udaipur, Rajasthan 313004",,,4.7,313004,,Hotel,yes,,,,,https://hotelzz.in/property.html?id=the-maharajas-wooden-udaipur-in04380
the-maharajas-sapphire-udaipur-in04381,The Maharaja's Sapphire Udaipur,Udaipur,udaipur,"237, Lake Pichola, near City Palace, Udaipur, Rajasthan 313002",,,4.6,313002,,Hotel,yes,,,,,https://hotelzz.in/property.html?id=the-maharajas-sapphire-udaipur-in04381
highland-haveli-udaipur-in04382,Highland Haveli Udaipur,Udaipur,udaipur,"439, Sajjangarh Rd, near City Palace, Udaipur, Rajasthan 313004",,,4.3,313004,,Hotel,yes,,,,,https://hotelzz.in/property.html?id=highland-haveli-udaipur-in04382
hotel-aurora-palace-udaipur-in04383,Hotel Aurora Palace Udaipur,Udaipur,udaipur,"448, Ambamata, near Lake Pichola, Udaipur, Rajasthan 313001",,,4.3,313001,,Hotel,yes,,,,,https://hotelzz.in/property.html?id=hotel-aurora-palace-udaipur-in04383
the-maharajas-serene-udaipur-in04384,The Maharaja's Serene Udaipur,Udaipur,udaipur,"560, Hiran Magri, near City Palace, Udaipur, Rajasthan 313001",,,4.4,313001,,Hotel,yes,,,,,https://hotelzz.in/property.html?id=the-maharajas-serene-udaipur-in04384
the-maharajas-pearl-udaipur-in04385,The Maharaja's Pearl Udaipur,Udaipur,udaipur,"81, Lal Ghat, City of Lakes, Udaipur, Rajasthan 313004",,,4.1,313004,,Hotel,yes,,,,,https://hotelzz.in/property.html?id=the-maharajas-pearl-udaipur-in04385
the-maharajas-whispering-udaipur-in04386,The Maharaja's Whispering Udaipur,Udaipur,udaipur,"454, City Palace Rd, Fateh Sagar, Udaipur, Rajasthan 313001",,,4.6,313001,,Hotel,yes,,,,,https://hotelzz.in/property.html?id=the-maharajas-whispering-udaipur-in04386
marigold-haveli-udaipur-in04387,Marigold Haveli Udaipur,Udaipur,udaipur,"420, Lake Pichola, Fateh Sagar, Udaipur, Rajasthan 313001",,,4.1,313001,,Hotel,yes,,,,,https://hotelzz.in/property.html?id=marigold-haveli-udaipur-in04387
the-silver-mansion-udaipur-in04388,The Silver Mansion Udaipur,Udaipur,udaipur,"502, Fateh Sagar, Sajjangarh, Udaipur, Rajasthan 313001",,,4.1,313001,,Hotel,yes,,,,,https://hotelzz.in/property.html?id=the-silver-mansion-udaipur-in04388
aria-niwas-boutique-udaipur-in04389,Aria Niwas Boutique Udaipur,Udaipur,udaipur,"392, Lal Ghat, Fateh Sagar, Udaipur, Rajasthan 313004",,,4.5,313004,,Hotel,yes,,,,,https://hotelzz.in/property.html?id=aria-niwas-boutique-udaipur-in04389
silver-manor-udaipur-in04390,Silver Manor Udaipur,Udaipur,udaipur,"239, Lake Pichola, near City Palace, Udaipur, Rajasthan 313002",,,4.7,313002,,Hotel,yes,,,,,https://hotelzz.in/property.html?id=silver-manor-udaipur-in04390
hotel-imperial-palace-udaipur-in04391,Hotel Imperial Palace Udaipur,Udaipur,udaipur,"256, Fateh Sagar, near City Palace, Udaipur, Rajasthan 313004",,,4.0,313004,,Hotel,yes,,,,,https://hotelzz.in/property.html?id=hotel-imperial-palace-udaipur-in04391
hotel-crown-palace-udaipur-92-in04392,Hotel Crown Palace Udaipur 92,Udaipur,udaipur,"199, City Palace Rd, near City Palace, Udaipur, Rajasthan 313002",,,4.9,313002,,Hotel,yes,,,,,https://hotelzz.in/property.html?id=hotel-crown-palace-udaipur-92-in04392
the-highland-mansion-udaipur-in04393,The Highland Mansion Udaipur,Udaipur,udaipur,"393, Ambamata, near City Palace, Udaipur, Rajasthan 313002",,,4.6,313002,,Hotel,yes,,,,,https://hotelzz.in/property.html?id=the-highland-mansion-udaipur-in04393
aurora-haveli-udaipur-in04394,Aurora Haveli Udaipur,Udaipur,udaipur,"269, Ambamata, City of Lakes, Udaipur, Rajasthan 313004",,,4.1,313004,,Hotel,yes,,,,,https://hotelzz.in/property.html?id=aurora-haveli-udaipur-in04394
pearl-niwas-boutique-udaipur-in04395,Pearl Niwas Boutique Udaipur,Udaipur,udaipur,"516, Sajjangarh Rd, Lal Ghat, Udaipur, Rajasthan 313001",,,4.2,313001,,Hotel,yes,,,,,https://hotelzz.in/property.html?id=pearl-niwas-boutique-udaipur-in04395
hotel-velvet-palace-udaipur-in04396,Hotel Velvet Palace Udaipur,Udaipur,udaipur,"292, Fateh Sagar, near Lake Pichola, Udaipur, Rajasthan 313001",,,4.3,313001,,Hotel,yes,,,,,https://hotelzz.in/property.html?id=hotel-velvet-palace-udaipur-in04396
the-maharajas-cosy-udaipur-in04397,The Maharaja's Cosy Udaipur,Udaipur,udaipur,"354, Ambamata, near Lake Pichola, Udaipur, Rajasthan 313004",,,4.7,313004,,Hotel,yes,,,,,https://hotelzz.in/property.html?id=the-maharajas-cosy-udaipur-in04397
the-maharajas-vintage-udaipur-in04398,The Maharaja's Vintage Udaipur,Udaipur,udaipur,"406, Sajjangarh Rd, Fateh Sagar, Udaipur, Rajasthan 313004",,,4.1,313004,,Hotel,yes,,,,,https://hotelzz.in/property.html?id=the-maharajas-vintage-udaipur-in04398
crown-niwas-boutique-udaipur-in04399,Crown Niwas Boutique Udaipur,Udaipur,udaipur,"567, Fateh Sagar, near City Palace, Udaipur, Rajasthan 313001",,,4.4,313001,,Hotel,yes,,,,,https://hotelzz.in/property.html?id=crown-niwas-boutique-udaipur-in04399
tranquil-niwas-boutique-udaipur-in04400,Tranquil Niwas Boutique Udaipur,Udaipur,udaipur,"559, Sajjangarh Rd, Sajjangarh, Udaipur, Rajasthan 313004",,,4.1,313004,,Hotel,yes,,,,,https://hotelzz.in/property.html?id=tranquil-niwas-boutique-udaipur-in04400
the-azure-sanctuary-varanasi-in04401,The Azure Sanctuary Varanasi,Varanasi,varanasi,"494, Bhelupur, near Assi Ghat, Varanasi, Uttar Pradesh 221001",,,4.1,221001,,Homestay,yes,,,,,https://hotelzz.in/property.html?id=the-azure-sanctuary-varanasi-in04401
pearl-ashram-stay-varanasi-in04402,Pearl Ashram Stay Varanasi,Varanasi,varanasi,"120, Sigra, near Kashi Vishwanath, Varanasi, Uttar Pradesh 221001",,,4.6,221001,,Homestay,yes,,,,,https://hotelzz.in/property.html?id=pearl-ashram-stay-varanasi-in04402
crystal-riverside-varanasi-in04403,Crystal Riverside Varanasi,Varanasi,varanasi,"499, Assi Ghat, near Kashi Vishwanath, Varanasi, Uttar Pradesh 221005",,,4.7,221005,,Homestay,yes,,,,,https://hotelzz.in/property.html?id=crystal-riverside-varanasi-in04403
hotel-varanasi-tranquil-in04404,Hotel Varanasi Tranquil,Varanasi,varanasi,"102, Godowlia, near Dashashwamedh, Varanasi, Uttar Pradesh 221005",,,4.1,221005,,Homestay,yes,,,,,https://hotelzz.in/property.html?id=hotel-varanasi-tranquil-in04404
tranquil-ashram-stay-varanasi-in04405,Tranquil Ashram Stay Varanasi,Varanasi,varanasi,"398, Bhelupur, Cantonment, Varanasi, Uttar Pradesh 221010",,,4.0,221010,,Homestay,yes,,,,,https://hotelzz.in/property.html?id=tranquil-ashram-stay-varanasi-in04405
serene-varanasi-inn-in04406,Serene Varanasi Inn,Varanasi,varanasi,"529, Sigra, Cantonment, Varanasi, Uttar Pradesh 221002",,,4.1,221002,,Homestay,yes,,,,,https://hotelzz.in/property.html?id=serene-varanasi-inn-in04406
hotel-varanasi-sacred-in04407,Hotel Varanasi Sacred,Varanasi,varanasi,"332, Sigra, near Kashi Vishwanath, Varanasi, Uttar Pradesh 221001",,,4.2,221001,,Homestay,yes,,,,,https://hotelzz.in/property.html?id=hotel-varanasi-sacred-in04407
pearl-peace-lodge-varanasi-in04408,Pearl Peace Lodge Varanasi,Varanasi,varanasi,"346, Lanka, near Assi Ghat, Varanasi, Uttar Pradesh 221001",,,4.2,221001,,Homestay,yes,,,,,https://hotelzz.in/property.html?id=pearl-peace-lodge-varanasi-in04408
hotel-varanasi-pilgrim-in04409,Hotel Varanasi Pilgrim,Varanasi,varanasi,"414, Sigra, Cantonment, Varanasi, Uttar Pradesh 221001",,,4.7,221001,,Homestay,yes,,,,,https://hotelzz.in/property.html?id=hotel-varanasi-pilgrim-in04409
maple-riverside-varanasi-in04410,Maple Riverside Varanasi,Varanasi,varanasi,"107, Assi Ghat, near Kashi Vishwanath, Varanasi, Uttar Pradesh 221002",,,4.2,221002,,Homestay,yes,,,,,https://hotelzz.in/property.html?id=maple-riverside-varanasi-in04410
regal-peace-lodge-varanasi-in04411,Regal Peace Lodge Varanasi,Varanasi,varanasi,"373, Sigra, Old City, Varanasi, Uttar Pradesh 221001",,,4.7,221001,,Homestay,yes,,,,,https://hotelzz.in/property.html?id=regal-peace-lodge-varanasi-in04411
tapasya-varanasi-stay-in04412,Tapasya Varanasi Stay,Varanasi,varanasi,"305, Assi Ghat, Old City, Varanasi, Uttar Pradesh 221010",,,4.6,221010,,Homestay,yes,,,,,https://hotelzz.in/property.html?id=tapasya-varanasi-stay-in04412
heritage-ghat-view-varanasi-in04413,Heritage Ghat View Varanasi,Varanasi,varanasi,"416, Sigra, Cantonment, Varanasi, Uttar Pradesh 221002",,,4.5,221002,,Homestay,yes,,,,,https://hotelzz.in/property.html?id=heritage-ghat-view-varanasi-in04413
emerald-tirth-varanasi-in04414,Emerald Tirth Varanasi,Varanasi,varanasi,"286, Godowlia, Cantonment, Varanasi, Uttar Pradesh 221010",,,4.4,221010,,Homestay,yes,,,,,https://hotelzz.in/property.html?id=emerald-tirth-varanasi-in04414
highland-peace-lodge-varanasi-in04415,Highland Peace Lodge Varanasi,Varanasi,varanasi,"556, Dashashwamedh Ghat, Old City, Varanasi, Uttar Pradesh 221002",,,4.0,221002,,Homestay,yes,,,,,https://hotelzz.in/property.html?id=highland-peace-lodge-varanasi-in04415
vintage-ashram-stay-varanasi-in04416,Vintage Ashram Stay Varanasi,Varanasi,varanasi,"550, Lanka, near Assi Ghat, Varanasi, Uttar Pradesh 221010",,,4.9,221010,,Homestay,yes,,,,,https://hotelzz.in/property.html?id=vintage-ashram-stay-varanasi-in04416
sunrise-tirth-varanasi-in04417,Sunrise Tirth Varanasi,Varanasi,varanasi,"459, Assi Ghat, near Dashashwamedh, Varanasi, Uttar Pradesh 221002",,,4.4,221002,,Homestay,yes,,,,,https://hotelzz.in/property.html?id=sunrise-tirth-varanasi-in04417
hotel-varanasi-heritage-in04418,Hotel Varanasi Heritage,Varanasi,varanasi,"31, Sigra, Old City, Varanasi, Uttar Pradesh 221002",,,4.4,221002,,Homestay,yes,,,,,https://hotelzz.in/property.html?id=hotel-varanasi-heritage-in04418
saffron-peace-lodge-varanasi-in04419,Saffron Peace Lodge Varanasi,Varanasi,varanasi,"343, Bhelupur, Old City, Varanasi, Uttar Pradesh 221010",,,4.2,221010,,Homestay,yes,,,,,https://hotelzz.in/property.html?id=saffron-peace-lodge-varanasi-in04419
wooden-ashram-stay-varanasi-in04420,Wooden Ashram Stay Varanasi,Varanasi,varanasi,"51, Dashashwamedh Ghat, Cantonment, Varanasi, Uttar Pradesh 221002",,,4.1,221002,,Homestay,yes,,,,,https://hotelzz.in/property.html?id=wooden-ashram-stay-varanasi-in04420
maple-ghat-view-varanasi-in04421,Maple Ghat View Varanasi,Varanasi,varanasi,"351, Assi Ghat, near Kashi Vishwanath, Varanasi, Uttar Pradesh 221010",,,4.8,221010,,Homestay,yes,,,,,https://hotelzz.in/property.html?id=maple-ghat-view-varanasi-in04421
hotel-varanasi-divine-in04422,Hotel Varanasi Divine,Varanasi,varanasi,"290, Godowlia, near Dashashwamedh, Varanasi, Uttar Pradesh 221005",,,4.1,221005,,Homestay,yes,,,,,https://hotelzz.in/property.html?id=hotel-varanasi-divine-in04422
the-imperial-sanctuary-varanasi-in04423,The Imperial Sanctuary Varanasi,Varanasi,varanasi,"595, Cantonment, near Assi Ghat, Varanasi, Uttar Pradesh 221005",,,4.8,221005,,Homestay,yes,,,,,https://hotelzz.in/property.html?id=the-imperial-sanctuary-varanasi-in04423
aspen-peace-lodge-varanasi-in04424,Aspen Peace Lodge Varanasi,Varanasi,varanasi,"219, Dashashwamedh Ghat, Cantonment, Varanasi, Uttar Pradesh 221002",,,4.5,221002,,Homestay,yes,,,,,https://hotelzz.in/property.html?id=aspen-peace-lodge-varanasi-in04424
the-aurora-sanctuary-varanasi-in04425,The Aurora Sanctuary Varanasi,Varanasi,varanasi,"163, Bhelupur, near Assi Ghat, Varanasi, Uttar Pradesh 221010",,,4.8,221010,,Homestay,yes,,,,,https://hotelzz.in/property.html?id=the-aurora-sanctuary-varanasi-in04425
tranquil-riverside-varanasi-in04426,Tranquil Riverside Varanasi,Varanasi,varanasi,"84, Lanka, Old City, Varanasi, Uttar Pradesh 221001",,,4.4,221001,,Homestay,yes,,,,,https://hotelzz.in/property.html?id=tranquil-riverside-varanasi-in04426
azure-ashram-stay-varanasi-in04427,Azure Ashram Stay Varanasi,Varanasi,varanasi,"142, Cantonment, Old City, Varanasi, Uttar Pradesh 221010",,,4.5,221010,,Homestay,yes,,,,,https://hotelzz.in/property.html?id=azure-ashram-stay-varanasi-in04427
velvet-peace-lodge-varanasi-in04428,Velvet Peace Lodge Varanasi,Varanasi,varanasi,"328, Sigra, Old City, Varanasi, Uttar Pradesh 221002",,,4.2,221002,,Homestay,yes,,,,,https://hotelzz.in/property.html?id=velvet-peace-lodge-varanasi-in04428
serene-tirth-varanasi-in04429,Serene Tirth Varanasi,Varanasi,varanasi,"198, Godowlia, Old City, Varanasi, Uttar Pradesh 221001",,,4.7,221001,,Homestay,yes,,,,,https://hotelzz.in/property.html?id=serene-tirth-varanasi-in04429
varanasi-yog-retreat-in04430,Varanasi Yog Retreat,Varanasi,varanasi,"448, Bhelupur, near Dashashwamedh, Varanasi, Uttar Pradesh 221005",,,4.2,221005,,Homestay,yes,,,,,https://hotelzz.in/property.html?id=varanasi-yog-retreat-in04430
sunrise-riverside-varanasi-in04431,Sunrise Riverside Varanasi,Varanasi,varanasi,"41, Sigra, near Assi Ghat, Varanasi, Uttar Pradesh 221001",,,4.8,221001,,Homestay,yes,,,,,https://hotelzz.in/property.html?id=sunrise-riverside-varanasi-in04431
whispering-riverside-varanasi-in04432,Whispering Riverside Varanasi,Varanasi,varanasi,"176, Godowlia, near Dashashwamedh, Varanasi, Uttar Pradesh 221002",,,4.5,221002,,Homestay,yes,,,,,https://hotelzz.in/property.html?id=whispering-riverside-varanasi-in04432
alpine-peace-lodge-varanasi-in04433,Alpine Peace Lodge Varanasi,Varanasi,varanasi,"165, Lanka, Old City, Varanasi, Uttar Pradesh 221002",,,4.9,221002,,Homestay,yes,,,,,https://hotelzz.in/property.html?id=alpine-peace-lodge-varanasi-in04433
casa-riverside-varanasi-in04434,Casa Riverside Varanasi,Varanasi,varanasi,"220, Dashashwamedh Ghat, near Kashi Vishwanath, Varanasi, Uttar Pradesh 221005",,,4.2,221005,,Homestay,yes,,,,,https://hotelzz.in/property.html?id=casa-riverside-varanasi-in04434
the-pearl-sanctuary-varanasi-in04435,The Pearl Sanctuary Varanasi,Varanasi,varanasi,"136, Lanka, near Assi Ghat, Varanasi, Uttar Pradesh 221002",,,4.9,221002,,Homestay,yes,,,,,https://hotelzz.in/property.html?id=the-pearl-sanctuary-varanasi-in04435
the-orchid-sanctuary-varanasi-in04436,The Orchid Sanctuary Varanasi,Varanasi,varanasi,"195, Bhelupur, Old City, Varanasi, Uttar Pradesh 221002",,,4.7,221002,,Homestay,yes,,,,,https://hotelzz.in/property.html?id=the-orchid-sanctuary-varanasi-in04436
whispering-peace-lodge-varanasi-in04437,Whispering Peace Lodge Varanasi,Varanasi,varanasi,"398, Lanka, near Dashashwamedh, Varanasi, Uttar Pradesh 221005",,,4.6,221005,,Homestay,yes,,,,,https://hotelzz.in/property.html?id=whispering-peace-lodge-varanasi-in04437
ocean-tirth-varanasi-in04438,Ocean Tirth Varanasi,Varanasi,varanasi,"208, Cantonment, near Assi Ghat, Varanasi, Uttar Pradesh 221010",,,4.2,221010,,Homestay,yes,,,,,https://hotelzz.in/property.html?id=ocean-tirth-varanasi-in04438
silver-ashram-stay-varanasi-in04439,Silver Ashram Stay Varanasi,Varanasi,varanasi,"166, Lanka, Old City, Varanasi, Uttar Pradesh 221001",,,4.7,221001,,Homestay,yes,,,,,https://hotelzz.in/property.html?id=silver-ashram-stay-varanasi-in04439
regal-ghat-view-varanasi-in04440,Regal Ghat View Varanasi,Varanasi,varanasi,"428, Cantonment, Cantonment, Varanasi, Uttar Pradesh 221002",,,4.2,221002,,Homestay,yes,,,,,https://hotelzz.in/property.html?id=regal-ghat-view-varanasi-in04440
cosy-peace-lodge-varanasi-in04441,Cosy Peace Lodge Varanasi,Varanasi,varanasi,"210, Dashashwamedh Ghat, Cantonment, Varanasi, Uttar Pradesh 221005",,,4.0,221005,,Homestay,yes,,,,,https://hotelzz.in/property.html?id=cosy-peace-lodge-varanasi-in04441
the-saffron-sanctuary-varanasi-in04442,The Saffron Sanctuary Varanasi,Varanasi,varanasi,"53, Dashashwamedh Ghat, near Dashashwamedh, Varanasi, Uttar Pradesh 221005",,,4.6,221005,,Homestay,yes,,,,,https://hotelzz.in/property.html?id=the-saffron-sanctuary-varanasi-in04442
aria-peace-lodge-varanasi-in04443,Aria Peace Lodge Varanasi,Varanasi,varanasi,"390, Dashashwamedh Ghat, near Kashi Vishwanath, Varanasi, Uttar Pradesh 221002",,,4.5,221002,,Homestay,yes,,,,,https://hotelzz.in/property.html?id=aria-peace-lodge-varanasi-in04443
the-casa-sanctuary-varanasi-in04444,The Casa Sanctuary Varanasi,Varanasi,varanasi,"239, Godowlia, near Dashashwamedh, Varanasi, Uttar Pradesh 221005",,,4.4,221005,,Homestay,yes,,,,,https://hotelzz.in/property.html?id=the-casa-sanctuary-varanasi-in04444
the-aria-sanctuary-varanasi-in04445,The Aria Sanctuary Varanasi,Varanasi,varanasi,"235, Sigra, near Dashashwamedh, Varanasi, Uttar Pradesh 221005",,,4.3,221005,,Homestay,yes,,,,,https://hotelzz.in/property.html?id=the-aria-sanctuary-varanasi-in04445
regal-riverside-varanasi-in04446,Regal Riverside Varanasi,Varanasi,varanasi,"162, Dashashwamedh Ghat, Old City, Varanasi, Uttar Pradesh 221002",,,4.7,221002,,Homestay,yes,,,,,https://hotelzz.in/property.html?id=regal-riverside-varanasi-in04446
serene-peace-lodge-varanasi-in04447,Serene Peace Lodge Varanasi,Varanasi,varanasi,"161, Godowlia, near Assi Ghat, Varanasi, Uttar Pradesh 221002",,,4.1,221002,,Homestay,yes,,,,,https://hotelzz.in/property.html?id=serene-peace-lodge-varanasi-in04447
aurora-ghat-view-varanasi-in04448,Aurora Ghat View Varanasi,Varanasi,varanasi,"555, Sigra, near Assi Ghat, Varanasi, Uttar Pradesh 221001",,,4.3,221001,,Homestay,yes,,,,,https://hotelzz.in/property.html?id=aurora-ghat-view-varanasi-in04448
misty-tirth-varanasi-in04449,Misty Tirth Varanasi,Varanasi,varanasi,"249, Dashashwamedh Ghat, near Dashashwamedh, Varanasi, Uttar Pradesh 221010",,,4.9,221010,,Homestay,yes,,,,,https://hotelzz.in/property.html?id=misty-tirth-varanasi-in04449
royal-ashram-stay-varanasi-in04450,Royal Ashram Stay Varanasi,Varanasi,varanasi,"31, Assi Ghat, Old City, Varanasi, Uttar Pradesh 221010",,,4.2,221010,,Homestay,yes,,,,,https://hotelzz.in/property.html?id=royal-ashram-stay-varanasi-in04450
aurora-peace-lodge-varanasi-in04451,Aurora Peace Lodge Varanasi,Varanasi,varanasi,"248, Dashashwamedh Ghat, near Assi Ghat, Varanasi, Uttar Pradesh 221010",,,4.8,221010,,Homestay,yes,,,,,https://hotelzz.in/property.html?id=aurora-peace-lodge-varanasi-in04451
the-regal-sanctuary-varanasi-in04452,The Regal Sanctuary Varanasi,Varanasi,varanasi,"95, Assi Ghat, Old City, Varanasi, Uttar Pradesh 221001",,,4.3,221001,,Homestay,yes,,,,,https://hotelzz.in/property.html?id=the-regal-sanctuary-varanasi-in04452
regal-ashram-stay-varanasi-in04453,Regal Ashram Stay Varanasi,Varanasi,varanasi,"199, Lanka, near Kashi Vishwanath, Varanasi, Uttar Pradesh 221010",,,4.4,221010,,Homestay,yes,,,,,https://hotelzz.in/property.html?id=regal-ashram-stay-varanasi-in04453
orchid-riverside-varanasi-in04454,Orchid Riverside Varanasi,Varanasi,varanasi,"47, Bhelupur, near Dashashwamedh, Varanasi, Uttar Pradesh 221010",,,4.5,221010,,Homestay,yes,,,,,https://hotelzz.in/property.html?id=orchid-riverside-varanasi-in04454
alpine-ghat-view-varanasi-in04455,Alpine Ghat View Varanasi,Varanasi,varanasi,"358, Godowlia, Cantonment, Varanasi, Uttar Pradesh 221001",,,4.4,221001,,Homestay,yes,,,,,https://hotelzz.in/property.html?id=alpine-ghat-view-varanasi-in04455
the-serene-sanctuary-varanasi-in04456,The Serene Sanctuary Varanasi,Varanasi,varanasi,"69, Godowlia, near Assi Ghat, Varanasi, Uttar Pradesh 221005",,,4.5,221005,,Homestay,yes,,,,,https://hotelzz.in/property.html?id=the-serene-sanctuary-varanasi-in04456
saffron-tirth-varanasi-in04457,Saffron Tirth Varanasi,Varanasi,varanasi,"242, Dashashwamedh Ghat, near Dashashwamedh, Varanasi, Uttar Pradesh 221001",,,4.6,221001,,Homestay,yes,,,,,https://hotelzz.in/property.html?id=saffron-tirth-varanasi-in04457
marigold-peace-lodge-varanasi-in04458,Marigold Peace Lodge Varanasi,Varanasi,varanasi,"509, Assi Ghat, near Kashi Vishwanath, Varanasi, Uttar Pradesh 221010",,,4.0,221010,,Homestay,yes,,,,,https://hotelzz.in/property.html?id=marigold-peace-lodge-varanasi-in04458
maple-peace-lodge-varanasi-in04459,Maple Peace Lodge Varanasi,Varanasi,varanasi,"397, Cantonment, near Kashi Vishwanath, Varanasi, Uttar Pradesh 221005",,,4.1,221005,,Homestay,yes,,,,,https://hotelzz.in/property.html?id=maple-peace-lodge-varanasi-in04459
sapphire-peace-lodge-varanasi-in04460,Sapphire Peace Lodge Varanasi,Varanasi,varanasi,"352, Assi Ghat, near Dashashwamedh, Varanasi, Uttar Pradesh 221001",,,4.4,221001,,Homestay,yes,,,,,https://hotelzz.in/property.html?id=sapphire-peace-lodge-varanasi-in04460
wooden-peace-lodge-varanasi-in04461,Wooden Peace Lodge Varanasi,Varanasi,varanasi,"164, Godowlia, near Kashi Vishwanath, Varanasi, Uttar Pradesh 221005",,,4.7,221005,,Homestay,yes,,,,,https://hotelzz.in/property.html?id=wooden-peace-lodge-varanasi-in04461
saffron-riverside-varanasi-in04462,Saffron Riverside Varanasi,Varanasi,varanasi,"469, Lanka, Old City, Varanasi, Uttar Pradesh 221010",,,4.6,221010,,Homestay,yes,,,,,https://hotelzz.in/property.html?id=saffron-riverside-varanasi-in04462
tranquil-peace-lodge-varanasi-in04463,Tranquil Peace Lodge Varanasi,Varanasi,varanasi,"337, Bhelupur, Old City, Varanasi, Uttar Pradesh 221005",,,4.3,221005,,Homestay,yes,,,,,https://hotelzz.in/property.html?id=tranquil-peace-lodge-varanasi-in04463
the-sunrise-sanctuary-varanasi-in04464,The Sunrise Sanctuary Varanasi,Varanasi,varanasi,"554, Cantonment, near Dashashwamedh, Varanasi, Uttar Pradesh 221002",,,4.2,221002,,Homestay,yes,,,,,https://hotelzz.in/property.html?id=the-sunrise-sanctuary-varanasi-in04464
emerald-peace-lodge-varanasi-in04465,Emerald Peace Lodge Varanasi,Varanasi,varanasi,"271, Lanka, near Dashashwamedh, Varanasi, Uttar Pradesh 221001",,,4.3,221001,,Homestay,yes,,,,,https://hotelzz.in/property.html?id=emerald-peace-lodge-varanasi-in04465
the-highland-sanctuary-varanasi-in04466,The Highland Sanctuary Varanasi,Varanasi,varanasi,"71, Godowlia, Old City, Varanasi, Uttar Pradesh 221002",,,4.1,221002,,Homestay,yes,,,,,https://hotelzz.in/property.html?id=the-highland-sanctuary-varanasi-in04466
silver-ghat-view-varanasi-in04467,Silver Ghat View Varanasi,Varanasi,varanasi,"278, Lanka, near Kashi Vishwanath, Varanasi, Uttar Pradesh 221002",,,4.8,221002,,Homestay,yes,,,,,https://hotelzz.in/property.html?id=silver-ghat-view-varanasi-in04467
velvet-tirth-varanasi-in04468,Velvet Tirth Varanasi,Varanasi,varanasi,"313, Sigra, Old City, Varanasi, Uttar Pradesh 221002",,,4.6,221002,,Homestay,yes,,,,,https://hotelzz.in/property.html?id=velvet-tirth-varanasi-in04468
vintage-riverside-varanasi-in04469,Vintage Riverside Varanasi,Varanasi,varanasi,"492, Dashashwamedh Ghat, Cantonment, Varanasi, Uttar Pradesh 221010",,,4.1,221010,,Homestay,yes,,,,,https://hotelzz.in/property.html?id=vintage-riverside-varanasi-in04469
marigold-tirth-varanasi-in04470,Marigold Tirth Varanasi,Varanasi,varanasi,"87, Godowlia, near Dashashwamedh, Varanasi, Uttar Pradesh 221002",,,4.6,221002,,Homestay,yes,,,,,https://hotelzz.in/property.html?id=marigold-tirth-varanasi-in04470
whispering-ghat-view-varanasi-in04471,Whispering Ghat View Varanasi,Varanasi,varanasi,"66, Cantonment, near Kashi Vishwanath, Varanasi, Uttar Pradesh 221002",,,4.8,221002,,Homestay,yes,,,,,https://hotelzz.in/property.html?id=whispering-ghat-view-varanasi-in04471
crystal-peace-lodge-varanasi-in04472,Crystal Peace Lodge Varanasi,Varanasi,varanasi,"21, Godowlia, Old City, Varanasi, Uttar Pradesh 221002",,,4.2,221002,,Homestay,yes,,,,,https://hotelzz.in/property.html?id=crystal-peace-lodge-varanasi-in04472
the-misty-sanctuary-varanasi-in04473,The Misty Sanctuary Varanasi,Varanasi,varanasi,"376, Cantonment, Old City, Varanasi, Uttar Pradesh 221005",,,4.8,221005,,Homestay,yes,,,,,https://hotelzz.in/property.html?id=the-misty-sanctuary-varanasi-in04473
indigo-ghat-view-varanasi-in04474,Indigo Ghat View Varanasi,Varanasi,varanasi,"337, Assi Ghat, near Assi Ghat, Varanasi, Uttar Pradesh 221002",,,4.3,221002,,Homestay,yes,,,,,https://hotelzz.in/property.html?id=indigo-ghat-view-varanasi-in04474
aria-ashram-stay-varanasi-in04475,Aria Ashram Stay Varanasi,Varanasi,varanasi,"360, Sigra, Cantonment, Varanasi, Uttar Pradesh 221005",,,4.3,221005,,Homestay,yes,,,,,https://hotelzz.in/property.html?id=aria-ashram-stay-varanasi-in04475
the-marigold-sanctuary-varanasi-in04476,The Marigold Sanctuary Varanasi,Varanasi,varanasi,"226, Bhelupur, near Kashi Vishwanath, Varanasi, Uttar Pradesh 221005",,,4.7,221005,,Homestay,yes,,,,,https://hotelzz.in/property.html?id=the-marigold-sanctuary-varanasi-in04476
crown-ashram-stay-varanasi-in04477,Crown Ashram Stay Varanasi,Varanasi,varanasi,"448, Lanka, Cantonment, Varanasi, Uttar Pradesh 221005",,,4.4,221005,,Homestay,yes,,,,,https://hotelzz.in/property.html?id=crown-ashram-stay-varanasi-in04477
highland-ashram-stay-varanasi-in04478,Highland Ashram Stay Varanasi,Varanasi,varanasi,"406, Bhelupur, Cantonment, Varanasi, Uttar Pradesh 221001",,,4.3,221001,,Homestay,yes,,,,,https://hotelzz.in/property.html?id=highland-ashram-stay-varanasi-in04478
the-alpine-sanctuary-varanasi-in04479,The Alpine Sanctuary Varanasi,Varanasi,varanasi,"96, Lanka, Cantonment, Varanasi, Uttar Pradesh 221001",,,4.2,221001,,Homestay,yes,,,,,https://hotelzz.in/property.html?id=the-alpine-sanctuary-varanasi-in04479
maple-ashram-stay-varanasi-in04480,Maple Ashram Stay Varanasi,Varanasi,varanasi,"410, Assi Ghat, near Assi Ghat, Varanasi, Uttar Pradesh 221002",,,4.8,221002,,Homestay,yes,,,,,https://hotelzz.in/property.html?id=maple-ashram-stay-varanasi-in04480
the-velvet-sanctuary-varanasi-in04481,The Velvet Sanctuary Varanasi,Varanasi,varanasi,"284, Dashashwamedh Ghat, Cantonment, Varanasi, Uttar Pradesh 221002",,,4.8,221002,,Homestay,yes,,,,,https://hotelzz.in/property.html?id=the-velvet-sanctuary-varanasi-in04481
velvet-ashram-stay-varanasi-in04482,Velvet Ashram Stay Varanasi,Varanasi,varanasi,"162, Godowlia, Cantonment, Varanasi, Uttar Pradesh 221005",,,4.3,221005,,Homestay,yes,,,,,https://hotelzz.in/property.html?id=velvet-ashram-stay-varanasi-in04482
indigo-peace-lodge-varanasi-in04483,Indigo Peace Lodge Varanasi,Varanasi,varanasi,"248, Lanka, near Dashashwamedh, Varanasi, Uttar Pradesh 221002",,,4.5,221002,,Homestay,yes,,,,,https://hotelzz.in/property.html?id=indigo-peace-lodge-varanasi-in04483
heritage-tirth-varanasi-in04484,Heritage Tirth Varanasi,Varanasi,varanasi,"251, Godowlia, near Kashi Vishwanath, Varanasi, Uttar Pradesh 221005",,,4.3,221005,,Homestay,yes,,,,,https://hotelzz.in/property.html?id=heritage-tirth-varanasi-in04484
the-ocean-sanctuary-varanasi-in04485,The Ocean Sanctuary Varanasi,Varanasi,varanasi,"313, Lanka, near Kashi Vishwanath, Varanasi, Uttar Pradesh 221005",,,4.8,221005,,Homestay,yes,,,,,https://hotelzz.in/property.html?id=the-ocean-sanctuary-varanasi-in04485
the-indigo-sanctuary-varanasi-in04486,The Indigo Sanctuary Varanasi,Varanasi,varanasi,"398, Lanka, near Assi Ghat, Varanasi, Uttar Pradesh 221002",,,4.6,221002,,Homestay,yes,,,,,https://hotelzz.in/property.html?id=the-indigo-sanctuary-varanasi-in04486
indigo-ashram-stay-varanasi-in04487,Indigo Ashram Stay Varanasi,Varanasi,varanasi,"388, Dashashwamedh Ghat, near Dashashwamedh, Varanasi, Uttar Pradesh 221001",,,4.1,221001,,Homestay,yes,,,,,https://hotelzz.in/property.html?id=indigo-ashram-stay-varanasi-in04487
aria-tirth-varanasi-in04488,Aria Tirth Varanasi,Varanasi,varanasi,"478, Cantonment, Cantonment, Varanasi, Uttar Pradesh 221005",,,4.1,221005,,Homestay,yes,,,,,https://hotelzz.in/property.html?id=aria-tirth-varanasi-in04488
aspen-ghat-view-varanasi-in04489,Aspen Ghat View Varanasi,Varanasi,varanasi,"88, Godowlia, near Kashi Vishwanath, Varanasi, Uttar Pradesh 221002",,,4.2,221002,,Homestay,yes,,,,,https://hotelzz.in/property.html?id=aspen-ghat-view-varanasi-in04489
royal-tirth-varanasi-in04490,Royal Tirth Varanasi,Varanasi,varanasi,"559, Bhelupur, near Dashashwamedh, Varanasi, Uttar Pradesh 221005",,,4.8,221005,,Homestay,yes,,,,,https://hotelzz.in/property.html?id=royal-tirth-varanasi-in04490
heritage-peace-lodge-varanasi-in04491,Heritage Peace Lodge Varanasi,Varanasi,varanasi,"498, Godowlia, near Assi Ghat, Varanasi, Uttar Pradesh 221010",,,4.1,221010,,Homestay,yes,,,,,https://hotelzz.in/property.html?id=heritage-peace-lodge-varanasi-in04491
vintage-ghat-view-varanasi-in04492,Vintage Ghat View Varanasi,Varanasi,varanasi,"465, Sigra, Old City, Varanasi, Uttar Pradesh 221010",,,4.2,221010,,Homestay,yes,,,,,https://hotelzz.in/property.html?id=vintage-ghat-view-varanasi-in04492
regal-tirth-varanasi-in04493,Regal Tirth Varanasi,Varanasi,varanasi,"412, Dashashwamedh Ghat, near Kashi Vishwanath, Varanasi, Uttar Pradesh 221002",,,4.6,221002,,Homestay,yes,,,,,https://hotelzz.in/property.html?id=regal-tirth-varanasi-in04493
the-whispering-sanctuary-varanasi-in04494,The Whispering Sanctuary Varanasi,Varanasi,varanasi,"58, Dashashwamedh Ghat, near Assi Ghat, Varanasi, Uttar Pradesh 221005",,,4.6,221005,,Homestay,yes,,,,,https://hotelzz.in/property.html?id=the-whispering-sanctuary-varanasi-in04494
misty-ghat-view-varanasi-in04495,Misty Ghat View Varanasi,Varanasi,varanasi,"233, Lanka, Old City, Varanasi, Uttar Pradesh 221002",,,4.2,221002,,Homestay,yes,,,,,https://hotelzz.in/property.html?id=misty-ghat-view-varanasi-in04495
azure-peace-lodge-varanasi-in04496,Azure Peace Lodge Varanasi,Varanasi,varanasi,"444, Assi Ghat, Old City, Varanasi, Uttar Pradesh 221002",,,4.6,221002,,Homestay,yes,,,,,https://hotelzz.in/property.html?id=azure-peace-lodge-varanasi-in04496
alpine-tirth-varanasi-in04497,Alpine Tirth Varanasi,Varanasi,varanasi,"474, Assi Ghat, Cantonment, Varanasi, Uttar Pradesh 221005",,,4.1,221005,,Homestay,yes,,,,,https://hotelzz.in/property.html?id=alpine-tirth-varanasi-in04497
the-emerald-sanctuary-varanasi-in04498,The Emerald Sanctuary Varanasi,Varanasi,varanasi,"426, Lanka, Cantonment, Varanasi, Uttar Pradesh 221010",,,4.5,221010,,Homestay,yes,,,,,https://hotelzz.in/property.html?id=the-emerald-sanctuary-varanasi-in04498
misty-ashram-stay-varanasi-in04499,Misty Ashram Stay Varanasi,Varanasi,varanasi,"259, Dashashwamedh Ghat, Cantonment, Varanasi, Uttar Pradesh 221002",,,4.9,221002,,Homestay,yes,,,,,https://hotelzz.in/property.html?id=misty-ashram-stay-varanasi-in04499
azure-riverside-varanasi-in04500,Azure Riverside Varanasi,Varanasi,varanasi,"563, Cantonment, Cantonment, Varanasi, Uttar Pradesh 221001",,,4.7,221001,,Homestay,yes,,,,,https://hotelzz.in/property.html?id=azure-riverside-varanasi-in04500
indigo-view-resort-coorg-in04501,Indigo View Resort Coorg,Coorg,coorg,"309, Virajpet, Pollibetta, Coorg, Karnataka 571201",,,4.8,571201,,Cottage,yes,,,,,https://hotelzz.in/property.html?id=indigo-view-resort-coorg-in04501
himalayan-vintage-coorg-in04502,Himalayan Vintage Coorg,Coorg,coorg,"484, Kushalnagar, near Abbey Falls, Coorg, Karnataka 571212",,,4.5,571212,,Cottage,yes,,,,,https://hotelzz.in/property.html?id=himalayan-vintage-coorg-in04502
wood-house-coorg-in04503,Wood House Coorg,Coorg,coorg,"474, Talacauvery, Kushalnagar, Coorg, Karnataka 571201",,,4.2,571201,,Cottage,yes,,,,,https://hotelzz.in/property.html?id=wood-house-coorg-in04503
himalayan-royal-coorg-in04504,Himalayan Royal Coorg,Coorg,coorg,"14, Madikeri, near Abbey Falls, Coorg, Karnataka 571201",,,4.3,571201,,Cottage,yes,,,,,https://hotelzz.in/property.html?id=himalayan-royal-coorg-in04504
sapphire-hideaway-coorg-in04505,Sapphire Hideaway Coorg,Coorg,coorg,"303, Talacauvery, Virajpet, Coorg, Karnataka 571212",,,4.3,571212,,Cottage,yes,,,,,https://hotelzz.in/property.html?id=sapphire-hideaway-coorg-in04505
pine-coorg-lodge-in04506,Pine Coorg Lodge,Coorg,coorg,"273, Pollibetta, Madikeri, Coorg, Karnataka 571201",,,4.0,571201,,Cottage,yes,,,,,https://hotelzz.in/property.html?id=pine-coorg-lodge-in04506
royal-valley-stay-coorg-in04507,Royal Valley Stay Coorg,Coorg,coorg,"383, Pollibetta, Madikeri, Coorg, Karnataka 571212",,,4.3,571212,,Cottage,yes,,,,,https://hotelzz.in/property.html?id=royal-valley-stay-coorg-in04507
coorg-mountain-inn-in04508,Coorg Mountain Inn,Coorg,coorg,"556, Virajpet, near Abbey Falls, Coorg, Karnataka 571234",,,4.3,571234,,Cottage,yes,,,,,https://hotelzz.in/property.html?id=coorg-mountain-inn-in04508
apple-orchard-coorg-in04509,Apple Orchard Coorg,Coorg,coorg,"294, Madikeri, Pollibetta, Coorg, Karnataka 571212",,,4.3,571212,,Cottage,yes,,,,,https://hotelzz.in/property.html?id=apple-orchard-coorg-in04509
aria-view-resort-coorg-in04510,Aria View Resort Coorg,Coorg,coorg,"147, Virajpet, near Abbey Falls, Coorg, Karnataka 571201",,,4.4,571201,,Cottage,yes,,,,,https://hotelzz.in/property.html?id=aria-view-resort-coorg-in04510
the-coorg-retreat-in04511,The Coorg Retreat,Coorg,coorg,"168, Pollibetta, Pollibetta, Coorg, Karnataka 571201",,,4.6,571201,,Cottage,yes,,,,,https://hotelzz.in/property.html?id=the-coorg-retreat-in04511
himalayan-indigo-coorg-in04512,Himalayan Indigo Coorg,Coorg,coorg,"416, Napoklu, near Abbey Falls, Coorg, Karnataka 571201",,,4.0,571201,,Cottage,yes,,,,,https://hotelzz.in/property.html?id=himalayan-indigo-coorg-in04512
coorg-hills-resort-in04513,Coorg Hills Resort,Coorg,coorg,"343, Madikeri, Kushalnagar, Coorg, Karnataka 571234",,,4.7,571234,,Cottage,yes,,,,,https://hotelzz.in/property.html?id=coorg-hills-resort-in04513
hotel-sapphire-coorg-in04514,Hotel Sapphire Coorg,Coorg,coorg,"512, Kushalnagar, Madikeri, Coorg, Karnataka 571234",,,4.2,571234,,Cottage,yes,,,,,https://hotelzz.in/property.html?id=hotel-sapphire-coorg-in04514
vintage-hideaway-coorg-in04515,Vintage Hideaway Coorg,Coorg,coorg,"1, Madikeri, near Abbey Falls, Coorg, Karnataka 571234",,,4.0,571234,,Cottage,yes,,,,,https://hotelzz.in/property.html?id=vintage-hideaway-coorg-in04515
whispering-hideaway-coorg-in04516,Whispering Hideaway Coorg,Coorg,coorg,"418, Talacauvery, Coffee Country, Coorg, Karnataka 571234",,,4.8,571234,,Cottage,yes,,,,,https://hotelzz.in/property.html?id=whispering-hideaway-coorg-in04516
azure-cottage-coorg-in04517,Azure Cottage Coorg,Coorg,coorg,"589, Coffee Estate, Pollibetta, Coorg, Karnataka 571201",,,4.5,571201,,Cottage,yes,,,,,https://hotelzz.in/property.html?id=azure-cottage-coorg-in04517
the-orchid-cabin-coorg-in04518,The Orchid Cabin Coorg,Coorg,coorg,"324, Napoklu, Kushalnagar, Coorg, Karnataka 571201",,,4.1,571201,,Cottage,yes,,,,,https://hotelzz.in/property.html?id=the-orchid-cabin-coorg-in04518
alpine-cottage-coorg-in04519,Alpine Cottage Coorg,Coorg,coorg,"391, Coffee Estate, Madikeri, Coorg, Karnataka 571212",,,4.5,571212,,Cottage,yes,,,,,https://hotelzz.in/property.html?id=alpine-cottage-coorg-in04519
snowline-coorg-cottage-in04520,Snowline Coorg Cottage,Coorg,coorg,"523, Napoklu, Kushalnagar, Coorg, Karnataka 571201",,,4.6,571201,,Cottage,yes,,,,,https://hotelzz.in/property.html?id=snowline-coorg-cottage-in04520
silver-valley-stay-coorg-in04521,Silver Valley Stay Coorg,Coorg,coorg,"422, Pollibetta, Kushalnagar, Coorg, Karnataka 571212",,,4.3,571212,,Cottage,yes,,,,,https://hotelzz.in/property.html?id=silver-valley-stay-coorg-in04521
hotel-royal-coorg-in04522,Hotel Royal Coorg,Coorg,coorg,"496, Talacauvery, Pollibetta, Coorg, Karnataka 571234",,,4.3,571234,,Cottage,yes,,,,,https://hotelzz.in/property.html?id=hotel-royal-coorg-in04522
the-velvet-cabin-coorg-in04523,The Velvet Cabin Coorg,Coorg,coorg,"196, Napoklu, Pollibetta, Coorg, Karnataka 571212",,,4.0,571212,,Cottage,yes,,,,,https://hotelzz.in/property.html?id=the-velvet-cabin-coorg-in04523
himalayan-highland-coorg-in04524,Himalayan Highland Coorg,Coorg,coorg,"401, Madikeri, Virajpet, Coorg, Karnataka 571212",,,4.5,571212,,Cottage,yes,,,,,https://hotelzz.in/property.html?id=himalayan-highland-coorg-in04524
sunrise-valley-stay-coorg-in04525,Sunrise Valley Stay Coorg,Coorg,coorg,"271, Talacauvery, Virajpet, Coorg, Karnataka 571234",,,4.8,571234,,Cottage,yes,,,,,https://hotelzz.in/property.html?id=sunrise-valley-stay-coorg-in04525
highland-hideaway-coorg-in04526,Highland Hideaway Coorg,Coorg,coorg,"409, Virajpet, Kushalnagar, Coorg, Karnataka 571212",,,4.4,571212,,Cottage,yes,,,,,https://hotelzz.in/property.html?id=highland-hideaway-coorg-in04526
heritage-cottage-coorg-in04527,Heritage Cottage Coorg,Coorg,coorg,"356, Virajpet, Coffee Country, Coorg, Karnataka 571234",,,4.1,571234,,Cottage,yes,,,,,https://hotelzz.in/property.html?id=heritage-cottage-coorg-in04527
hotel-aria-coorg-in04528,Hotel Aria Coorg,Coorg,coorg,"172, Virajpet, near Abbey Falls, Coorg, Karnataka 571234",,,4.1,571234,,Cottage,yes,,,,,https://hotelzz.in/property.html?id=hotel-aria-coorg-in04528
azure-pines-coorg-in04529,Azure Pines Coorg,Coorg,coorg,"221, Coffee Estate, near Abbey Falls, Coorg, Karnataka 571212",,,4.8,571212,,Cottage,yes,,,,,https://hotelzz.in/property.html?id=azure-pines-coorg-in04529
the-ocean-cabin-coorg-in04530,The Ocean Cabin Coorg,Coorg,coorg,"99, Virajpet, Kushalnagar, Coorg, Karnataka 571212",,,4.8,571212,,Cottage,yes,,,,,https://hotelzz.in/property.html?id=the-ocean-cabin-coorg-in04530
velvet-view-resort-coorg-in04531,Velvet View Resort Coorg,Coorg,coorg,"288, Talacauvery, near Abbey Falls, Coorg, Karnataka 571201",,,4.2,571201,,Cottage,yes,,,,,https://hotelzz.in/property.html?id=velvet-view-resort-coorg-in04531
cedar-coorg-lodge-in04532,Cedar Coorg Lodge,Coorg,coorg,"132, Napoklu, near Abbey Falls, Coorg, Karnataka 571234",,,4.3,571234,,Cottage,yes,,,,,https://hotelzz.in/property.html?id=cedar-coorg-lodge-in04532
the-silver-cabin-coorg-in04533,The Silver Cabin Coorg,Coorg,coorg,"78, Pollibetta, Pollibetta, Coorg, Karnataka 571212",,,4.6,571212,,Cottage,yes,,,,,https://hotelzz.in/property.html?id=the-silver-cabin-coorg-in04533
crown-view-resort-coorg-in04534,Crown View Resort Coorg,Coorg,coorg,"584, Madikeri, Kushalnagar, Coorg, Karnataka 571201",,,4.7,571201,,Cottage,yes,,,,,https://hotelzz.in/property.html?id=crown-view-resort-coorg-in04534
royal-cottage-coorg-in04535,Royal Cottage Coorg,Coorg,coorg,"313, Madikeri, Pollibetta, Coorg, Karnataka 571212",,,4.3,571212,,Cottage,yes,,,,,https://hotelzz.in/property.html?id=royal-cottage-coorg-in04535
marigold-valley-stay-coorg-in04536,Marigold Valley Stay Coorg,Coorg,coorg,"221, Kushalnagar, Pollibetta, Coorg, Karnataka 571234",,,4.6,571234,,Cottage,yes,,,,,https://hotelzz.in/property.html?id=marigold-valley-stay-coorg-in04536
ocean-hideaway-coorg-in04537,Ocean Hideaway Coorg,Coorg,coorg,"186, Talacauvery, Pollibetta, Coorg, Karnataka 571212",,,4.4,571212,,Cottage,yes,,,,,https://hotelzz.in/property.html?id=ocean-hideaway-coorg-in04537
himalayan-silver-coorg-in04538,Himalayan Silver Coorg,Coorg,coorg,"402, Coffee Estate, Kushalnagar, Coorg, Karnataka 571234",,,4.3,571234,,Cottage,yes,,,,,https://hotelzz.in/property.html?id=himalayan-silver-coorg-in04538
hotel-aspen-coorg-in04539,Hotel Aspen Coorg,Coorg,coorg,"2, Napoklu, Virajpet, Coorg, Karnataka 571201",,,4.8,571201,,Cottage,yes,,,,,https://hotelzz.in/property.html?id=hotel-aspen-coorg-in04539
misty-hideaway-coorg-in04540,Misty Hideaway Coorg,Coorg,coorg,"453, Madikeri, Coffee Country, Coorg, Karnataka 571212",,,4.1,571212,,Cottage,yes,,,,,https://hotelzz.in/property.html?id=misty-hideaway-coorg-in04540
himalayan-marigold-coorg-in04541,Himalayan Marigold Coorg,Coorg,coorg,"156, Talacauvery, Kushalnagar, Coorg, Karnataka 571201",,,4.5,571201,,Cottage,yes,,,,,https://hotelzz.in/property.html?id=himalayan-marigold-coorg-in04541
the-imperial-cabin-coorg-in04542,The Imperial Cabin Coorg,Coorg,coorg,"587, Kushalnagar, Pollibetta, Coorg, Karnataka 571201",,,4.1,571201,,Cottage,yes,,,,,https://hotelzz.in/property.html?id=the-imperial-cabin-coorg-in04542
alpine-pines-coorg-in04543,Alpine Pines Coorg,Coorg,coorg,"40, Napoklu, Kushalnagar, Coorg, Karnataka 571234",,,4.8,571234,,Cottage,yes,,,,,https://hotelzz.in/property.html?id=alpine-pines-coorg-in04543
misty-pines-coorg-in04544,Misty Pines Coorg,Coorg,coorg,"391, Pollibetta, near Abbey Falls, Coorg, Karnataka 571212",,,4.6,571212,,Cottage,yes,,,,,https://hotelzz.in/property.html?id=misty-pines-coorg-in04544
wooden-view-resort-coorg-in04545,Wooden View Resort Coorg,Coorg,coorg,"84, Kushalnagar, Virajpet, Coorg, Karnataka 571201",,,4.4,571201,,Cottage,yes,,,,,https://hotelzz.in/property.html?id=wooden-view-resort-coorg-in04545
hotel-crystal-coorg-in04546,Hotel Crystal Coorg,Coorg,coorg,"2, Napoklu, Kushalnagar, Coorg, Karnataka 571201",,,4.8,571201,,Cottage,yes,,,,,https://hotelzz.in/property.html?id=hotel-crystal-coorg-in04546
serene-pines-coorg-in04547,Serene Pines Coorg,Coorg,coorg,"474, Madikeri, near Abbey Falls, Coorg, Karnataka 571201",,,4.5,571201,,Cottage,yes,,,,,https://hotelzz.in/property.html?id=serene-pines-coorg-in04547
crown-pines-coorg-in04548,Crown Pines Coorg,Coorg,coorg,"500, Kushalnagar, near Abbey Falls, Coorg, Karnataka 571234",,,4.6,571234,,Cottage,yes,,,,,https://hotelzz.in/property.html?id=crown-pines-coorg-in04548
hotel-alpine-coorg-in04549,Hotel Alpine Coorg,Coorg,coorg,"386, Virajpet, near Abbey Falls, Coorg, Karnataka 571212",,,4.3,571212,,Cottage,yes,,,,,https://hotelzz.in/property.html?id=hotel-alpine-coorg-in04549
orchid-pines-coorg-in04550,Orchid Pines Coorg,Coorg,coorg,"368, Virajpet, Virajpet, Coorg, Karnataka 571234",,,4.5,571234,,Cottage,yes,,,,,https://hotelzz.in/property.html?id=orchid-pines-coorg-in04550
hotel-marigold-coorg-in04551,Hotel Marigold Coorg,Coorg,coorg,"228, Madikeri, Kushalnagar, Coorg, Karnataka 571201",,,4.9,571201,,Cottage,yes,,,,,https://hotelzz.in/property.html?id=hotel-marigold-coorg-in04551
the-misty-cabin-coorg-in04552,The Misty Cabin Coorg,Coorg,coorg,"592, Napoklu, Coffee Country, Coorg, Karnataka 571212",,,4.1,571212,,Cottage,yes,,,,,https://hotelzz.in/property.html?id=the-misty-cabin-coorg-in04552
the-serene-cabin-coorg-in04553,The Serene Cabin Coorg,Coorg,coorg,"556, Pollibetta, Madikeri, Coorg, Karnataka 571234",,,4.7,571234,,Cottage,yes,,,,,https://hotelzz.in/property.html?id=the-serene-cabin-coorg-in04553
tranquil-cottage-coorg-in04554,Tranquil Cottage Coorg,Coorg,coorg,"202, Virajpet, Pollibetta, Coorg, Karnataka 571234",,,4.3,571234,,Cottage,yes,,,,,https://hotelzz.in/property.html?id=tranquil-cottage-coorg-in04554
serene-hideaway-coorg-in04555,Serene Hideaway Coorg,Coorg,coorg,"400, Napoklu, Pollibetta, Coorg, Karnataka 571201",,,4.9,571201,,Cottage,yes,,,,,https://hotelzz.in/property.html?id=serene-hideaway-coorg-in04555
emerald-pines-coorg-in04556,Emerald Pines Coorg,Coorg,coorg,"465, Napoklu, Coffee Country, Coorg, Karnataka 571201",,,4.3,571201,,Cottage,yes,,,,,https://hotelzz.in/property.html?id=emerald-pines-coorg-in04556
the-aspen-cabin-coorg-in04557,The Aspen Cabin Coorg,Coorg,coorg,"225, Coffee Estate, Pollibetta, Coorg, Karnataka 571212",,,4.1,571212,,Cottage,yes,,,,,https://hotelzz.in/property.html?id=the-aspen-cabin-coorg-in04557
vintage-valley-stay-coorg-in04558,Vintage Valley Stay Coorg,Coorg,coorg,"452, Coffee Estate, Virajpet, Coorg, Karnataka 571212",,,4.3,571212,,Cottage,yes,,,,,https://hotelzz.in/property.html?id=vintage-valley-stay-coorg-in04558
saffron-valley-stay-coorg-in04559,Saffron Valley Stay Coorg,Coorg,coorg,"476, Talacauvery, Madikeri, Coorg, Karnataka 571201",,,4.5,571201,,Cottage,yes,,,,,https://hotelzz.in/property.html?id=saffron-valley-stay-coorg-in04559
cosy-hideaway-coorg-in04560,Cosy Hideaway Coorg,Coorg,coorg,"173, Coffee Estate, Kushalnagar, Coorg, Karnataka 571212",,,4.0,571212,,Cottage,yes,,,,,https://hotelzz.in/property.html?id=cosy-hideaway-coorg-in04560
crystal-cottage-coorg-in04561,Crystal Cottage Coorg,Coorg,coorg,"121, Virajpet, Kushalnagar, Coorg, Karnataka 571201",,,4.5,571201,,Cottage,yes,,,,,https://hotelzz.in/property.html?id=crystal-cottage-coorg-in04561
misty-valley-stay-coorg-in04562,Misty Valley Stay Coorg,Coorg,coorg,"215, Madikeri, Coffee Country, Coorg, Karnataka 571234",,,4.6,571234,,Cottage,yes,,,,,https://hotelzz.in/property.html?id=misty-valley-stay-coorg-in04562
whispering-cottage-coorg-in04563,Whispering Cottage Coorg,Coorg,coorg,"135, Kushalnagar, Kushalnagar, Coorg, Karnataka 571201",,,4.2,571201,,Cottage,yes,,,,,https://hotelzz.in/property.html?id=whispering-cottage-coorg-in04563
heritage-pines-coorg-in04564,Heritage Pines Coorg,Coorg,coorg,"476, Talacauvery, Kushalnagar, Coorg, Karnataka 571212",,,4.9,571212,,Cottage,yes,,,,,https://hotelzz.in/property.html?id=heritage-pines-coorg-in04564
hotel-sunrise-coorg-in04565,Hotel Sunrise Coorg,Coorg,coorg,"5, Talacauvery, Kushalnagar, Coorg, Karnataka 571212",,,4.5,571212,,Cottage,yes,,,,,https://hotelzz.in/property.html?id=hotel-sunrise-coorg-in04565
hotel-imperial-coorg-in04566,Hotel Imperial Coorg,Coorg,coorg,"440, Madikeri, Pollibetta, Coorg, Karnataka 571212",,,4.7,571212,,Cottage,yes,,,,,https://hotelzz.in/property.html?id=hotel-imperial-coorg-in04566
hotel-azure-coorg-in04567,Hotel Azure Coorg,Coorg,coorg,"328, Kushalnagar, Madikeri, Coorg, Karnataka 571234",,,4.8,571234,,Cottage,yes,,,,,https://hotelzz.in/property.html?id=hotel-azure-coorg-in04567
the-crown-cabin-coorg-in04568,The Crown Cabin Coorg,Coorg,coorg,"95, Pollibetta, Virajpet, Coorg, Karnataka 571212",,,4.8,571212,,Cottage,yes,,,,,https://hotelzz.in/property.html?id=the-crown-cabin-coorg-in04568
aria-valley-stay-coorg-in04569,Aria Valley Stay Coorg,Coorg,coorg,"9, Virajpet, Madikeri, Coorg, Karnataka 571212",,,4.3,571212,,Cottage,yes,,,,,https://hotelzz.in/property.html?id=aria-valley-stay-coorg-in04569
vintage-pines-coorg-in04570,Vintage Pines Coorg,Coorg,coorg,"578, Talacauvery, Virajpet, Coorg, Karnataka 571212",,,4.3,571212,,Cottage,yes,,,,,https://hotelzz.in/property.html?id=vintage-pines-coorg-in04570
casa-view-resort-coorg-in04571,Casa View Resort Coorg,Coorg,coorg,"453, Virajpet, Coffee Country, Coorg, Karnataka 571212",,,4.5,571212,,Cottage,yes,,,,,https://hotelzz.in/property.html?id=casa-view-resort-coorg-in04571
indigo-hideaway-coorg-in04572,Indigo Hideaway Coorg,Coorg,coorg,"552, Pollibetta, Virajpet, Coorg, Karnataka 571234",,,4.1,571234,,Cottage,yes,,,,,https://hotelzz.in/property.html?id=indigo-hideaway-coorg-in04572
hotel-serene-coorg-in04573,Hotel Serene Coorg,Coorg,coorg,"355, Talacauvery, Coffee Country, Coorg, Karnataka 571212",,,4.8,571212,,Cottage,yes,,,,,https://hotelzz.in/property.html?id=hotel-serene-coorg-in04573
aurora-view-resort-coorg-in04574,Aurora View Resort Coorg,Coorg,coorg,"265, Virajpet, Madikeri, Coorg, Karnataka 571201",,,4.0,571201,,Cottage,yes,,,,,https://hotelzz.in/property.html?id=aurora-view-resort-coorg-in04574
himalayan-regal-coorg-in04575,Himalayan Regal Coorg,Coorg,coorg,"419, Virajpet, Coffee Country, Coorg, Karnataka 571201",,,4.4,571201,,Cottage,yes,,,,,https://hotelzz.in/property.html?id=himalayan-regal-coorg-in04575
the-alpine-cabin-coorg-in04576,The Alpine Cabin Coorg,Coorg,coorg,"184, Napoklu, Kushalnagar, Coorg, Karnataka 571234",,,4.7,571234,,Cottage,yes,,,,,https://hotelzz.in/property.html?id=the-alpine-cabin-coorg-in04576
azure-valley-stay-coorg-in04577,Azure Valley Stay Coorg,Coorg,coorg,"94, Kushalnagar, Virajpet, Coorg, Karnataka 571212",,,4.8,571212,,Cottage,yes,,,,,https://hotelzz.in/property.html?id=azure-valley-stay-coorg-in04577
himalayan-orchid-coorg-in04578,Himalayan Orchid Coorg,Coorg,coorg,"492, Coffee Estate, Coffee Country, Coorg, Karnataka 571201",,,4.5,571201,,Cottage,yes,,,,,https://hotelzz.in/property.html?id=himalayan-orchid-coorg-in04578
the-sapphire-cabin-coorg-in04579,The Sapphire Cabin Coorg,Coorg,coorg,"213, Talacauvery, Madikeri, Coorg, Karnataka 571212",,,4.1,571212,,Cottage,yes,,,,,https://hotelzz.in/property.html?id=the-sapphire-cabin-coorg-in04579
hotel-orchid-coorg-in04580,Hotel Orchid Coorg,Coorg,coorg,"348, Kushalnagar, Coffee Country, Coorg, Karnataka 571212",,,4.5,571212,,Cottage,yes,,,,,https://hotelzz.in/property.html?id=hotel-orchid-coorg-in04580
sapphire-view-resort-coorg-in04581,Sapphire View Resort Coorg,Coorg,coorg,"566, Madikeri, Virajpet, Coorg, Karnataka 571212",,,4.7,571212,,Cottage,yes,,,,,https://hotelzz.in/property.html?id=sapphire-view-resort-coorg-in04581
heritage-view-resort-coorg-in04582,Heritage View Resort Coorg,Coorg,coorg,"424, Talacauvery, Pollibetta, Coorg, Karnataka 571212",,,4.0,571212,,Cottage,yes,,,,,https://hotelzz.in/property.html?id=heritage-view-resort-coorg-in04582
serene-view-resort-coorg-in04583,Serene View Resort Coorg,Coorg,coorg,"429, Virajpet, near Abbey Falls, Coorg, Karnataka 571201",,,4.1,571201,,Cottage,yes,,,,,https://hotelzz.in/property.html?id=serene-view-resort-coorg-in04583
heritage-valley-stay-coorg-in04584,Heritage Valley Stay Coorg,Coorg,coorg,"485, Virajpet, Madikeri, Coorg, Karnataka 571212",,,4.6,571212,,Cottage,yes,,,,,https://hotelzz.in/property.html?id=heritage-valley-stay-coorg-in04584
himalayan-azure-coorg-in04585,Himalayan Azure Coorg,Coorg,coorg,"448, Virajpet, Coffee Country, Coorg, Karnataka 571201",,,4.7,571201,,Cottage,yes,,,,,https://hotelzz.in/property.html?id=himalayan-azure-coorg-in04585
aspen-hideaway-coorg-in04586,Aspen Hideaway Coorg,Coorg,coorg,"488, Talacauvery, Pollibetta, Coorg, Karnataka 571201",,,4.0,571201,,Cottage,yes,,,,,https://hotelzz.in/property.html?id=aspen-hideaway-coorg-in04586
vintage-cottage-coorg-in04587,Vintage Cottage Coorg,Coorg,coorg,"470, Pollibetta, near Abbey Falls, Coorg, Karnataka 571212",,,4.5,571212,,Cottage,yes,,,,,https://hotelzz.in/property.html?id=vintage-cottage-coorg-in04587
sunrise-pines-coorg-in04588,Sunrise Pines Coorg,Coorg,coorg,"338, Virajpet, near Abbey Falls, Coorg, Karnataka 571212",,,4.6,571212,,Cottage,yes,,,,,https://hotelzz.in/property.html?id=sunrise-pines-coorg-in04588
the-sunrise-cabin-coorg-in04589,The Sunrise Cabin Coorg,Coorg,coorg,"174, Virajpet, Pollibetta, Coorg, Karnataka 571212",,,4.2,571212,,Cottage,yes,,,,,https://hotelzz.in/property.html?id=the-sunrise-cabin-coorg-in04589
hotel-velvet-coorg-in04590,Hotel Velvet Coorg,Coorg,coorg,"408, Napoklu, near Abbey Falls, Coorg, Karnataka 571234",,,4.1,571234,,Cottage,yes,,,,,https://hotelzz.in/property.html?id=hotel-velvet-coorg-in04590
ocean-view-resort-coorg-in04591,Ocean View Resort Coorg,Coorg,coorg,"106, Coffee Estate, Coffee Country, Coorg, Karnataka 571212",,,4.3,571212,,Cottage,yes,,,,,https://hotelzz.in/property.html?id=ocean-view-resort-coorg-in04591
marigold-pines-coorg-in04592,Marigold Pines Coorg,Coorg,coorg,"437, Napoklu, Kushalnagar, Coorg, Karnataka 571234",,,4.0,571234,,Cottage,yes,,,,,https://hotelzz.in/property.html?id=marigold-pines-coorg-in04592
aspen-view-resort-coorg-in04593,Aspen View Resort Coorg,Coorg,coorg,"202, Virajpet, Virajpet, Coorg, Karnataka 571234",,,4.5,571234,,Cottage,yes,,,,,https://hotelzz.in/property.html?id=aspen-view-resort-coorg-in04593
marigold-cottage-coorg-in04594,Marigold Cottage Coorg,Coorg,coorg,"207, Talacauvery, Madikeri, Coorg, Karnataka 571212",,,4.8,571212,,Cottage,yes,,,,,https://hotelzz.in/property.html?id=marigold-cottage-coorg-in04594
imperial-cottage-coorg-in04595,Imperial Cottage Coorg,Coorg,coorg,"90, Pollibetta, Virajpet, Coorg, Karnataka 571212",,,4.5,571212,,Cottage,yes,,,,,https://hotelzz.in/property.html?id=imperial-cottage-coorg-in04595
cosy-view-resort-coorg-in04596,Cosy View Resort Coorg,Coorg,coorg,"166, Kushalnagar, Madikeri, Coorg, Karnataka 571201",,,4.9,571201,,Cottage,yes,,,,,https://hotelzz.in/property.html?id=cosy-view-resort-coorg-in04596
himalayan-emerald-coorg-in04597,Himalayan Emerald Coorg,Coorg,coorg,"144, Virajpet, Madikeri, Coorg, Karnataka 571234",,,4.8,571234,,Cottage,yes,,,,,https://hotelzz.in/property.html?id=himalayan-emerald-coorg-in04597
the-highland-cabin-coorg-in04598,The Highland Cabin Coorg,Coorg,coorg,"174, Pollibetta, Virajpet, Coorg, Karnataka 571234",,,4.0,571234,,Cottage,yes,,,,,https://hotelzz.in/property.html?id=the-highland-cabin-coorg-in04598
crystal-pines-coorg-in04599,Crystal Pines Coorg,Coorg,coorg,"499, Napoklu, Coffee Country, Coorg, Karnataka 571234",,,4.2,571234,,Cottage,yes,,,,,https://hotelzz.in/property.html?id=crystal-pines-coorg-in04599
marigold-view-resort-coorg-in04600,Marigold View Resort Coorg,Coorg,coorg,"504, Virajpet, Madikeri, Coorg, Karnataka 571201",,,4.8,571201,,Cottage,yes,,,,,https://hotelzz.in/property.html?id=marigold-view-resort-coorg-in04600
cedar-munnar-lodge-in04601,Cedar Munnar Lodge,Munnar,munnar,"591, Chinnakanal, Chinnakanal, Munnar, Kerala 685612",,,4.9,685612,,Cottage,yes,,,,,https://hotelzz.in/property.html?id=cedar-munnar-lodge-in04601
hotel-marigold-munnar-in04602,Hotel Marigold Munnar,Munnar,munnar,"49, Anachal, Tea Country, Munnar, Kerala 685613",,,4.9,685613,,Cottage,yes,,,,,https://hotelzz.in/property.html?id=hotel-marigold-munnar-in04602
wood-house-munnar-in04603,Wood House Munnar,Munnar,munnar,"118, Tea Estate, Chinnakanal, Munnar, Kerala 685613",,,4.6,685613,,Cottage,yes,,,,,https://hotelzz.in/property.html?id=wood-house-munnar-in04603
munnar-mountain-inn-in04604,Munnar Mountain Inn,Munnar,munnar,"318, Mattupetty, near Top Station, Munnar, Kerala 685612",,,4.1,685612,,Cottage,yes,,,,,https://hotelzz.in/property.html?id=munnar-mountain-inn-in04604
alpine-valley-stay-munnar-in04605,Alpine Valley Stay Munnar,Munnar,munnar,"261, Devikulam, Chinnakanal, Munnar, Kerala 685613",,,4.2,685613,,Cottage,yes,,,,,https://hotelzz.in/property.html?id=alpine-valley-stay-munnar-in04605
himalayan-heritage-munnar-in04606,Himalayan Heritage Munnar,Munnar,munnar,"371, Devikulam, Devikulam, Munnar, Kerala 685613",,,4.6,685613,,Cottage,yes,,,,,https://hotelzz.in/property.html?id=himalayan-heritage-munnar-in04606
hotel-aria-munnar-in04607,Hotel Aria Munnar,Munnar,munnar,"210, Devikulam, Devikulam, Munnar, Kerala 685565",,,4.3,685565,,Cottage,yes,,,,,https://hotelzz.in/property.html?id=hotel-aria-munnar-in04607
the-munnar-retreat-in04608,The Munnar Retreat,Munnar,munnar,"300, Chinnakanal, Tea Country, Munnar, Kerala 685565",,,4.6,685565,,Cottage,yes,,,,,https://hotelzz.in/property.html?id=the-munnar-retreat-in04608
misty-valley-stay-munnar-in04609,Misty Valley Stay Munnar,Munnar,munnar,"212, Devikulam, Devikulam, Munnar, Kerala 685612",,,4.1,685612,,Cottage,yes,,,,,https://hotelzz.in/property.html?id=misty-valley-stay-munnar-in04609
munnar-hills-resort-in04610,Munnar Hills Resort,Munnar,munnar,"43, Mattupetty, Pothamedu, Munnar, Kerala 685565",,,4.5,685565,,Cottage,yes,,,,,https://hotelzz.in/property.html?id=munnar-hills-resort-in04610
snowline-munnar-cottage-in04611,Snowline Munnar Cottage,Munnar,munnar,"368, Chinnakanal, Pothamedu, Munnar, Kerala 685565",,,4.0,685565,,Cottage,yes,,,,,https://hotelzz.in/property.html?id=snowline-munnar-cottage-in04611
sunrise-view-resort-munnar-in04612,Sunrise View Resort Munnar,Munnar,munnar,"474, Pothamedu, Tea Country, Munnar, Kerala 685612",,,4.3,685612,,Cottage,yes,,,,,https://hotelzz.in/property.html?id=sunrise-view-resort-munnar-in04612
velvet-valley-stay-munnar-in04613,Velvet Valley Stay Munnar,Munnar,munnar,"140, Top Station, near Top Station, Munnar, Kerala 685612",,,4.8,685612,,Cottage,yes,,,,,https://hotelzz.in/property.html?id=velvet-valley-stay-munnar-in04613
hotel-heritage-munnar-in04614,Hotel Heritage Munnar,Munnar,munnar,"441, Top Station, near Top Station, Munnar, Kerala 685613",,,4.8,685613,,Cottage,yes,,,,,https://hotelzz.in/property.html?id=hotel-heritage-munnar-in04614
apple-orchard-munnar-in04615,Apple Orchard Munnar,Munnar,munnar,"223, Devikulam, Tea Country, Munnar, Kerala 685613",,,4.8,685613,,Cottage,yes,,,,,https://hotelzz.in/property.html?id=apple-orchard-munnar-in04615
hotel-sunrise-munnar-in04616,Hotel Sunrise Munnar,Munnar,munnar,"470, Devikulam, Pothamedu, Munnar, Kerala 685565",,,4.8,685565,,Cottage,yes,,,,,https://hotelzz.in/property.html?id=hotel-sunrise-munnar-in04616
imperial-valley-stay-munnar-in04617,Imperial Valley Stay Munnar,Munnar,munnar,"241, Tea Estate, Tea Country, Munnar, Kerala 685612",,,4.4,685612,,Cottage,yes,,,,,https://hotelzz.in/property.html?id=imperial-valley-stay-munnar-in04617
hotel-crown-munnar-in04618,Hotel Crown Munnar,Munnar,munnar,"418, Pothamedu, near Top Station, Munnar, Kerala 685565",,,4.7,685565,,Cottage,yes,,,,,https://hotelzz.in/property.html?id=hotel-crown-munnar-in04618
regal-cottage-munnar-in04619,Regal Cottage Munnar,Munnar,munnar,"495, Top Station, Tea Country, Munnar, Kerala 685613",,,4.2,685613,,Cottage,yes,,,,,https://hotelzz.in/property.html?id=regal-cottage-munnar-in04619
marigold-valley-stay-munnar-in04620,Marigold Valley Stay Munnar,Munnar,munnar,"4, Devikulam, Mattupetty, Munnar, Kerala 685565",,,4.0,685565,,Cottage,yes,,,,,https://hotelzz.in/property.html?id=marigold-valley-stay-munnar-in04620
crown-hideaway-munnar-in04621,Crown Hideaway Munnar,Munnar,munnar,"504, Anachal, Devikulam, Munnar, Kerala 685613",,,4.2,685613,,Cottage,yes,,,,,https://hotelzz.in/property.html?id=crown-hideaway-munnar-in04621
indigo-pines-munnar-in04622,Indigo Pines Munnar,Munnar,munnar,"445, Devikulam, Chinnakanal, Munnar, Kerala 685613",,,4.1,685613,,Cottage,yes,,,,,https://hotelzz.in/property.html?id=indigo-pines-munnar-in04622
himalayan-tranquil-munnar-in04623,Himalayan Tranquil Munnar,Munnar,munnar,"259, Mattupetty, Devikulam, Munnar, Kerala 685613",,,4.1,685613,,Cottage,yes,,,,,https://hotelzz.in/property.html?id=himalayan-tranquil-munnar-in04623
cosy-cottage-munnar-in04624,Cosy Cottage Munnar,Munnar,munnar,"36, Top Station, Devikulam, Munnar, Kerala 685612",,,4.4,685612,,Cottage,yes,,,,,https://hotelzz.in/property.html?id=cosy-cottage-munnar-in04624
wooden-pines-munnar-in04625,Wooden Pines Munnar,Munnar,munnar,"335, Chinnakanal, Tea Country, Munnar, Kerala 685612",,,4.3,685612,,Cottage,yes,,,,,https://hotelzz.in/property.html?id=wooden-pines-munnar-in04625
highland-hideaway-munnar-in04626,Highland Hideaway Munnar,Munnar,munnar,"245, Pothamedu, Mattupetty, Munnar, Kerala 685612",,,4.8,685612,,Cottage,yes,,,,,https://hotelzz.in/property.html?id=highland-hideaway-munnar-in04626
pine-munnar-lodge-in04627,Pine Munnar Lodge,Munnar,munnar,"205, Devikulam, Devikulam, Munnar, Kerala 685612",,,4.6,685612,,Cottage,yes,,,,,https://hotelzz.in/property.html?id=pine-munnar-lodge-in04627
hotel-misty-munnar-in04628,Hotel Misty Munnar,Munnar,munnar,"363, Chinnakanal, Devikulam, Munnar, Kerala 685565",,,4.7,685565,,Cottage,yes,,,,,https://hotelzz.in/property.html?id=hotel-misty-munnar-in04628
himalayan-indigo-munnar-in04629,Himalayan Indigo Munnar,Munnar,munnar,"234, Pothamedu, near Top Station, Munnar, Kerala 685565",,,4.6,685565,,Cottage,yes,,,,,https://hotelzz.in/property.html?id=himalayan-indigo-munnar-in04629
ocean-valley-stay-munnar-in04630,Ocean Valley Stay Munnar,Munnar,munnar,"250, Tea Estate, Devikulam, Munnar, Kerala 685613",,,4.6,685613,,Cottage,yes,,,,,https://hotelzz.in/property.html?id=ocean-valley-stay-munnar-in04630
highland-cottage-munnar-in04631,Highland Cottage Munnar,Munnar,munnar,"599, Chinnakanal, Mattupetty, Munnar, Kerala 685612",,,4.8,685612,,Cottage,yes,,,,,https://hotelzz.in/property.html?id=highland-cottage-munnar-in04631
orchid-pines-munnar-in04632,Orchid Pines Munnar,Munnar,munnar,"288, Mattupetty, Tea Country, Munnar, Kerala 685565",,,4.0,685565,,Cottage,yes,,,,,https://hotelzz.in/property.html?id=orchid-pines-munnar-in04632
emerald-view-resort-munnar-in04633,Emerald View Resort Munnar,Munnar,munnar,"405, Mattupetty, Devikulam, Munnar, Kerala 685612",,,4.7,685612,,Cottage,yes,,,,,https://hotelzz.in/property.html?id=emerald-view-resort-munnar-in04633
himalayan-royal-munnar-in04634,Himalayan Royal Munnar,Munnar,munnar,"217, Top Station, Devikulam, Munnar, Kerala 685613",,,4.9,685613,,Cottage,yes,,,,,https://hotelzz.in/property.html?id=himalayan-royal-munnar-in04634
wooden-view-resort-munnar-in04635,Wooden View Resort Munnar,Munnar,munnar,"438, Chinnakanal, Chinnakanal, Munnar, Kerala 685612",,,4.1,685612,,Cottage,yes,,,,,https://hotelzz.in/property.html?id=wooden-view-resort-munnar-in04635
regal-pines-munnar-in04636,Regal Pines Munnar,Munnar,munnar,"227, Mattupetty, Chinnakanal, Munnar, Kerala 685565",,,4.1,685565,,Cottage,yes,,,,,https://hotelzz.in/property.html?id=regal-pines-munnar-in04636
hotel-azure-munnar-in04637,Hotel Azure Munnar,Munnar,munnar,"314, Mattupetty, Chinnakanal, Munnar, Kerala 685612",,,4.1,685612,,Cottage,yes,,,,,https://hotelzz.in/property.html?id=hotel-azure-munnar-in04637
emerald-valley-stay-munnar-in04638,Emerald Valley Stay Munnar,Munnar,munnar,"156, Top Station, Chinnakanal, Munnar, Kerala 685613",,,4.3,685613,,Cottage,yes,,,,,https://hotelzz.in/property.html?id=emerald-valley-stay-munnar-in04638
aspen-cottage-munnar-in04639,Aspen Cottage Munnar,Munnar,munnar,"313, Pothamedu, Tea Country, Munnar, Kerala 685613",,,4.5,685613,,Cottage,yes,,,,,https://hotelzz.in/property.html?id=aspen-cottage-munnar-in04639
velvet-view-resort-munnar-in04640,Velvet View Resort Munnar,Munnar,munnar,"552, Top Station, Tea Country, Munnar, Kerala 685612",,,4.8,685612,,Cottage,yes,,,,,https://hotelzz.in/property.html?id=velvet-view-resort-munnar-in04640
hotel-casa-munnar-in04641,Hotel Casa Munnar,Munnar,munnar,"525, Top Station, Mattupetty, Munnar, Kerala 685613",,,4.6,685613,,Cottage,yes,,,,,https://hotelzz.in/property.html?id=hotel-casa-munnar-in04641
heritage-view-resort-munnar-in04642,Heritage View Resort Munnar,Munnar,munnar,"221, Anachal, Pothamedu, Munnar, Kerala 685612",,,4.3,685612,,Cottage,yes,,,,,https://hotelzz.in/property.html?id=heritage-view-resort-munnar-in04642
silver-valley-stay-munnar-in04643,Silver Valley Stay Munnar,Munnar,munnar,"317, Chinnakanal, Pothamedu, Munnar, Kerala 685613",,,4.7,685613,,Cottage,yes,,,,,https://hotelzz.in/property.html?id=silver-valley-stay-munnar-in04643
vintage-pines-munnar-in04644,Vintage Pines Munnar,Munnar,munnar,"577, Tea Estate, Chinnakanal, Munnar, Kerala 685613",,,4.6,685613,,Cottage,yes,,,,,https://hotelzz.in/property.html?id=vintage-pines-munnar-in04644
indigo-cottage-munnar-in04645,Indigo Cottage Munnar,Munnar,munnar,"342, Pothamedu, Chinnakanal, Munnar, Kerala 685565",,,4.6,685565,,Cottage,yes,,,,,https://hotelzz.in/property.html?id=indigo-cottage-munnar-in04645
the-aspen-cabin-munnar-in04646,The Aspen Cabin Munnar,Munnar,munnar,"574, Pothamedu, Chinnakanal, Munnar, Kerala 685613",,,4.9,685613,,Cottage,yes,,,,,https://hotelzz.in/property.html?id=the-aspen-cabin-munnar-in04646
the-crystal-cabin-munnar-in04647,The Crystal Cabin Munnar,Munnar,munnar,"172, Pothamedu, Pothamedu, Munnar, Kerala 685613",,,4.9,685613,,Cottage,yes,,,,,https://hotelzz.in/property.html?id=the-crystal-cabin-munnar-in04647
sunrise-valley-stay-munnar-in04648,Sunrise Valley Stay Munnar,Munnar,munnar,"416, Chinnakanal, Pothamedu, Munnar, Kerala 685613",,,4.8,685613,,Cottage,yes,,,,,https://hotelzz.in/property.html?id=sunrise-valley-stay-munnar-in04648
royal-pines-munnar-in04649,Royal Pines Munnar,Munnar,munnar,"67, Top Station, Tea Country, Munnar, Kerala 685612",,,4.2,685612,,Cottage,yes,,,,,https://hotelzz.in/property.html?id=royal-pines-munnar-in04649
hotel-whispering-munnar-in04650,Hotel Whispering Munnar,Munnar,munnar,"581, Devikulam, Chinnakanal, Munnar, Kerala 685613",,,4.7,685613,,Cottage,yes,,,,,https://hotelzz.in/property.html?id=hotel-whispering-munnar-in04650
the-marigold-cabin-munnar-in04651,The Marigold Cabin Munnar,Munnar,munnar,"364, Chinnakanal, Mattupetty, Munnar, Kerala 685612",,,4.8,685612,,Cottage,yes,,,,,https://hotelzz.in/property.html?id=the-marigold-cabin-munnar-in04651
himalayan-aurora-munnar-in04652,Himalayan Aurora Munnar,Munnar,munnar,"429, Mattupetty, Mattupetty, Munnar, Kerala 685565",,,4.8,685565,,Cottage,yes,,,,,https://hotelzz.in/property.html?id=himalayan-aurora-munnar-in04652
wooden-valley-stay-munnar-in04653,Wooden Valley Stay Munnar,Munnar,munnar,"266, Mattupetty, Tea Country, Munnar, Kerala 685565",,,4.4,685565,,Cottage,yes,,,,,https://hotelzz.in/property.html?id=wooden-valley-stay-munnar-in04653
saffron-view-resort-munnar-in04654,Saffron View Resort Munnar,Munnar,munnar,"482, Top Station, Devikulam, Munnar, Kerala 685565",,,4.7,685565,,Cottage,yes,,,,,https://hotelzz.in/property.html?id=saffron-view-resort-munnar-in04654
aria-pines-munnar-in04655,Aria Pines Munnar,Munnar,munnar,"26, Chinnakanal, Chinnakanal, Munnar, Kerala 685565",,,4.2,685565,,Cottage,yes,,,,,https://hotelzz.in/property.html?id=aria-pines-munnar-in04655
crown-cottage-munnar-in04656,Crown Cottage Munnar,Munnar,munnar,"375, Top Station, Pothamedu, Munnar, Kerala 685613",,,4.3,685613,,Cottage,yes,,,,,https://hotelzz.in/property.html?id=crown-cottage-munnar-in04656
misty-cottage-munnar-in04657,Misty Cottage Munnar,Munnar,munnar,"272, Chinnakanal, Pothamedu, Munnar, Kerala 685613",,,4.1,685613,,Cottage,yes,,,,,https://hotelzz.in/property.html?id=misty-cottage-munnar-in04657
marigold-hideaway-munnar-in04658,Marigold Hideaway Munnar,Munnar,munnar,"126, Pothamedu, near Top Station, Munnar, Kerala 685612",,,4.4,685612,,Cottage,yes,,,,,https://hotelzz.in/property.html?id=marigold-hideaway-munnar-in04658
imperial-view-resort-munnar-in04659,Imperial View Resort Munnar,Munnar,munnar,"473, Top Station, Chinnakanal, Munnar, Kerala 685565",,,4.5,685565,,Cottage,yes,,,,,https://hotelzz.in/property.html?id=imperial-view-resort-munnar-in04659
hotel-orchid-munnar-in04660,Hotel Orchid Munnar,Munnar,munnar,"500, Mattupetty, near Top Station, Munnar, Kerala 685613",,,4.8,685613,,Cottage,yes,,,,,https://hotelzz.in/property.html?id=hotel-orchid-munnar-in04660
the-cosy-cabin-munnar-in04661,The Cosy Cabin Munnar,Munnar,munnar,"334, Anachal, Chinnakanal, Munnar, Kerala 685612",,,4.2,685612,,Cottage,yes,,,,,https://hotelzz.in/property.html?id=the-cosy-cabin-munnar-in04661
royal-cottage-munnar-in04662,Royal Cottage Munnar,Munnar,munnar,"88, Top Station, Devikulam, Munnar, Kerala 685565",,,4.0,685565,,Cottage,yes,,,,,https://hotelzz.in/property.html?id=royal-cottage-munnar-in04662
crown-pines-munnar-in04663,Crown Pines Munnar,Munnar,munnar,"163, Mattupetty, Tea Country, Munnar, Kerala 685612",,,4.4,685612,,Cottage,yes,,,,,https://hotelzz.in/property.html?id=crown-pines-munnar-in04663
hotel-sapphire-munnar-in04664,Hotel Sapphire Munnar,Munnar,munnar,"322, Pothamedu, Mattupetty, Munnar, Kerala 685565",,,4.3,685565,,Cottage,yes,,,,,https://hotelzz.in/property.html?id=hotel-sapphire-munnar-in04664
himalayan-cosy-munnar-in04665,Himalayan Cosy Munnar,Munnar,munnar,"48, Top Station, Devikulam, Munnar, Kerala 685612",,,4.7,685612,,Cottage,yes,,,,,https://hotelzz.in/property.html?id=himalayan-cosy-munnar-in04665
royal-view-resort-munnar-in04666,Royal View Resort Munnar,Munnar,munnar,"486, Devikulam, Tea Country, Munnar, Kerala 685565",,,4.4,685565,,Cottage,yes,,,,,https://hotelzz.in/property.html?id=royal-view-resort-munnar-in04666
azure-hideaway-munnar-in04667,Azure Hideaway Munnar,Munnar,munnar,"565, Tea Estate, Pothamedu, Munnar, Kerala 685613",,,4.7,685613,,Cottage,yes,,,,,https://hotelzz.in/property.html?id=azure-hideaway-munnar-in04667
himalayan-aspen-munnar-in04668,Himalayan Aspen Munnar,Munnar,munnar,"359, Top Station, Mattupetty, Munnar, Kerala 685565",,,4.2,685565,,Cottage,yes,,,,,https://hotelzz.in/property.html?id=himalayan-aspen-munnar-in04668
sapphire-hideaway-munnar-in04669,Sapphire Hideaway Munnar,Munnar,munnar,"18, Devikulam, Devikulam, Munnar, Kerala 685565",,,4.0,685565,,Cottage,yes,,,,,https://hotelzz.in/property.html?id=sapphire-hideaway-munnar-in04669
aspen-pines-munnar-in04670,Aspen Pines Munnar,Munnar,munnar,"381, Top Station, Pothamedu, Munnar, Kerala 685565",,,4.7,685565,,Cottage,yes,,,,,https://hotelzz.in/property.html?id=aspen-pines-munnar-in04670
imperial-hideaway-munnar-in04671,Imperial Hideaway Munnar,Munnar,munnar,"276, Devikulam, Tea Country, Munnar, Kerala 685612",,,4.6,685612,,Cottage,yes,,,,,https://hotelzz.in/property.html?id=imperial-hideaway-munnar-in04671
aspen-view-resort-munnar-in04672,Aspen View Resort Munnar,Munnar,munnar,"363, Anachal, near Top Station, Munnar, Kerala 685565",,,4.8,685565,,Cottage,yes,,,,,https://hotelzz.in/property.html?id=aspen-view-resort-munnar-in04672
alpine-hideaway-munnar-in04673,Alpine Hideaway Munnar,Munnar,munnar,"144, Devikulam, near Top Station, Munnar, Kerala 685565",,,4.3,685565,,Cottage,yes,,,,,https://hotelzz.in/property.html?id=alpine-hideaway-munnar-in04673
sapphire-valley-stay-munnar-in04674,Sapphire Valley Stay Munnar,Munnar,munnar,"115, Anachal, Chinnakanal, Munnar, Kerala 685612",,,4.6,685612,,Cottage,yes,,,,,https://hotelzz.in/property.html?id=sapphire-valley-stay-munnar-in04674
the-aria-cabin-munnar-in04675,The Aria Cabin Munnar,Munnar,munnar,"127, Chinnakanal, Tea Country, Munnar, Kerala 685613",,,4.0,685613,,Cottage,yes,,,,,https://hotelzz.in/property.html?id=the-aria-cabin-munnar-in04675
maple-pines-munnar-in04676,Maple Pines Munnar,Munnar,munnar,"86, Top Station, Pothamedu, Munnar, Kerala 685565",,,4.3,685565,,Cottage,yes,,,,,https://hotelzz.in/property.html?id=maple-pines-munnar-in04676
hotel-wooden-munnar-in04677,Hotel Wooden Munnar,Munnar,munnar,"482, Tea Estate, Mattupetty, Munnar, Kerala 685613",,,4.6,685613,,Cottage,yes,,,,,https://hotelzz.in/property.html?id=hotel-wooden-munnar-in04677
hotel-ocean-munnar-in04678,Hotel Ocean Munnar,Munnar,munnar,"15, Chinnakanal, Tea Country, Munnar, Kerala 685612",,,4.0,685612,,Cottage,yes,,,,,https://hotelzz.in/property.html?id=hotel-ocean-munnar-in04678
the-imperial-cabin-munnar-in04679,The Imperial Cabin Munnar,Munnar,munnar,"8, Anachal, Tea Country, Munnar, Kerala 685612",,,4.4,685612,,Cottage,yes,,,,,https://hotelzz.in/property.html?id=the-imperial-cabin-munnar-in04679
hotel-silver-munnar-in04680,Hotel Silver Munnar,Munnar,munnar,"570, Pothamedu, Pothamedu, Munnar, Kerala 685565",,,4.9,685565,,Cottage,yes,,,,,https://hotelzz.in/property.html?id=hotel-silver-munnar-in04680
highland-valley-stay-munnar-in04681,Highland Valley Stay Munnar,Munnar,munnar,"313, Devikulam, near Top Station, Munnar, Kerala 685612",,,4.7,685612,,Cottage,yes,,,,,https://hotelzz.in/property.html?id=highland-valley-stay-munnar-in04681
imperial-cottage-munnar-in04682,Imperial Cottage Munnar,Munnar,munnar,"43, Pothamedu, Pothamedu, Munnar, Kerala 685565",,,4.0,685565,,Cottage,yes,,,,,https://hotelzz.in/property.html?id=imperial-cottage-munnar-in04682
cosy-view-resort-munnar-in04683,Cosy View Resort Munnar,Munnar,munnar,"501, Anachal, Pothamedu, Munnar, Kerala 685565",,,4.9,685565,,Cottage,yes,,,,,https://hotelzz.in/property.html?id=cosy-view-resort-munnar-in04683
pearl-valley-stay-munnar-in04684,Pearl Valley Stay Munnar,Munnar,munnar,"455, Devikulam, near Top Station, Munnar, Kerala 685612",,,4.6,685612,,Cottage,yes,,,,,https://hotelzz.in/property.html?id=pearl-valley-stay-munnar-in04684
orchid-hideaway-munnar-in04685,Orchid Hideaway Munnar,Munnar,munnar,"263, Tea Estate, near Top Station, Munnar, Kerala 685612",,,4.6,685612,,Cottage,yes,,,,,https://hotelzz.in/property.html?id=orchid-hideaway-munnar-in04685
ocean-cottage-munnar-in04686,Ocean Cottage Munnar,Munnar,munnar,"494, Pothamedu, Mattupetty, Munnar, Kerala 685613",,,4.1,685613,,Cottage,yes,,,,,https://hotelzz.in/property.html?id=ocean-cottage-munnar-in04686
crystal-hideaway-munnar-in04687,Crystal Hideaway Munnar,Munnar,munnar,"248, Chinnakanal, Mattupetty, Munnar, Kerala 685612",,,4.8,685612,,Cottage,yes,,,,,https://hotelzz.in/property.html?id=crystal-hideaway-munnar-in04687
himalayan-highland-munnar-in04688,Himalayan Highland Munnar,Munnar,munnar,"462, Tea Estate, Tea Country, Munnar, Kerala 685613",,,4.7,685613,,Cottage,yes,,,,,https://hotelzz.in/property.html?id=himalayan-highland-munnar-in04688
serene-view-resort-munnar-in04689,Serene View Resort Munnar,Munnar,munnar,"343, Anachal, Chinnakanal, Munnar, Kerala 685613",,,4.5,685613,,Cottage,yes,,,,,https://hotelzz.in/property.html?id=serene-view-resort-munnar-in04689
marigold-pines-munnar-in04690,Marigold Pines Munnar,Munnar,munnar,"323, Devikulam, Devikulam, Munnar, Kerala 685613",,,4.3,685613,,Cottage,yes,,,,,https://hotelzz.in/property.html?id=marigold-pines-munnar-in04690
hotel-tranquil-munnar-in04691,Hotel Tranquil Munnar,Munnar,munnar,"411, Top Station, near Top Station, Munnar, Kerala 685565",,,4.3,685565,,Cottage,yes,,,,,https://hotelzz.in/property.html?id=hotel-tranquil-munnar-in04691
ocean-hideaway-munnar-in04692,Ocean Hideaway Munnar,Munnar,munnar,"152, Chinnakanal, Pothamedu, Munnar, Kerala 685612",,,4.1,685612,,Cottage,yes,,,,,https://hotelzz.in/property.html?id=ocean-hideaway-munnar-in04692
sapphire-pines-munnar-in04693,Sapphire Pines Munnar,Munnar,munnar,"242, Devikulam, Tea Country, Munnar, Kerala 685565",,,4.8,685565,,Cottage,yes,,,,,https://hotelzz.in/property.html?id=sapphire-pines-munnar-in04693
emerald-pines-munnar-in04694,Emerald Pines Munnar,Munnar,munnar,"130, Tea Estate, Mattupetty, Munnar, Kerala 685565",,,4.8,685565,,Cottage,yes,,,,,https://hotelzz.in/property.html?id=emerald-pines-munnar-in04694
maple-cottage-munnar-in04695,Maple Cottage Munnar,Munnar,munnar,"585, Top Station, Mattupetty, Munnar, Kerala 685613",,,4.3,685613,,Cottage,yes,,,,,https://hotelzz.in/property.html?id=maple-cottage-munnar-in04695
velvet-pines-munnar-in04696,Velvet Pines Munnar,Munnar,munnar,"540, Top Station, Chinnakanal, Munnar, Kerala 685613",,,4.6,685613,,Cottage,yes,,,,,https://hotelzz.in/property.html?id=velvet-pines-munnar-in04696
aurora-view-resort-munnar-in04697,Aurora View Resort Munnar,Munnar,munnar,"222, Tea Estate, near Top Station, Munnar, Kerala 685612",,,4.7,685612,,Cottage,yes,,,,,https://hotelzz.in/property.html?id=aurora-view-resort-munnar-in04697
whispering-pines-munnar-in04698,Whispering Pines Munnar,Munnar,munnar,"275, Tea Estate, Chinnakanal, Munnar, Kerala 685565",,,4.4,685565,,Cottage,yes,,,,,https://hotelzz.in/property.html?id=whispering-pines-munnar-in04698
the-crown-cabin-munnar-in04699,The Crown Cabin Munnar,Munnar,munnar,"274, Mattupetty, near Top Station, Munnar, Kerala 685565",,,4.1,685565,,Cottage,yes,,,,,https://hotelzz.in/property.html?id=the-crown-cabin-munnar-in04699
sunrise-cottage-munnar-in04700,Sunrise Cottage Munnar,Munnar,munnar,"336, Tea Estate, Mattupetty, Munnar, Kerala 685612",,,4.5,685612,,Cottage,yes,,,,,https://hotelzz.in/property.html?id=sunrise-cottage-munnar-in04700
heritage-ashram-stay-rishikesh-in04701,Heritage Ashram Stay Rishikesh,Rishikesh,rishikesh,"299, Tapovan, Muni Ki Reti, Rishikesh, Uttarakhand 249202",,,4.9,249202,,Homestay,yes,,,,,https://hotelzz.in/property.html?id=heritage-ashram-stay-rishikesh-in04701
casa-riverside-rishikesh-in04702,Casa Riverside Rishikesh,Rishikesh,rishikesh,"191, Muni Ki Reti, Swarg Ashram, Rishikesh, Uttarakhand 249202",,,4.6,249202,,Homestay,yes,,,,,https://hotelzz.in/property.html?id=casa-riverside-rishikesh-in04702
serene-ghat-view-rishikesh-in04703,Serene Ghat View Rishikesh,Rishikesh,rishikesh,"120, Tapovan, Laxman Jhula, Rishikesh, Uttarakhand 249203",,,4.4,249203,,Homestay,yes,,,,,https://hotelzz.in/property.html?id=serene-ghat-view-rishikesh-in04703
hotel-rishikesh-pilgrim-in04704,Hotel Rishikesh Pilgrim,Rishikesh,rishikesh,"27, Ram Jhula, Muni Ki Reti, Rishikesh, Uttarakhand 249203",,,4.5,249203,,Homestay,yes,,,,,https://hotelzz.in/property.html?id=hotel-rishikesh-pilgrim-in04704
hotel-rishikesh-tranquil-in04705,Hotel Rishikesh Tranquil,Rishikesh,rishikesh,"166, High Bank, High Bank, Rishikesh, Uttarakhand 249203",,,4.5,249203,,Homestay,yes,,,,,https://hotelzz.in/property.html?id=hotel-rishikesh-tranquil-in04705
alpine-tirth-rishikesh-in04706,Alpine Tirth Rishikesh,Rishikesh,rishikesh,"437, Swarg Ashram, Muni Ki Reti, Rishikesh, Uttarakhand 249202",,,4.6,249202,,Homestay,yes,,,,,https://hotelzz.in/property.html?id=alpine-tirth-rishikesh-in04706
whispering-ghat-view-rishikesh-in04707,Whispering Ghat View Rishikesh,Rishikesh,rishikesh,"439, Tapovan, Muni Ki Reti, Rishikesh, Uttarakhand 249201",,,4.5,249201,,Homestay,yes,,,,,https://hotelzz.in/property.html?id=whispering-ghat-view-rishikesh-in04707
silver-riverside-rishikesh-in04708,Silver Riverside Rishikesh,Rishikesh,rishikesh,"137, Ram Jhula, Tapovan, Rishikesh, Uttarakhand 249201",,,4.3,249201,,Homestay,yes,,,,,https://hotelzz.in/property.html?id=silver-riverside-rishikesh-in04708
hotel-rishikesh-sacred-in04709,Hotel Rishikesh Sacred,Rishikesh,rishikesh,"137, Muni Ki Reti, Swarg Ashram, Rishikesh, Uttarakhand 249202",,,4.7,249202,,Homestay,yes,,,,,https://hotelzz.in/property.html?id=hotel-rishikesh-sacred-in04709
misty-tirth-rishikesh-in04710,Misty Tirth Rishikesh,Rishikesh,rishikesh,"450, High Bank, Muni Ki Reti, Rishikesh, Uttarakhand 249201",,,4.9,249201,,Homestay,yes,,,,,https://hotelzz.in/property.html?id=misty-tirth-rishikesh-in04710
hotel-rishikesh-heritage-in04711,Hotel Rishikesh Heritage,Rishikesh,rishikesh,"265, Muni Ki Reti, High Bank, Rishikesh, Uttarakhand 249203",,,4.4,249203,,Homestay,yes,,,,,https://hotelzz.in/property.html?id=hotel-rishikesh-heritage-in04711
tapasya-rishikesh-stay-in04712,Tapasya Rishikesh Stay,Rishikesh,rishikesh,"51, Laxman Jhula, Tapovan, Rishikesh, Uttarakhand 249202",,,4.4,249202,,Homestay,yes,,,,,https://hotelzz.in/property.html?id=tapasya-rishikesh-stay-in04712
hotel-rishikesh-divine-in04713,Hotel Rishikesh Divine,Rishikesh,rishikesh,"182, Ram Jhula, Ram Jhula, Rishikesh, Uttarakhand 249203",,,4.3,249203,,Homestay,yes,,,,,https://hotelzz.in/property.html?id=hotel-rishikesh-divine-in04713
tranquil-riverside-rishikesh-in04714,Tranquil Riverside Rishikesh,Rishikesh,rishikesh,"550, Tapovan, Swarg Ashram, Rishikesh, Uttarakhand 249201",,,4.4,249201,,Homestay,yes,,,,,https://hotelzz.in/property.html?id=tranquil-riverside-rishikesh-in04714
crown-peace-lodge-rishikesh-in04715,Crown Peace Lodge Rishikesh,Rishikesh,rishikesh,"348, Ram Jhula, Swarg Ashram, Rishikesh, Uttarakhand 249202",,,4.2,249202,,Homestay,yes,,,,,https://hotelzz.in/property.html?id=crown-peace-lodge-rishikesh-in04715
alpine-peace-lodge-rishikesh-in04716,Alpine Peace Lodge Rishikesh,Rishikesh,rishikesh,"101, Swarg Ashram, High Bank, Rishikesh, Uttarakhand 249201",,,4.4,249201,,Homestay,yes,,,,,https://hotelzz.in/property.html?id=alpine-peace-lodge-rishikesh-in04716
saffron-ghat-view-rishikesh-in04717,Saffron Ghat View Rishikesh,Rishikesh,rishikesh,"157, Laxman Jhula, Swarg Ashram, Rishikesh, Uttarakhand 249202",,,4.7,249202,,Homestay,yes,,,,,https://hotelzz.in/property.html?id=saffron-ghat-view-rishikesh-in04717
rishikesh-yog-retreat-in04718,Rishikesh Yog Retreat,Rishikesh,rishikesh,"62, Shivpuri, Muni Ki Reti, Rishikesh, Uttarakhand 249203",,,4.1,249203,,Homestay,yes,,,,,https://hotelzz.in/property.html?id=rishikesh-yog-retreat-in04718
velvet-ghat-view-rishikesh-in04719,Velvet Ghat View Rishikesh,Rishikesh,rishikesh,"391, Muni Ki Reti, Swarg Ashram, Rishikesh, Uttarakhand 249201",,,4.1,249201,,Homestay,yes,,,,,https://hotelzz.in/property.html?id=velvet-ghat-view-rishikesh-in04719
saffron-riverside-rishikesh-in04720,Saffron Riverside Rishikesh,Rishikesh,rishikesh,"319, Swarg Ashram, Tapovan, Rishikesh, Uttarakhand 249201",,,4.7,249201,,Homestay,yes,,,,,https://hotelzz.in/property.html?id=saffron-riverside-rishikesh-in04720
cosy-peace-lodge-rishikesh-in04721,Cosy Peace Lodge Rishikesh,Rishikesh,rishikesh,"366, High Bank, Swarg Ashram, Rishikesh, Uttarakhand 249203",,,4.2,249203,,Homestay,yes,,,,,https://hotelzz.in/property.html?id=cosy-peace-lodge-rishikesh-in04721
serene-rishikesh-inn-in04722,Serene Rishikesh Inn,Rishikesh,rishikesh,"54, Swarg Ashram, Muni Ki Reti, Rishikesh, Uttarakhand 249202",,,4.2,249202,,Homestay,yes,,,,,https://hotelzz.in/property.html?id=serene-rishikesh-inn-in04722
whispering-tirth-rishikesh-in04723,Whispering Tirth Rishikesh,Rishikesh,rishikesh,"159, Muni Ki Reti, Muni Ki Reti, Rishikesh, Uttarakhand 249201",,,4.8,249201,,Homestay,yes,,,,,https://hotelzz.in/property.html?id=whispering-tirth-rishikesh-in04723
regal-tirth-rishikesh-in04724,Regal Tirth Rishikesh,Rishikesh,rishikesh,"199, Laxman Jhula, Laxman Jhula, Rishikesh, Uttarakhand 249202",,,4.1,249202,,Homestay,yes,,,,,https://hotelzz.in/property.html?id=regal-tirth-rishikesh-in04724
royal-riverside-rishikesh-in04725,Royal Riverside Rishikesh,Rishikesh,rishikesh,"317, Ram Jhula, Swarg Ashram, Rishikesh, Uttarakhand 249202",,,4.7,249202,,Homestay,yes,,,,,https://hotelzz.in/property.html?id=royal-riverside-rishikesh-in04725
orchid-ghat-view-rishikesh-in04726,Orchid Ghat View Rishikesh,Rishikesh,rishikesh,"596, High Bank, High Bank, Rishikesh, Uttarakhand 249202",,,4.5,249202,,Homestay,yes,,,,,https://hotelzz.in/property.html?id=orchid-ghat-view-rishikesh-in04726
emerald-tirth-rishikesh-in04727,Emerald Tirth Rishikesh,Rishikesh,rishikesh,"65, Laxman Jhula, Swarg Ashram, Rishikesh, Uttarakhand 249201",,,4.9,249201,,Homestay,yes,,,,,https://hotelzz.in/property.html?id=emerald-tirth-rishikesh-in04727
marigold-tirth-rishikesh-in04728,Marigold Tirth Rishikesh,Rishikesh,rishikesh,"493, Ram Jhula, Swarg Ashram, Rishikesh, Uttarakhand 249203",,,4.0,249203,,Homestay,yes,,,,,https://hotelzz.in/property.html?id=marigold-tirth-rishikesh-in04728
orchid-tirth-rishikesh-in04729,Orchid Tirth Rishikesh,Rishikesh,rishikesh,"123, Swarg Ashram, Laxman Jhula, Rishikesh, Uttarakhand 249203",,,4.2,249203,,Homestay,yes,,,,,https://hotelzz.in/property.html?id=orchid-tirth-rishikesh-in04729
the-crown-sanctuary-rishikesh-in04730,The Crown Sanctuary Rishikesh,Rishikesh,rishikesh,"469, High Bank, Tapovan, Rishikesh, Uttarakhand 249203",,,4.4,249203,,Homestay,yes,,,,,https://hotelzz.in/property.html?id=the-crown-sanctuary-rishikesh-in04730
casa-ashram-stay-rishikesh-in04731,Casa Ashram Stay Rishikesh,Rishikesh,rishikesh,"450, Swarg Ashram, Swarg Ashram, Rishikesh, Uttarakhand 249202",,,4.3,249202,,Homestay,yes,,,,,https://hotelzz.in/property.html?id=casa-ashram-stay-rishikesh-in04731
pearl-peace-lodge-rishikesh-in04732,Pearl Peace Lodge Rishikesh,Rishikesh,rishikesh,"424, Tapovan, High Bank, Rishikesh, Uttarakhand 249201",,,4.3,249201,,Homestay,yes,,,,,https://hotelzz.in/property.html?id=pearl-peace-lodge-rishikesh-in04732
azure-tirth-rishikesh-in04733,Azure Tirth Rishikesh,Rishikesh,rishikesh,"351, Muni Ki Reti, High Bank, Rishikesh, Uttarakhand 249202",,,4.2,249202,,Homestay,yes,,,,,https://hotelzz.in/property.html?id=azure-tirth-rishikesh-in04733
the-vintage-sanctuary-rishikesh-in04734,The Vintage Sanctuary Rishikesh,Rishikesh,rishikesh,"114, Laxman Jhula, Tapovan, Rishikesh, Uttarakhand 249203",,,4.9,249203,,Homestay,yes,,,,,https://hotelzz.in/property.html?id=the-vintage-sanctuary-rishikesh-in04734
the-tranquil-sanctuary-rishikesh-in04735,The Tranquil Sanctuary Rishikesh,Rishikesh,rishikesh,"407, Ram Jhula, Swarg Ashram, Rishikesh, Uttarakhand 249202",,,4.7,249202,,Homestay,yes,,,,,https://hotelzz.in/property.html?id=the-tranquil-sanctuary-rishikesh-in04735
ocean-ashram-stay-rishikesh-in04736,Ocean Ashram Stay Rishikesh,Rishikesh,rishikesh,"77, Swarg Ashram, Swarg Ashram, Rishikesh, Uttarakhand 249202",,,4.5,249202,,Homestay,yes,,,,,https://hotelzz.in/property.html?id=ocean-ashram-stay-rishikesh-in04736
vintage-peace-lodge-rishikesh-in04737,Vintage Peace Lodge Rishikesh,Rishikesh,rishikesh,"445, Muni Ki Reti, Ram Jhula, Rishikesh, Uttarakhand 249203",,,4.3,249203,,Homestay,yes,,,,,https://hotelzz.in/property.html?id=vintage-peace-lodge-rishikesh-in04737
imperial-ghat-view-rishikesh-in04738,Imperial Ghat View Rishikesh,Rishikesh,rishikesh,"311, Shivpuri, High Bank, Rishikesh, Uttarakhand 249203",,,4.2,249203,,Homestay,yes,,,,,https://hotelzz.in/property.html?id=imperial-ghat-view-rishikesh-in04738
indigo-riverside-rishikesh-in04739,Indigo Riverside Rishikesh,Rishikesh,rishikesh,"471, Shivpuri, High Bank, Rishikesh, Uttarakhand 249201",,,4.6,249201,,Homestay,yes,,,,,https://hotelzz.in/property.html?id=indigo-riverside-rishikesh-in04739
the-silver-sanctuary-rishikesh-in04740,The Silver Sanctuary Rishikesh,Rishikesh,rishikesh,"518, Swarg Ashram, Swarg Ashram, Rishikesh, Uttarakhand 249202",,,4.0,249202,,Homestay,yes,,,,,https://hotelzz.in/property.html?id=the-silver-sanctuary-rishikesh-in04740
the-velvet-sanctuary-rishikesh-in04741,The Velvet Sanctuary Rishikesh,Rishikesh,rishikesh,"446, Shivpuri, Ram Jhula, Rishikesh, Uttarakhand 249201",,,4.7,249201,,Homestay,yes,,,,,https://hotelzz.in/property.html?id=the-velvet-sanctuary-rishikesh-in04741
misty-riverside-rishikesh-in04742,Misty Riverside Rishikesh,Rishikesh,rishikesh,"204, Shivpuri, Swarg Ashram, Rishikesh, Uttarakhand 249203",,,4.5,249203,,Homestay,yes,,,,,https://hotelzz.in/property.html?id=misty-riverside-rishikesh-in04742
aria-riverside-rishikesh-in04743,Aria Riverside Rishikesh,Rishikesh,rishikesh,"47, Shivpuri, Swarg Ashram, Rishikesh, Uttarakhand 249201",,,4.2,249201,,Homestay,yes,,,,,https://hotelzz.in/property.html?id=aria-riverside-rishikesh-in04743
highland-ghat-view-rishikesh-in04744,Highland Ghat View Rishikesh,Rishikesh,rishikesh,"95, High Bank, Muni Ki Reti, Rishikesh, Uttarakhand 249203",,,4.3,249203,,Homestay,yes,,,,,https://hotelzz.in/property.html?id=highland-ghat-view-rishikesh-in04744
the-wooden-sanctuary-rishikesh-in04745,The Wooden Sanctuary Rishikesh,Rishikesh,rishikesh,"98, Laxman Jhula, High Bank, Rishikesh, Uttarakhand 249202",,,4.6,249202,,Homestay,yes,,,,,https://hotelzz.in/property.html?id=the-wooden-sanctuary-rishikesh-in04745
emerald-peace-lodge-rishikesh-in04746,Emerald Peace Lodge Rishikesh,Rishikesh,rishikesh,"92, High Bank, Tapovan, Rishikesh, Uttarakhand 249202",,,4.0,249202,,Homestay,yes,,,,,https://hotelzz.in/property.html?id=emerald-peace-lodge-rishikesh-in04746
sapphire-ghat-view-rishikesh-in04747,Sapphire Ghat View Rishikesh,Rishikesh,rishikesh,"20, Ram Jhula, Tapovan, Rishikesh, Uttarakhand 249203",,,4.7,249203,,Homestay,yes,,,,,https://hotelzz.in/property.html?id=sapphire-ghat-view-rishikesh-in04747
vintage-ashram-stay-rishikesh-in04748,Vintage Ashram Stay Rishikesh,Rishikesh,rishikesh,"468, Shivpuri, Swarg Ashram, Rishikesh, Uttarakhand 249202",,,4.9,249202,,Homestay,yes,,,,,https://hotelzz.in/property.html?id=vintage-ashram-stay-rishikesh-in04748
the-aria-sanctuary-rishikesh-in04749,The Aria Sanctuary Rishikesh,Rishikesh,rishikesh,"429, Swarg Ashram, Laxman Jhula, Rishikesh, Uttarakhand 249202",,,4.5,249202,,Homestay,yes,,,,,https://hotelzz.in/property.html?id=the-aria-sanctuary-rishikesh-in04749
wooden-peace-lodge-rishikesh-in04750,Wooden Peace Lodge Rishikesh,Rishikesh,rishikesh,"276, Tapovan, Laxman Jhula, Rishikesh, Uttarakhand 249203",,,4.6,249203,,Homestay,yes,,,,,https://hotelzz.in/property.html?id=wooden-peace-lodge-rishikesh-in04750
crystal-riverside-rishikesh-in04751,Crystal Riverside Rishikesh,Rishikesh,rishikesh,"79, Tapovan, Ram Jhula, Rishikesh, Uttarakhand 249202",,,4.8,249202,,Homestay,yes,,,,,https://hotelzz.in/property.html?id=crystal-riverside-rishikesh-in04751
emerald-ghat-view-rishikesh-in04752,Emerald Ghat View Rishikesh,Rishikesh,rishikesh,"537, Muni Ki Reti, Muni Ki Reti, Rishikesh, Uttarakhand 249203",,,4.1,249203,,Homestay,yes,,,,,https://hotelzz.in/property.html?id=emerald-ghat-view-rishikesh-in04752
the-emerald-sanctuary-rishikesh-in04753,The Emerald Sanctuary Rishikesh,Rishikesh,rishikesh,"454, Swarg Ashram, Laxman Jhula, Rishikesh, Uttarakhand 249203",,,4.6,249203,,Homestay,yes,,,,,https://hotelzz.in/property.html?id=the-emerald-sanctuary-rishikesh-in04753
vintage-riverside-rishikesh-in04754,Vintage Riverside Rishikesh,Rishikesh,rishikesh,"497, Swarg Ashram, Muni Ki Reti, Rishikesh, Uttarakhand 249201",,,4.8,249201,,Homestay,yes,,,,,https://hotelzz.in/property.html?id=vintage-riverside-rishikesh-in04754
crystal-peace-lodge-rishikesh-in04755,Crystal Peace Lodge Rishikesh,Rishikesh,rishikesh,"92, Tapovan, Tapovan, Rishikesh, Uttarakhand 249201",,,4.6,249201,,Homestay,yes,,,,,https://hotelzz.in/property.html?id=crystal-peace-lodge-rishikesh-in04755
alpine-ghat-view-rishikesh-in04756,Alpine Ghat View Rishikesh,Rishikesh,rishikesh,"78, Muni Ki Reti, Swarg Ashram, Rishikesh, Uttarakhand 249201",,,4.6,249201,,Homestay,yes,,,,,https://hotelzz.in/property.html?id=alpine-ghat-view-rishikesh-in04756
highland-riverside-rishikesh-in04757,Highland Riverside Rishikesh,Rishikesh,rishikesh,"162, Muni Ki Reti, Muni Ki Reti, Rishikesh, Uttarakhand 249201",,,4.1,249201,,Homestay,yes,,,,,https://hotelzz.in/property.html?id=highland-riverside-rishikesh-in04757
regal-riverside-rishikesh-in04758,Regal Riverside Rishikesh,Rishikesh,rishikesh,"327, High Bank, Tapovan, Rishikesh, Uttarakhand 249203",,,4.8,249203,,Homestay,yes,,,,,https://hotelzz.in/property.html?id=regal-riverside-rishikesh-in04758
the-highland-sanctuary-rishikesh-in04759,The Highland Sanctuary Rishikesh,Rishikesh,rishikesh,"409, Shivpuri, High Bank, Rishikesh, Uttarakhand 249203",,,4.6,249203,,Homestay,yes,,,,,https://hotelzz.in/property.html?id=the-highland-sanctuary-rishikesh-in04759
wooden-ashram-stay-rishikesh-in04760,Wooden Ashram Stay Rishikesh,Rishikesh,rishikesh,"385, Swarg Ashram, Muni Ki Reti, Rishikesh, Uttarakhand 249201",,,4.4,249201,,Homestay,yes,,,,,https://hotelzz.in/property.html?id=wooden-ashram-stay-rishikesh-in04760
imperial-riverside-rishikesh-in04761,Imperial Riverside Rishikesh,Rishikesh,rishikesh,"517, Shivpuri, Tapovan, Rishikesh, Uttarakhand 249202",,,4.3,249202,,Homestay,yes,,,,,https://hotelzz.in/property.html?id=imperial-riverside-rishikesh-in04761
the-aspen-sanctuary-rishikesh-in04762,The Aspen Sanctuary Rishikesh,Rishikesh,rishikesh,"573, Muni Ki Reti, Laxman Jhula, Rishikesh, Uttarakhand 249202",,,4.7,249202,,Homestay,yes,,,,,https://hotelzz.in/property.html?id=the-aspen-sanctuary-rishikesh-in04762
royal-ghat-view-rishikesh-in04763,Royal Ghat View Rishikesh,Rishikesh,rishikesh,"566, Swarg Ashram, High Bank, Rishikesh, Uttarakhand 249203",,,4.5,249203,,Homestay,yes,,,,,https://hotelzz.in/property.html?id=royal-ghat-view-rishikesh-in04763
saffron-ashram-stay-rishikesh-in04764,Saffron Ashram Stay Rishikesh,Rishikesh,rishikesh,"228, High Bank, Laxman Jhula, Rishikesh, Uttarakhand 249201",,,4.0,249201,,Homestay,yes,,,,,https://hotelzz.in/property.html?id=saffron-ashram-stay-rishikesh-in04764
orchid-riverside-rishikesh-in04765,Orchid Riverside Rishikesh,Rishikesh,rishikesh,"74, Muni Ki Reti, Muni Ki Reti, Rishikesh, Uttarakhand 249201",,,4.6,249201,,Homestay,yes,,,,,https://hotelzz.in/property.html?id=orchid-riverside-rishikesh-in04765
ocean-tirth-rishikesh-in04766,Ocean Tirth Rishikesh,Rishikesh,rishikesh,"377, Ram Jhula, Tapovan, Rishikesh, Uttarakhand 249201",,,4.5,249201,,Homestay,yes,,,,,https://hotelzz.in/property.html?id=ocean-tirth-rishikesh-in04766
silver-ghat-view-rishikesh-in04767,Silver Ghat View Rishikesh,Rishikesh,rishikesh,"47, High Bank, Swarg Ashram, Rishikesh, Uttarakhand 249203",,,4.6,249203,,Homestay,yes,,,,,https://hotelzz.in/property.html?id=silver-ghat-view-rishikesh-in04767
the-casa-sanctuary-rishikesh-in04768,The Casa Sanctuary Rishikesh,Rishikesh,rishikesh,"45, Swarg Ashram, High Bank, Rishikesh, Uttarakhand 249202",,,4.7,249202,,Homestay,yes,,,,,https://hotelzz.in/property.html?id=the-casa-sanctuary-rishikesh-in04768
whispering-ashram-stay-rishikesh-in04769,Whispering Ashram Stay Rishikesh,Rishikesh,rishikesh,"318, Muni Ki Reti, Laxman Jhula, Rishikesh, Uttarakhand 249202",,,4.9,249202,,Homestay,yes,,,,,https://hotelzz.in/property.html?id=whispering-ashram-stay-rishikesh-in04769
the-crystal-sanctuary-rishikesh-in04770,The Crystal Sanctuary Rishikesh,Rishikesh,rishikesh,"438, Muni Ki Reti, Laxman Jhula, Rishikesh, Uttarakhand 249202",,,4.2,249202,,Homestay,yes,,,,,https://hotelzz.in/property.html?id=the-crystal-sanctuary-rishikesh-in04770
sapphire-tirth-rishikesh-in04771,Sapphire Tirth Rishikesh,Rishikesh,rishikesh,"317, Shivpuri, Ram Jhula, Rishikesh, Uttarakhand 249201",,,4.8,249201,,Homestay,yes,,,,,https://hotelzz.in/property.html?id=sapphire-tirth-rishikesh-in04771
velvet-peace-lodge-rishikesh-in04772,Velvet Peace Lodge Rishikesh,Rishikesh,rishikesh,"237, High Bank, Ram Jhula, Rishikesh, Uttarakhand 249201",,,4.3,249201,,Homestay,yes,,,,,https://hotelzz.in/property.html?id=velvet-peace-lodge-rishikesh-in04772
the-indigo-sanctuary-rishikesh-in04773,The Indigo Sanctuary Rishikesh,Rishikesh,rishikesh,"362, Muni Ki Reti, Laxman Jhula, Rishikesh, Uttarakhand 249203",,,4.4,249203,,Homestay,yes,,,,,https://hotelzz.in/property.html?id=the-indigo-sanctuary-rishikesh-in04773
sunrise-riverside-rishikesh-in04774,Sunrise Riverside Rishikesh,Rishikesh,rishikesh,"523, Muni Ki Reti, Tapovan, Rishikesh, Uttarakhand 249202",,,4.2,249202,,Homestay,yes,,,,,https://hotelzz.in/property.html?id=sunrise-riverside-rishikesh-in04774
serene-tirth-rishikesh-in04775,Serene Tirth Rishikesh,Rishikesh,rishikesh,"55, High Bank, Tapovan, Rishikesh, Uttarakhand 249201",,,4.8,249201,,Homestay,yes,,,,,https://hotelzz.in/property.html?id=serene-tirth-rishikesh-in04775
the-sunrise-sanctuary-rishikesh-in04776,The Sunrise Sanctuary Rishikesh,Rishikesh,rishikesh,"455, Shivpuri, Swarg Ashram, Rishikesh, Uttarakhand 249202",,,4.7,249202,,Homestay,yes,,,,,https://hotelzz.in/property.html?id=the-sunrise-sanctuary-rishikesh-in04776
crystal-ashram-stay-rishikesh-in04777,Crystal Ashram Stay Rishikesh,Rishikesh,rishikesh,"145, Muni Ki Reti, Tapovan, Rishikesh, Uttarakhand 249202",,,4.1,249202,,Homestay,yes,,,,,https://hotelzz.in/property.html?id=crystal-ashram-stay-rishikesh-in04777
sapphire-peace-lodge-rishikesh-in04778,Sapphire Peace Lodge Rishikesh,Rishikesh,rishikesh,"349, High Bank, Muni Ki Reti, Rishikesh, Uttarakhand 249201",,,4.4,249201,,Homestay,yes,,,,,https://hotelzz.in/property.html?id=sapphire-peace-lodge-rishikesh-in04778
imperial-ashram-stay-rishikesh-in04779,Imperial Ashram Stay Rishikesh,Rishikesh,rishikesh,"374, Swarg Ashram, Muni Ki Reti, Rishikesh, Uttarakhand 249202",,,4.2,249202,,Homestay,yes,,,,,https://hotelzz.in/property.html?id=imperial-ashram-stay-rishikesh-in04779
the-pearl-sanctuary-rishikesh-in04780,The Pearl Sanctuary Rishikesh,Rishikesh,rishikesh,"495, Shivpuri, Tapovan, Rishikesh, Uttarakhand 249203",,,4.1,249203,,Homestay,yes,,,,,https://hotelzz.in/property.html?id=the-pearl-sanctuary-rishikesh-in04780
sapphire-ashram-stay-rishikesh-in04781,Sapphire Ashram Stay Rishikesh,Rishikesh,rishikesh,"198, High Bank, Muni Ki Reti, Rishikesh, Uttarakhand 249202",,,4.6,249202,,Homestay,yes,,,,,https://hotelzz.in/property.html?id=sapphire-ashram-stay-rishikesh-in04781
serene-peace-lodge-rishikesh-in04782,Serene Peace Lodge Rishikesh,Rishikesh,rishikesh,"260, Shivpuri, High Bank, Rishikesh, Uttarakhand 249203",,,4.5,249203,,Homestay,yes,,,,,https://hotelzz.in/property.html?id=serene-peace-lodge-rishikesh-in04782
whispering-peace-lodge-rishikesh-in04783,Whispering Peace Lodge Rishikesh,Rishikesh,rishikesh,"94, Shivpuri, Muni Ki Reti, Rishikesh, Uttarakhand 249201",,,4.2,249201,,Homestay,yes,,,,,https://hotelzz.in/property.html?id=whispering-peace-lodge-rishikesh-in04783
vintage-ghat-view-rishikesh-in04784,Vintage Ghat View Rishikesh,Rishikesh,rishikesh,"333, Swarg Ashram, Ram Jhula, Rishikesh, Uttarakhand 249203",,,4.7,249203,,Homestay,yes,,,,,https://hotelzz.in/property.html?id=vintage-ghat-view-rishikesh-in04784
rishikesh-yog-retreat-85-in04785,Rishikesh Yog Retreat 85,Rishikesh,rishikesh,"476, Laxman Jhula, Swarg Ashram, Rishikesh, Uttarakhand 249202",,,4.0,249202,,Homestay,yes,,,,,https://hotelzz.in/property.html?id=rishikesh-yog-retreat-85-in04785
the-azure-sanctuary-rishikesh-in04786,The Azure Sanctuary Rishikesh,Rishikesh,rishikesh,"368, Tapovan, Swarg Ashram, Rishikesh, Uttarakhand 249203",,,4.8,249203,,Homestay,yes,,,,,https://hotelzz.in/property.html?id=the-azure-sanctuary-rishikesh-in04786
vintage-tirth-rishikesh-in04787,Vintage Tirth Rishikesh,Rishikesh,rishikesh,"147, Tapovan, High Bank, Rishikesh, Uttarakhand 249203",,,4.8,249203,,Homestay,yes,,,,,https://hotelzz.in/property.html?id=vintage-tirth-rishikesh-in04787
indigo-tirth-rishikesh-in04788,Indigo Tirth Rishikesh,Rishikesh,rishikesh,"494, Swarg Ashram, Ram Jhula, Rishikesh, Uttarakhand 249202",,,4.0,249202,,Homestay,yes,,,,,https://hotelzz.in/property.html?id=indigo-tirth-rishikesh-in04788
ocean-riverside-rishikesh-in04789,Ocean Riverside Rishikesh,Rishikesh,rishikesh,"117, Swarg Ashram, High Bank, Rishikesh, Uttarakhand 249201",,,4.2,249201,,Homestay,yes,,,,,https://hotelzz.in/property.html?id=ocean-riverside-rishikesh-in04789
misty-ashram-stay-rishikesh-in04790,Misty Ashram Stay Rishikesh,Rishikesh,rishikesh,"121, Muni Ki Reti, Swarg Ashram, Rishikesh, Uttarakhand 249201",,,4.4,249201,,Homestay,yes,,,,,https://hotelzz.in/property.html?id=misty-ashram-stay-rishikesh-in04790
crystal-ghat-view-rishikesh-in04791,Crystal Ghat View Rishikesh,Rishikesh,rishikesh,"529, Ram Jhula, Laxman Jhula, Rishikesh, Uttarakhand 249203",,,4.5,249203,,Homestay,yes,,,,,https://hotelzz.in/property.html?id=crystal-ghat-view-rishikesh-in04791
wooden-tirth-rishikesh-in04792,Wooden Tirth Rishikesh,Rishikesh,rishikesh,"564, Muni Ki Reti, Ram Jhula, Rishikesh, Uttarakhand 249202",,,4.5,249202,,Homestay,yes,,,,,https://hotelzz.in/property.html?id=wooden-tirth-rishikesh-in04792
sunrise-tirth-rishikesh-in04793,Sunrise Tirth Rishikesh,Rishikesh,rishikesh,"84, High Bank, Muni Ki Reti, Rishikesh, Uttarakhand 249202",,,4.7,249202,,Homestay,yes,,,,,https://hotelzz.in/property.html?id=sunrise-tirth-rishikesh-in04793
highland-peace-lodge-rishikesh-in04794,Highland Peace Lodge Rishikesh,Rishikesh,rishikesh,"248, High Bank, High Bank, Rishikesh, Uttarakhand 249203",,,4.5,249203,,Homestay,yes,,,,,https://hotelzz.in/property.html?id=highland-peace-lodge-rishikesh-in04794
indigo-peace-lodge-rishikesh-in04795,Indigo Peace Lodge Rishikesh,Rishikesh,rishikesh,"285, Tapovan, Swarg Ashram, Rishikesh, Uttarakhand 249203",,,4.9,249203,,Homestay,yes,,,,,https://hotelzz.in/property.html?id=indigo-peace-lodge-rishikesh-in04795
regal-peace-lodge-rishikesh-in04796,Regal Peace Lodge Rishikesh,Rishikesh,rishikesh,"399, Tapovan, Tapovan, Rishikesh, Uttarakhand 249203",,,4.1,249203,,Homestay,yes,,,,,https://hotelzz.in/property.html?id=regal-peace-lodge-rishikesh-in04796
tranquil-peace-lodge-rishikesh-in04797,Tranquil Peace Lodge Rishikesh,Rishikesh,rishikesh,"13, Muni Ki Reti, Tapovan, Rishikesh, Uttarakhand 249201",,,4.1,249201,,Homestay,yes,,,,,https://hotelzz.in/property.html?id=tranquil-peace-lodge-rishikesh-in04797
silver-peace-lodge-rishikesh-in04798,Silver Peace Lodge Rishikesh,Rishikesh,rishikesh,"524, Ram Jhula, Swarg Ashram, Rishikesh, Uttarakhand 249203",,,4.1,249203,,Homestay,yes,,,,,https://hotelzz.in/property.html?id=silver-peace-lodge-rishikesh-in04798
imperial-peace-lodge-rishikesh-in04799,Imperial Peace Lodge Rishikesh,Rishikesh,rishikesh,"54, Ram Jhula, Ram Jhula, Rishikesh, Uttarakhand 249203",,,4.5,249203,,Homestay,yes,,,,,https://hotelzz.in/property.html?id=imperial-peace-lodge-rishikesh-in04799
the-maple-sanctuary-rishikesh-in04800,The Maple Sanctuary Rishikesh,Rishikesh,rishikesh,"414, Shivpuri, Tapovan, Rishikesh, Uttarakhand 249201",,,4.8,249201,,Homestay,yes,,,,,https://hotelzz.in/property.html?id=the-maple-sanctuary-rishikesh-in04800
the-pune-boutique-in04801,The Pune Boutique,Pune,pune,"365, Koregaon Park, Baner-Aundh, Pune, Maharashtra 411001",,,4.6,411001,,Hotel,yes,,,,,https://hotelzz.in/property.html?id=the-pune-boutique-in04801
urban-stay-pune-in04802,Urban Stay Pune,Pune,pune,"577, Viman Nagar, Camp, Pune, Maharashtra 411007",,,4.5,411007,,Hotel,yes,,,,,https://hotelzz.in/property.html?id=urban-stay-pune-in04802
aspen-business-hotel-pune-in04803,Aspen Business Hotel Pune,Pune,pune,"359, Kalyani Nagar, Koregaon Park, Pune, Maharashtra 411057",,,4.8,411057,,Hotel,yes,,,,,https://hotelzz.in/property.html?id=aspen-business-hotel-pune-in04803
sapphire-service-apartments-pune-in04804,Sapphire Service Apartments Pune,Pune,pune,"103, Koregaon Park, near University, Pune, Maharashtra 411038",,,4.7,411038,,Hotel,yes,,,,,https://hotelzz.in/property.html?id=sapphire-service-apartments-pune-in04804
pune-silver-suites-in04805,Pune Silver Suites,Pune,pune,"367, Aundh, Viman Nagar, Pune, Maharashtra 411057",,,4.2,411057,,Hotel,yes,,,,,https://hotelzz.in/property.html?id=pune-silver-suites-in04805
hotel-whispering-pune-in04806,Hotel Whispering Pune,Pune,pune,"290, FC Road, Baner-Aundh, Pune, Maharashtra 411038",,,4.0,411038,,Hotel,yes,,,,,https://hotelzz.in/property.html?id=hotel-whispering-pune-in04806
pune-tranquil-suites-in04807,Pune Tranquil Suites,Pune,pune,"325, Camp, near University, Pune, Maharashtra 411057",,,4.1,411057,,Hotel,yes,,,,,https://hotelzz.in/property.html?id=pune-tranquil-suites-in04807
aria-business-hotel-pune-in04808,Aria Business Hotel Pune,Pune,pune,"78, FC Road, Hinjewadi, Pune, Maharashtra 411004",,,4.2,411004,,Hotel,yes,,,,,https://hotelzz.in/property.html?id=aria-business-hotel-pune-in04808
crown-inn-pune-in04809,Crown Inn Pune,Pune,pune,"339, Camp, Baner-Aundh, Pune, Maharashtra 411007",,,4.2,411007,,Hotel,yes,,,,,https://hotelzz.in/property.html?id=crown-inn-pune-in04809
hotel-pune-plaza-in04810,Hotel Pune Plaza,Pune,pune,"86, Hinjewadi, Camp, Pune, Maharashtra 411016",,,4.7,411016,,Hotel,yes,,,,,https://hotelzz.in/property.html?id=hotel-pune-plaza-in04810
skyline-suites-pune-in04811,Skyline Suites Pune,Pune,pune,"537, Viman Nagar, Camp, Pune, Maharashtra 411007",,,4.3,411007,,Hotel,yes,,,,,https://hotelzz.in/property.html?id=skyline-suites-pune-in04811
marigold-inn-pune-in04812,Marigold Inn Pune,Pune,pune,"336, Camp, Baner-Aundh, Pune, Maharashtra 411007",,,4.6,411007,,Hotel,yes,,,,,https://hotelzz.in/property.html?id=marigold-inn-pune-in04812
cosy-service-apartments-pune-in04813,Cosy Service Apartments Pune,Pune,pune,"273, Camp, near University, Pune, Maharashtra 411001",,,4.7,411001,,Hotel,yes,,,,,https://hotelzz.in/property.html?id=cosy-service-apartments-pune-in04813
cosmo-inn-pune-in04814,Cosmo Inn Pune,Pune,pune,"274, Aundh, Hinjewadi, Pune, Maharashtra 411007",,,4.7,411007,,Hotel,yes,,,,,https://hotelzz.in/property.html?id=cosmo-inn-pune-in04814
comfort-stays-pune-in04815,Comfort Stays Pune,Pune,pune,"530, Baner, Hinjewadi, Pune, Maharashtra 411007",,,4.9,411007,,Hotel,yes,,,,,https://hotelzz.in/property.html?id=comfort-stays-pune-in04815
sunrise-service-apartments-pune-in04816,Sunrise Service Apartments Pune,Pune,pune,"350, Camp, Koregaon Park, Pune, Maharashtra 411004",,,4.6,411004,,Hotel,yes,,,,,https://hotelzz.in/property.html?id=sunrise-service-apartments-pune-in04816
royal-business-hotel-pune-in04817,Royal Business Hotel Pune,Pune,pune,"427, Viman Nagar, Camp, Pune, Maharashtra 411001",,,4.0,411001,,Hotel,yes,,,,,https://hotelzz.in/property.html?id=royal-business-hotel-pune-in04817
pune-premier-inn-in04818,Pune Premier Inn,Pune,pune,"306, Kalyani Nagar, Koregaon Park, Pune, Maharashtra 411038",,,4.8,411038,,Hotel,yes,,,,,https://hotelzz.in/property.html?id=pune-premier-inn-in04818
hotel-regal-pune-in04819,Hotel Regal Pune,Pune,pune,"385, FC Road, Koregaon Park, Pune, Maharashtra 411001",,,4.1,411001,,Hotel,yes,,,,,https://hotelzz.in/property.html?id=hotel-regal-pune-in04819
hotel-marigold-pune-in04820,Hotel Marigold Pune,Pune,pune,"479, FC Road, Hinjewadi, Pune, Maharashtra 411001",,,4.1,411001,,Hotel,yes,,,,,https://hotelzz.in/property.html?id=hotel-marigold-pune-in04820
the-pune-loft-in04821,The Pune Loft,Pune,pune,"116, Koregaon Park, Hinjewadi, Pune, Maharashtra 411007",,,4.3,411007,,Hotel,yes,,,,,https://hotelzz.in/property.html?id=the-pune-loft-in04821
marigold-business-hotel-pune-in04822,Marigold Business Hotel Pune,Pune,pune,"205, Camp, near University, Pune, Maharashtra 411007",,,4.8,411007,,Hotel,yes,,,,,https://hotelzz.in/property.html?id=marigold-business-hotel-pune-in04822
emerald-business-hotel-pune-in04823,Emerald Business Hotel Pune,Pune,pune,"51, Aundh, Viman Nagar, Pune, Maharashtra 411001",,,4.2,411001,,Hotel,yes,,,,,https://hotelzz.in/property.html?id=emerald-business-hotel-pune-in04823
pune-alpine-suites-in04824,Pune Alpine Suites,Pune,pune,"409, Baner, Baner-Aundh, Pune, Maharashtra 411001",,,4.6,411001,,Hotel,yes,,,,,https://hotelzz.in/property.html?id=pune-alpine-suites-in04824
velvet-business-hotel-pune-in04825,Velvet Business Hotel Pune,Pune,pune,"121, FC Road, Koregaon Park, Pune, Maharashtra 411007",,,4.2,411007,,Hotel,yes,,,,,https://hotelzz.in/property.html?id=velvet-business-hotel-pune-in04825
hotel-tranquil-pune-in04826,Hotel Tranquil Pune,Pune,pune,"537, FC Road, near University, Pune, Maharashtra 411007",,,4.5,411007,,Hotel,yes,,,,,https://hotelzz.in/property.html?id=hotel-tranquil-pune-in04826
crown-pune-hotel-in04827,Crown Pune Hotel,Pune,pune,"352, Koregaon Park, Camp, Pune, Maharashtra 411004",,,4.9,411004,,Hotel,yes,,,,,https://hotelzz.in/property.html?id=crown-pune-hotel-in04827
hotel-saffron-pune-in04828,Hotel Saffron Pune,Pune,pune,"198, Koregaon Park, Baner-Aundh, Pune, Maharashtra 411038",,,4.6,411038,,Hotel,yes,,,,,https://hotelzz.in/property.html?id=hotel-saffron-pune-in04828
heritage-inn-pune-in04829,Heritage Inn Pune,Pune,pune,"375, Koregaon Park, Camp, Pune, Maharashtra 411057",,,4.8,411057,,Hotel,yes,,,,,https://hotelzz.in/property.html?id=heritage-inn-pune-in04829
whispering-inn-pune-in04830,Whispering Inn Pune,Pune,pune,"179, Aundh, Baner-Aundh, Pune, Maharashtra 411057",,,4.6,411057,,Hotel,yes,,,,,https://hotelzz.in/property.html?id=whispering-inn-pune-in04830
crown-service-apartments-pune-in04831,Crown Service Apartments Pune,Pune,pune,"236, Hinjewadi, Viman Nagar, Pune, Maharashtra 411001",,,4.1,411001,,Hotel,yes,,,,,https://hotelzz.in/property.html?id=crown-service-apartments-pune-in04831
azure-business-hotel-pune-in04832,Azure Business Hotel Pune,Pune,pune,"505, Koregaon Park, Hinjewadi, Pune, Maharashtra 411007",,,4.7,411007,,Hotel,yes,,,,,https://hotelzz.in/property.html?id=azure-business-hotel-pune-in04832
indigo-inn-pune-in04833,Indigo Inn Pune,Pune,pune,"19, Koregaon Park, Viman Nagar, Pune, Maharashtra 411038",,,4.4,411038,,Hotel,yes,,,,,https://hotelzz.in/property.html?id=indigo-inn-pune-in04833
pune-whispering-suites-in04834,Pune Whispering Suites,Pune,pune,"176, Koregaon Park, near University, Pune, Maharashtra 411038",,,4.1,411038,,Hotel,yes,,,,,https://hotelzz.in/property.html?id=pune-whispering-suites-in04834
wooden-service-apartments-pune-in04835,Wooden Service Apartments Pune,Pune,pune,"550, Hinjewadi, Koregaon Park, Pune, Maharashtra 411001",,,4.9,411001,,Hotel,yes,,,,,https://hotelzz.in/property.html?id=wooden-service-apartments-pune-in04835
wooden-business-hotel-pune-in04836,Wooden Business Hotel Pune,Pune,pune,"291, Koregaon Park, near University, Pune, Maharashtra 411007",,,4.4,411007,,Hotel,yes,,,,,https://hotelzz.in/property.html?id=wooden-business-hotel-pune-in04836
pune-crystal-suites-in04837,Pune Crystal Suites,Pune,pune,"5, Hinjewadi, near University, Pune, Maharashtra 411016",,,4.1,411016,,Hotel,yes,,,,,https://hotelzz.in/property.html?id=pune-crystal-suites-in04837
orchid-business-hotel-pune-in04838,Orchid Business Hotel Pune,Pune,pune,"556, FC Road, near University, Pune, Maharashtra 411004",,,4.5,411004,,Hotel,yes,,,,,https://hotelzz.in/property.html?id=orchid-business-hotel-pune-in04838
velvet-inn-pune-in04839,Velvet Inn Pune,Pune,pune,"144, Camp, Hinjewadi, Pune, Maharashtra 411001",,,4.1,411001,,Hotel,yes,,,,,https://hotelzz.in/property.html?id=velvet-inn-pune-in04839
pune-crown-suites-in04840,Pune Crown Suites,Pune,pune,"426, Koregaon Park, Koregaon Park, Pune, Maharashtra 411016",,,4.0,411016,,Hotel,yes,,,,,https://hotelzz.in/property.html?id=pune-crown-suites-in04840
imperial-service-apartments-pune-in04841,Imperial Service Apartments Pune,Pune,pune,"193, Koregaon Park, Koregaon Park, Pune, Maharashtra 411004",,,4.1,411004,,Hotel,yes,,,,,https://hotelzz.in/property.html?id=imperial-service-apartments-pune-in04841
hotel-aspen-pune-in04842,Hotel Aspen Pune,Pune,pune,"451, Camp, Camp, Pune, Maharashtra 411001",,,4.8,411001,,Hotel,yes,,,,,https://hotelzz.in/property.html?id=hotel-aspen-pune-in04842
pearl-inn-pune-in04843,Pearl Inn Pune,Pune,pune,"548, Viman Nagar, Viman Nagar, Pune, Maharashtra 411007",,,4.3,411007,,Hotel,yes,,,,,https://hotelzz.in/property.html?id=pearl-inn-pune-in04843
crystal-inn-pune-in04844,Crystal Inn Pune,Pune,pune,"156, Viman Nagar, near University, Pune, Maharashtra 411016",,,4.1,411016,,Hotel,yes,,,,,https://hotelzz.in/property.html?id=crystal-inn-pune-in04844
hotel-cosy-pune-in04845,Hotel Cosy Pune,Pune,pune,"258, Aundh, Baner-Aundh, Pune, Maharashtra 411004",,,4.5,411004,,Hotel,yes,,,,,https://hotelzz.in/property.html?id=hotel-cosy-pune-in04845
saffron-business-hotel-pune-in04846,Saffron Business Hotel Pune,Pune,pune,"206, Viman Nagar, Viman Nagar, Pune, Maharashtra 411007",,,4.6,411007,,Hotel,yes,,,,,https://hotelzz.in/property.html?id=saffron-business-hotel-pune-in04846
hotel-pearl-pune-in04847,Hotel Pearl Pune,Pune,pune,"424, Koregaon Park, near University, Pune, Maharashtra 411004",,,4.9,411004,,Hotel,yes,,,,,https://hotelzz.in/property.html?id=hotel-pearl-pune-in04847
whispering-service-apartments-pune-in04848,Whispering Service Apartments Pune,Pune,pune,"259, Aundh, Viman Nagar, Pune, Maharashtra 411038",,,4.1,411038,,Hotel,yes,,,,,https://hotelzz.in/property.html?id=whispering-service-apartments-pune-in04848
hotel-imperial-pune-in04849,Hotel Imperial Pune,Pune,pune,"385, Baner, Hinjewadi, Pune, Maharashtra 411004",,,4.1,411004,,Hotel,yes,,,,,https://hotelzz.in/property.html?id=hotel-imperial-pune-in04849
pune-misty-suites-in04850,Pune Misty Suites,Pune,pune,"467, Koregaon Park, near University, Pune, Maharashtra 411038",,,4.1,411038,,Hotel,yes,,,,,https://hotelzz.in/property.html?id=pune-misty-suites-in04850
royal-inn-pune-in04851,Royal Inn Pune,Pune,pune,"11, Koregaon Park, Camp, Pune, Maharashtra 411016",,,4.5,411016,,Hotel,yes,,,,,https://hotelzz.in/property.html?id=royal-inn-pune-in04851
azure-service-apartments-pune-in04852,Azure Service Apartments Pune,Pune,pune,"514, Kalyani Nagar, Hinjewadi, Pune, Maharashtra 411057",,,4.8,411057,,Hotel,yes,,,,,https://hotelzz.in/property.html?id=azure-service-apartments-pune-in04852
hotel-emerald-pune-in04853,Hotel Emerald Pune,Pune,pune,"245, Hinjewadi, Hinjewadi, Pune, Maharashtra 411004",,,4.2,411004,,Hotel,yes,,,,,https://hotelzz.in/property.html?id=hotel-emerald-pune-in04853
sapphire-business-hotel-pune-in04854,Sapphire Business Hotel Pune,Pune,pune,"437, Kalyani Nagar, Koregaon Park, Pune, Maharashtra 411038",,,4.8,411038,,Hotel,yes,,,,,https://hotelzz.in/property.html?id=sapphire-business-hotel-pune-in04854
serene-service-apartments-pune-in04855,Serene Service Apartments Pune,Pune,pune,"326, FC Road, Koregaon Park, Pune, Maharashtra 411007",,,4.8,411007,,Hotel,yes,,,,,https://hotelzz.in/property.html?id=serene-service-apartments-pune-in04855
pune-casa-suites-in04856,Pune Casa Suites,Pune,pune,"516, Kalyani Nagar, Camp, Pune, Maharashtra 411001",,,4.5,411001,,Hotel,yes,,,,,https://hotelzz.in/property.html?id=pune-casa-suites-in04856
hotel-royal-pune-in04857,Hotel Royal Pune,Pune,pune,"471, Kalyani Nagar, Viman Nagar, Pune, Maharashtra 411057",,,4.8,411057,,Hotel,yes,,,,,https://hotelzz.in/property.html?id=hotel-royal-pune-in04857
pune-premier-inn-58-in04858,Pune Premier Inn 58,Pune,pune,"67, Viman Nagar, Baner-Aundh, Pune, Maharashtra 411038",,,4.5,411038,,Hotel,yes,,,,,https://hotelzz.in/property.html?id=pune-premier-inn-58-in04858
casa-inn-pune-in04859,Casa Inn Pune,Pune,pune,"217, Hinjewadi, Koregaon Park, Pune, Maharashtra 411016",,,4.3,411016,,Hotel,yes,,,,,https://hotelzz.in/property.html?id=casa-inn-pune-in04859
whispering-business-hotel-pune-in04860,Whispering Business Hotel Pune,Pune,pune,"202, Kalyani Nagar, near University, Pune, Maharashtra 411001",,,4.8,411001,,Hotel,yes,,,,,https://hotelzz.in/property.html?id=whispering-business-hotel-pune-in04860
pune-wooden-suites-in04861,Pune Wooden Suites,Pune,pune,"142, Baner, Camp, Pune, Maharashtra 411007",,,4.1,411007,,Hotel,yes,,,,,https://hotelzz.in/property.html?id=pune-wooden-suites-in04861
tranquil-business-hotel-pune-in04862,Tranquil Business Hotel Pune,Pune,pune,"76, FC Road, Viman Nagar, Pune, Maharashtra 411016",,,4.5,411016,,Hotel,yes,,,,,https://hotelzz.in/property.html?id=tranquil-business-hotel-pune-in04862
crystal-service-apartments-pune-in04863,Crystal Service Apartments Pune,Pune,pune,"268, Hinjewadi, Koregaon Park, Pune, Maharashtra 411007",,,4.4,411007,,Hotel,yes,,,,,https://hotelzz.in/property.html?id=crystal-service-apartments-pune-in04863
tranquil-service-apartments-pune-in04864,Tranquil Service Apartments Pune,Pune,pune,"290, Koregaon Park, Hinjewadi, Pune, Maharashtra 411038",,,4.8,411038,,Hotel,yes,,,,,https://hotelzz.in/property.html?id=tranquil-service-apartments-pune-in04864
silver-inn-pune-in04865,Silver Inn Pune,Pune,pune,"536, Koregaon Park, Baner-Aundh, Pune, Maharashtra 411007",,,4.4,411007,,Hotel,yes,,,,,https://hotelzz.in/property.html?id=silver-inn-pune-in04865
sunrise-business-hotel-pune-in04866,Sunrise Business Hotel Pune,Pune,pune,"250, Hinjewadi, Viman Nagar, Pune, Maharashtra 411007",,,4.2,411007,,Hotel,yes,,,,,https://hotelzz.in/property.html?id=sunrise-business-hotel-pune-in04866
velvet-service-apartments-pune-in04867,Velvet Service Apartments Pune,Pune,pune,"148, Viman Nagar, Hinjewadi, Pune, Maharashtra 411038",,,4.6,411038,,Hotel,yes,,,,,https://hotelzz.in/property.html?id=velvet-service-apartments-pune-in04867
ocean-inn-pune-in04868,Ocean Inn Pune,Pune,pune,"236, Hinjewadi, Koregaon Park, Pune, Maharashtra 411001",,,4.2,411001,,Hotel,yes,,,,,https://hotelzz.in/property.html?id=ocean-inn-pune-in04868
hotel-orchid-pune-in04869,Hotel Orchid Pune,Pune,pune,"465, FC Road, Hinjewadi, Pune, Maharashtra 411016",,,4.4,411016,,Hotel,yes,,,,,https://hotelzz.in/property.html?id=hotel-orchid-pune-in04869
ocean-service-apartments-pune-in04870,Ocean Service Apartments Pune,Pune,pune,"404, Baner, Koregaon Park, Pune, Maharashtra 411057",,,4.4,411057,,Hotel,yes,,,,,https://hotelzz.in/property.html?id=ocean-service-apartments-pune-in04870
pune-vintage-suites-in04871,Pune Vintage Suites,Pune,pune,"125, Kalyani Nagar, Camp, Pune, Maharashtra 411057",,,4.8,411057,,Hotel,yes,,,,,https://hotelzz.in/property.html?id=pune-vintage-suites-in04871
pune-serene-suites-in04872,Pune Serene Suites,Pune,pune,"402, Aundh, near University, Pune, Maharashtra 411004",,,4.3,411004,,Hotel,yes,,,,,https://hotelzz.in/property.html?id=pune-serene-suites-in04872
misty-business-hotel-pune-in04873,Misty Business Hotel Pune,Pune,pune,"272, Aundh, Koregaon Park, Pune, Maharashtra 411001",,,4.3,411001,,Hotel,yes,,,,,https://hotelzz.in/property.html?id=misty-business-hotel-pune-in04873
hotel-sapphire-pune-in04874,Hotel Sapphire Pune,Pune,pune,"321, Kalyani Nagar, Koregaon Park, Pune, Maharashtra 411004",,,4.4,411004,,Hotel,yes,,,,,https://hotelzz.in/property.html?id=hotel-sapphire-pune-in04874
pune-aria-suites-in04875,Pune Aria Suites,Pune,pune,"30, Aundh, Hinjewadi, Pune, Maharashtra 411016",,,4.6,411016,,Hotel,yes,,,,,https://hotelzz.in/property.html?id=pune-aria-suites-in04875
pune-cosy-suites-in04876,Pune Cosy Suites,Pune,pune,"523, Viman Nagar, Hinjewadi, Pune, Maharashtra 411016",,,4.4,411016,,Hotel,yes,,,,,https://hotelzz.in/property.html?id=pune-cosy-suites-in04876
marigold-service-apartments-pune-in04877,Marigold Service Apartments Pune,Pune,pune,"125, Kalyani Nagar, Camp, Pune, Maharashtra 411016",,,4.7,411016,,Hotel,yes,,,,,https://hotelzz.in/property.html?id=marigold-service-apartments-pune-in04877
hotel-highland-pune-in04878,Hotel Highland Pune,Pune,pune,"267, Baner, Baner-Aundh, Pune, Maharashtra 411038",,,4.7,411038,,Hotel,yes,,,,,https://hotelzz.in/property.html?id=hotel-highland-pune-in04878
indigo-service-apartments-pune-in04879,Indigo Service Apartments Pune,Pune,pune,"431, Viman Nagar, Viman Nagar, Pune, Maharashtra 411001",,,4.9,411001,,Hotel,yes,,,,,https://hotelzz.in/property.html?id=indigo-service-apartments-pune-in04879
hotel-ocean-pune-in04880,Hotel Ocean Pune,Pune,pune,"14, Baner, Hinjewadi, Pune, Maharashtra 411016",,,4.4,411016,,Hotel,yes,,,,,https://hotelzz.in/property.html?id=hotel-ocean-pune-in04880
hotel-serene-pune-in04881,Hotel Serene Pune,Pune,pune,"400, Koregaon Park, Baner-Aundh, Pune, Maharashtra 411016",,,4.1,411016,,Hotel,yes,,,,,https://hotelzz.in/property.html?id=hotel-serene-pune-in04881
wooden-inn-pune-in04882,Wooden Inn Pune,Pune,pune,"550, Kalyani Nagar, Viman Nagar, Pune, Maharashtra 411016",,,4.8,411016,,Hotel,yes,,,,,https://hotelzz.in/property.html?id=wooden-inn-pune-in04882
alpine-service-apartments-pune-in04883,Alpine Service Apartments Pune,Pune,pune,"20, Koregaon Park, Koregaon Park, Pune, Maharashtra 411007",,,4.0,411007,,Hotel,yes,,,,,https://hotelzz.in/property.html?id=alpine-service-apartments-pune-in04883
hotel-casa-pune-in04884,Hotel Casa Pune,Pune,pune,"315, FC Road, Hinjewadi, Pune, Maharashtra 411001",,,4.5,411001,,Hotel,yes,,,,,https://hotelzz.in/property.html?id=hotel-casa-pune-in04884
pune-royal-suites-in04885,Pune Royal Suites,Pune,pune,"17, Hinjewadi, Viman Nagar, Pune, Maharashtra 411038",,,4.7,411038,,Hotel,yes,,,,,https://hotelzz.in/property.html?id=pune-royal-suites-in04885
hotel-velvet-pune-in04886,Hotel Velvet Pune,Pune,pune,"221, Hinjewadi, Koregaon Park, Pune, Maharashtra 411001",,,4.8,411001,,Hotel,yes,,,,,https://hotelzz.in/property.html?id=hotel-velvet-pune-in04886
hotel-indigo-pune-in04887,Hotel Indigo Pune,Pune,pune,"5, Camp, Koregaon Park, Pune, Maharashtra 411016",,,4.6,411016,,Hotel,yes,,,,,https://hotelzz.in/property.html?id=hotel-indigo-pune-in04887
imperial-business-hotel-pune-in04888,Imperial Business Hotel Pune,Pune,pune,"423, Viman Nagar, Camp, Pune, Maharashtra 411038",,,4.2,411038,,Hotel,yes,,,,,https://hotelzz.in/property.html?id=imperial-business-hotel-pune-in04888
sapphire-inn-pune-in04889,Sapphire Inn Pune,Pune,pune,"563, Koregaon Park, Hinjewadi, Pune, Maharashtra 411004",,,4.0,411004,,Hotel,yes,,,,,https://hotelzz.in/property.html?id=sapphire-inn-pune-in04889
maple-business-hotel-pune-in04890,Maple Business Hotel Pune,Pune,pune,"160, Aundh, Camp, Pune, Maharashtra 411007",,,4.8,411007,,Hotel,yes,,,,,https://hotelzz.in/property.html?id=maple-business-hotel-pune-in04890
vintage-inn-pune-in04891,Vintage Inn Pune,Pune,pune,"493, Camp, Hinjewadi, Pune, Maharashtra 411007",,,4.4,411007,,Hotel,yes,,,,,https://hotelzz.in/property.html?id=vintage-inn-pune-in04891
cosy-business-hotel-pune-in04892,Cosy Business Hotel Pune,Pune,pune,"390, Camp, Koregaon Park, Pune, Maharashtra 411001",,,4.4,411001,,Hotel,yes,,,,,https://hotelzz.in/property.html?id=cosy-business-hotel-pune-in04892
indigo-business-hotel-pune-in04893,Indigo Business Hotel Pune,Pune,pune,"318, FC Road, near University, Pune, Maharashtra 411004",,,4.0,411004,,Hotel,yes,,,,,https://hotelzz.in/property.html?id=indigo-business-hotel-pune-in04893
hotel-misty-pune-in04894,Hotel Misty Pune,Pune,pune,"276, Kalyani Nagar, Camp, Pune, Maharashtra 411007",,,4.3,411007,,Hotel,yes,,,,,https://hotelzz.in/property.html?id=hotel-misty-pune-in04894
vintage-inn-pune-95-in04895,Vintage Inn Pune 95,Pune,pune,"314, Baner, Viman Nagar, Pune, Maharashtra 411007",,,4.1,411007,,Hotel,yes,,,,,https://hotelzz.in/property.html?id=vintage-inn-pune-95-in04895
vintage-business-hotel-pune-in04896,Vintage Business Hotel Pune,Pune,pune,"179, Aundh, near University, Pune, Maharashtra 411038",,,4.9,411038,,Hotel,yes,,,,,https://hotelzz.in/property.html?id=vintage-business-hotel-pune-in04896
pune-marigold-suites-in04897,Pune Marigold Suites,Pune,pune,"130, Kalyani Nagar, near University, Pune, Maharashtra 411001",,,4.7,411001,,Hotel,yes,,,,,https://hotelzz.in/property.html?id=pune-marigold-suites-in04897
crystal-business-hotel-pune-in04898,Crystal Business Hotel Pune,Pune,pune,"170, Hinjewadi, near University, Pune, Maharashtra 411007",,,4.4,411007,,Hotel,yes,,,,,https://hotelzz.in/property.html?id=crystal-business-hotel-pune-in04898
pune-indigo-suites-in04899,Pune Indigo Suites,Pune,pune,"553, Viman Nagar, Viman Nagar, Pune, Maharashtra 411016",,,4.6,411016,,Hotel,yes,,,,,https://hotelzz.in/property.html?id=pune-indigo-suites-in04899
crown-business-hotel-pune-in04900,Crown Business Hotel Pune,Pune,pune,"475, Kalyani Nagar, Hinjewadi, Pune, Maharashtra 411007",,,4.5,411007,,Hotel,yes,,,,,https://hotelzz.in/property.html?id=crown-business-hotel-pune-in04900
tapasya-amritsar-stay-in04901,Tapasya Amritsar Stay,Amritsar,amritsar,"162, Ranjit Ave, Ranjit Avenue, Amritsar, Punjab 143001",,,4.2,143001,,Homestay,yes,,,,,https://hotelzz.in/property.html?id=tapasya-amritsar-stay-in04901
azure-ashram-stay-amritsar-in04902,Azure Ashram Stay Amritsar,Amritsar,amritsar,"172, Cantt, Lawrence Road, Amritsar, Punjab 143006",,,4.7,143006,,Homestay,yes,,,,,https://hotelzz.in/property.html?id=azure-ashram-stay-amritsar-in04902
hotel-amritsar-heritage-in04903,Hotel Amritsar Heritage,Amritsar,amritsar,"130, Golden Temple Rd, Mall Road, Amritsar, Punjab 143001",,,4.8,143001,,Homestay,yes,,,,,https://hotelzz.in/property.html?id=hotel-amritsar-heritage-in04903
hotel-amritsar-divine-in04904,Hotel Amritsar Divine,Amritsar,amritsar,"477, Cantt, Lawrence Road, Amritsar, Punjab 143104",,,4.6,143104,,Homestay,yes,,,,,https://hotelzz.in/property.html?id=hotel-amritsar-divine-in04904
imperial-ashram-stay-amritsar-in04905,Imperial Ashram Stay Amritsar,Amritsar,amritsar,"214, Ranjit Ave, Ranjit Avenue, Amritsar, Punjab 143006",,,4.1,143006,,Homestay,yes,,,,,https://hotelzz.in/property.html?id=imperial-ashram-stay-amritsar-in04905
emerald-tirth-amritsar-in04906,Emerald Tirth Amritsar,Amritsar,amritsar,"125, Lawrence Rd, Mall Road, Amritsar, Punjab 143104",,,4.1,143104,,Homestay,yes,,,,,https://hotelzz.in/property.html?id=emerald-tirth-amritsar-in04906
hotel-amritsar-pilgrim-in04907,Hotel Amritsar Pilgrim,Amritsar,amritsar,"421, Cantt, Lawrence Road, Amritsar, Punjab 143104",,,4.7,143104,,Homestay,yes,,,,,https://hotelzz.in/property.html?id=hotel-amritsar-pilgrim-in04907
heritage-ghat-view-amritsar-in04908,Heritage Ghat View Amritsar,Amritsar,amritsar,"191, Cantt, Lawrence Road, Amritsar, Punjab 143006",,,4.4,143006,,Homestay,yes,,,,,https://hotelzz.in/property.html?id=heritage-ghat-view-amritsar-in04908
hotel-amritsar-tranquil-in04909,Hotel Amritsar Tranquil,Amritsar,amritsar,"392, Maqbool Rd, Ranjit Avenue, Amritsar, Punjab 143006",,,4.8,143006,,Homestay,yes,,,,,https://hotelzz.in/property.html?id=hotel-amritsar-tranquil-in04909
amritsar-yog-retreat-in04910,Amritsar Yog Retreat,Amritsar,amritsar,"229, Maqbool Rd, near Golden Temple, Amritsar, Punjab 143001",,,4.8,143001,,Homestay,yes,,,,,https://hotelzz.in/property.html?id=amritsar-yog-retreat-in04910
regal-tirth-amritsar-in04911,Regal Tirth Amritsar,Amritsar,amritsar,"217, Mall Rd, Cantt, Amritsar, Punjab 143006",,,4.6,143006,,Homestay,yes,,,,,https://hotelzz.in/property.html?id=regal-tirth-amritsar-in04911
vintage-tirth-amritsar-in04912,Vintage Tirth Amritsar,Amritsar,amritsar,"329, Lawrence Rd, Lawrence Road, Amritsar, Punjab 143006",,,4.9,143006,,Homestay,yes,,,,,https://hotelzz.in/property.html?id=vintage-tirth-amritsar-in04912
highland-peace-lodge-amritsar-in04913,Highland Peace Lodge Amritsar,Amritsar,amritsar,"453, Golden Temple Rd, Ranjit Avenue, Amritsar, Punjab 143006",,,4.4,143006,,Homestay,yes,,,,,https://hotelzz.in/property.html?id=highland-peace-lodge-amritsar-in04913
orchid-peace-lodge-amritsar-in04914,Orchid Peace Lodge Amritsar,Amritsar,amritsar,"125, Ranjit Ave, Lawrence Road, Amritsar, Punjab 143104",,,4.2,143104,,Homestay,yes,,,,,https://hotelzz.in/property.html?id=orchid-peace-lodge-amritsar-in04914
marigold-ashram-stay-amritsar-in04915,Marigold Ashram Stay Amritsar,Amritsar,amritsar,"367, Ranjit Ave, Ranjit Avenue, Amritsar, Punjab 143001",,,4.1,143001,,Homestay,yes,,,,,https://hotelzz.in/property.html?id=marigold-ashram-stay-amritsar-in04915
hotel-amritsar-sacred-in04916,Hotel Amritsar Sacred,Amritsar,amritsar,"252, Golden Temple Rd, Ranjit Avenue, Amritsar, Punjab 143104",,,4.7,143104,,Homestay,yes,,,,,https://hotelzz.in/property.html?id=hotel-amritsar-sacred-in04916
casa-ghat-view-amritsar-in04917,Casa Ghat View Amritsar,Amritsar,amritsar,"398, Golden Temple Rd, Cantt, Amritsar, Punjab 143001",,,4.9,143001,,Homestay,yes,,,,,https://hotelzz.in/property.html?id=casa-ghat-view-amritsar-in04917
whispering-ashram-stay-amritsar-in04918,Whispering Ashram Stay Amritsar,Amritsar,amritsar,"254, Maqbool Rd, near Golden Temple, Amritsar, Punjab 143001",,,4.0,143001,,Homestay,yes,,,,,https://hotelzz.in/property.html?id=whispering-ashram-stay-amritsar-in04918
the-indigo-sanctuary-amritsar-in04919,The Indigo Sanctuary Amritsar,Amritsar,amritsar,"313, Golden Temple Rd, Ranjit Avenue, Amritsar, Punjab 143001",,,4.2,143001,,Homestay,yes,,,,,https://hotelzz.in/property.html?id=the-indigo-sanctuary-amritsar-in04919
the-orchid-sanctuary-amritsar-in04920,The Orchid Sanctuary Amritsar,Amritsar,amritsar,"165, Maqbool Rd, Lawrence Road, Amritsar, Punjab 143001",,,4.1,143001,,Homestay,yes,,,,,https://hotelzz.in/property.html?id=the-orchid-sanctuary-amritsar-in04920
the-serene-sanctuary-amritsar-in04921,The Serene Sanctuary Amritsar,Amritsar,amritsar,"565, Golden Temple Rd, Cantt, Amritsar, Punjab 143006",,,4.1,143006,,Homestay,yes,,,,,https://hotelzz.in/property.html?id=the-serene-sanctuary-amritsar-in04921
crown-ashram-stay-amritsar-in04922,Crown Ashram Stay Amritsar,Amritsar,amritsar,"485, Mall Rd, Lawrence Road, Amritsar, Punjab 143104",,,4.4,143104,,Homestay,yes,,,,,https://hotelzz.in/property.html?id=crown-ashram-stay-amritsar-in04922
crystal-peace-lodge-amritsar-in04923,Crystal Peace Lodge Amritsar,Amritsar,amritsar,"509, Lawrence Rd, Mall Road, Amritsar, Punjab 143006",,,4.6,143006,,Homestay,yes,,,,,https://hotelzz.in/property.html?id=crystal-peace-lodge-amritsar-in04923
wooden-tirth-amritsar-in04924,Wooden Tirth Amritsar,Amritsar,amritsar,"101, Mall Rd, near Golden Temple, Amritsar, Punjab 143001",,,4.2,143001,,Homestay,yes,,,,,https://hotelzz.in/property.html?id=wooden-tirth-amritsar-in04924
the-saffron-sanctuary-amritsar-in04925,The Saffron Sanctuary Amritsar,Amritsar,amritsar,"537, Ranjit Ave, Cantt, Amritsar, Punjab 143104",,,4.3,143104,,Homestay,yes,,,,,https://hotelzz.in/property.html?id=the-saffron-sanctuary-amritsar-in04925
tranquil-ashram-stay-amritsar-in04926,Tranquil Ashram Stay Amritsar,Amritsar,amritsar,"231, Lawrence Rd, Cantt, Amritsar, Punjab 143001",,,4.2,143001,,Homestay,yes,,,,,https://hotelzz.in/property.html?id=tranquil-ashram-stay-amritsar-in04926
vintage-peace-lodge-amritsar-in04927,Vintage Peace Lodge Amritsar,Amritsar,amritsar,"343, Golden Temple Rd, Lawrence Road, Amritsar, Punjab 143006",,,4.4,143006,,Homestay,yes,,,,,https://hotelzz.in/property.html?id=vintage-peace-lodge-amritsar-in04927
serene-amritsar-inn-in04928,Serene Amritsar Inn,Amritsar,amritsar,"74, Ranjit Ave, Lawrence Road, Amritsar, Punjab 143104",,,4.4,143104,,Homestay,yes,,,,,https://hotelzz.in/property.html?id=serene-amritsar-inn-in04928
heritage-ashram-stay-amritsar-in04929,Heritage Ashram Stay Amritsar,Amritsar,amritsar,"25, Maqbool Rd, Lawrence Road, Amritsar, Punjab 143006",,,4.3,143006,,Homestay,yes,,,,,https://hotelzz.in/property.html?id=heritage-ashram-stay-amritsar-in04929
the-ocean-sanctuary-amritsar-in04930,The Ocean Sanctuary Amritsar,Amritsar,amritsar,"249, Maqbool Rd, near Golden Temple, Amritsar, Punjab 143104",,,4.6,143104,,Homestay,yes,,,,,https://hotelzz.in/property.html?id=the-ocean-sanctuary-amritsar-in04930
silver-ashram-stay-amritsar-in04931,Silver Ashram Stay Amritsar,Amritsar,amritsar,"428, Maqbool Rd, Cantt, Amritsar, Punjab 143006",,,4.2,143006,,Homestay,yes,,,,,https://hotelzz.in/property.html?id=silver-ashram-stay-amritsar-in04931
maple-riverside-amritsar-in04932,Maple Riverside Amritsar,Amritsar,amritsar,"396, Mall Rd, Lawrence Road, Amritsar, Punjab 143006",,,4.2,143006,,Homestay,yes,,,,,https://hotelzz.in/property.html?id=maple-riverside-amritsar-in04932
the-imperial-sanctuary-amritsar-in04933,The Imperial Sanctuary Amritsar,Amritsar,amritsar,"230, Maqbool Rd, Ranjit Avenue, Amritsar, Punjab 143104",,,4.0,143104,,Homestay,yes,,,,,https://hotelzz.in/property.html?id=the-imperial-sanctuary-amritsar-in04933
misty-ashram-stay-amritsar-in04934,Misty Ashram Stay Amritsar,Amritsar,amritsar,"94, Golden Temple Rd, Cantt, Amritsar, Punjab 143006",,,4.8,143006,,Homestay,yes,,,,,https://hotelzz.in/property.html?id=misty-ashram-stay-amritsar-in04934
imperial-tirth-amritsar-in04935,Imperial Tirth Amritsar,Amritsar,amritsar,"38, Lawrence Rd, Lawrence Road, Amritsar, Punjab 143006",,,4.2,143006,,Homestay,yes,,,,,https://hotelzz.in/property.html?id=imperial-tirth-amritsar-in04935
cosy-ghat-view-amritsar-in04936,Cosy Ghat View Amritsar,Amritsar,amritsar,"100, Mall Rd, Lawrence Road, Amritsar, Punjab 143006",,,4.5,143006,,Homestay,yes,,,,,https://hotelzz.in/property.html?id=cosy-ghat-view-amritsar-in04936
ocean-riverside-amritsar-in04937,Ocean Riverside Amritsar,Amritsar,amritsar,"28, Lawrence Rd, Cantt, Amritsar, Punjab 143001",,,4.1,143001,,Homestay,yes,,,,,https://hotelzz.in/property.html?id=ocean-riverside-amritsar-in04937
whispering-peace-lodge-amritsar-in04938,Whispering Peace Lodge Amritsar,Amritsar,amritsar,"362, Lawrence Rd, Mall Road, Amritsar, Punjab 143104",,,4.1,143104,,Homestay,yes,,,,,https://hotelzz.in/property.html?id=whispering-peace-lodge-amritsar-in04938
the-highland-sanctuary-amritsar-in04939,The Highland Sanctuary Amritsar,Amritsar,amritsar,"497, Golden Temple Rd, Mall Road, Amritsar, Punjab 143006",,,4.2,143006,,Homestay,yes,,,,,https://hotelzz.in/property.html?id=the-highland-sanctuary-amritsar-in04939
aria-riverside-amritsar-in04940,Aria Riverside Amritsar,Amritsar,amritsar,"249, Maqbool Rd, Mall Road, Amritsar, Punjab 143104",,,4.7,143104,,Homestay,yes,,,,,https://hotelzz.in/property.html?id=aria-riverside-amritsar-in04940
tranquil-ghat-view-amritsar-in04941,Tranquil Ghat View Amritsar,Amritsar,amritsar,"92, Mall Rd, near Golden Temple, Amritsar, Punjab 143006",,,4.1,143006,,Homestay,yes,,,,,https://hotelzz.in/property.html?id=tranquil-ghat-view-amritsar-in04941
the-whispering-sanctuary-amritsar-in04942,The Whispering Sanctuary Amritsar,Amritsar,amritsar,"449, Lawrence Rd, Cantt, Amritsar, Punjab 143104",,,4.1,143104,,Homestay,yes,,,,,https://hotelzz.in/property.html?id=the-whispering-sanctuary-amritsar-in04942
pearl-tirth-amritsar-in04943,Pearl Tirth Amritsar,Amritsar,amritsar,"30, Mall Rd, Lawrence Road, Amritsar, Punjab 143104",,,4.3,143104,,Homestay,yes,,,,,https://hotelzz.in/property.html?id=pearl-tirth-amritsar-in04943
marigold-peace-lodge-amritsar-in04944,Marigold Peace Lodge Amritsar,Amritsar,amritsar,"178, Maqbool Rd, Mall Road, Amritsar, Punjab 143006",,,4.8,143006,,Homestay,yes,,,,,https://hotelzz.in/property.html?id=marigold-peace-lodge-amritsar-in04944
crown-riverside-amritsar-in04945,Crown Riverside Amritsar,Amritsar,amritsar,"194, Maqbool Rd, Lawrence Road, Amritsar, Punjab 143104",,,4.5,143104,,Homestay,yes,,,,,https://hotelzz.in/property.html?id=crown-riverside-amritsar-in04945
tapasya-amritsar-stay-46-in04946,Tapasya Amritsar Stay 46,Amritsar,amritsar,"351, Golden Temple Rd, Lawrence Road, Amritsar, Punjab 143104",,,4.7,143104,,Homestay,yes,,,,,https://hotelzz.in/property.html?id=tapasya-amritsar-stay-46-in04946
royal-peace-lodge-amritsar-in04947,Royal Peace Lodge Amritsar,Amritsar,amritsar,"564, Lawrence Rd, Mall Road, Amritsar, Punjab 143104",,,4.1,143104,,Homestay,yes,,,,,https://hotelzz.in/property.html?id=royal-peace-lodge-amritsar-in04947
wooden-peace-lodge-amritsar-in04948,Wooden Peace Lodge Amritsar,Amritsar,amritsar,"466, Maqbool Rd, Cantt, Amritsar, Punjab 143001",,,4.6,143001,,Homestay,yes,,,,,https://hotelzz.in/property.html?id=wooden-peace-lodge-amritsar-in04948
ocean-ashram-stay-amritsar-in04949,Ocean Ashram Stay Amritsar,Amritsar,amritsar,"581, Lawrence Rd, near Golden Temple, Amritsar, Punjab 143006",,,4.2,143006,,Homestay,yes,,,,,https://hotelzz.in/property.html?id=ocean-ashram-stay-amritsar-in04949
sapphire-riverside-amritsar-in04950,Sapphire Riverside Amritsar,Amritsar,amritsar,"317, Golden Temple Rd, Ranjit Avenue, Amritsar, Punjab 143001",,,4.2,143001,,Homestay,yes,,,,,https://hotelzz.in/property.html?id=sapphire-riverside-amritsar-in04950
saffron-ashram-stay-amritsar-in04951,Saffron Ashram Stay Amritsar,Amritsar,amritsar,"95, Ranjit Ave, near Golden Temple, Amritsar, Punjab 143104",,,4.1,143104,,Homestay,yes,,,,,https://hotelzz.in/property.html?id=saffron-ashram-stay-amritsar-in04951
the-maple-sanctuary-amritsar-in04952,The Maple Sanctuary Amritsar,Amritsar,amritsar,"178, Lawrence Rd, Mall Road, Amritsar, Punjab 143104",,,4.7,143104,,Homestay,yes,,,,,https://hotelzz.in/property.html?id=the-maple-sanctuary-amritsar-in04952
azure-peace-lodge-amritsar-in04953,Azure Peace Lodge Amritsar,Amritsar,amritsar,"101, Cantt, near Golden Temple, Amritsar, Punjab 143104",,,4.1,143104,,Homestay,yes,,,,,https://hotelzz.in/property.html?id=azure-peace-lodge-amritsar-in04953
saffron-ghat-view-amritsar-in04954,Saffron Ghat View Amritsar,Amritsar,amritsar,"528, Lawrence Rd, near Golden Temple, Amritsar, Punjab 143104",,,4.7,143104,,Homestay,yes,,,,,https://hotelzz.in/property.html?id=saffron-ghat-view-amritsar-in04954
crown-peace-lodge-amritsar-in04955,Crown Peace Lodge Amritsar,Amritsar,amritsar,"569, Lawrence Rd, Mall Road, Amritsar, Punjab 143006",,,4.5,143006,,Homestay,yes,,,,,https://hotelzz.in/property.html?id=crown-peace-lodge-amritsar-in04955
saffron-riverside-amritsar-in04956,Saffron Riverside Amritsar,Amritsar,amritsar,"499, Mall Rd, Mall Road, Amritsar, Punjab 143001",,,4.0,143001,,Homestay,yes,,,,,https://hotelzz.in/property.html?id=saffron-riverside-amritsar-in04956
cosy-riverside-amritsar-in04957,Cosy Riverside Amritsar,Amritsar,amritsar,"307, Cantt, Ranjit Avenue, Amritsar, Punjab 143104",,,4.9,143104,,Homestay,yes,,,,,https://hotelzz.in/property.html?id=cosy-riverside-amritsar-in04957
crystal-ashram-stay-amritsar-in04958,Crystal Ashram Stay Amritsar,Amritsar,amritsar,"487, Mall Rd, Mall Road, Amritsar, Punjab 143006",,,4.4,143006,,Homestay,yes,,,,,https://hotelzz.in/property.html?id=crystal-ashram-stay-amritsar-in04958
aurora-peace-lodge-amritsar-in04959,Aurora Peace Lodge Amritsar,Amritsar,amritsar,"514, Mall Rd, Mall Road, Amritsar, Punjab 143006",,,4.4,143006,,Homestay,yes,,,,,https://hotelzz.in/property.html?id=aurora-peace-lodge-amritsar-in04959
the-marigold-sanctuary-amritsar-in04960,The Marigold Sanctuary Amritsar,Amritsar,amritsar,"570, Maqbool Rd, Ranjit Avenue, Amritsar, Punjab 143104",,,4.0,143104,,Homestay,yes,,,,,https://hotelzz.in/property.html?id=the-marigold-sanctuary-amritsar-in04960
cosy-peace-lodge-amritsar-in04961,Cosy Peace Lodge Amritsar,Amritsar,amritsar,"462, Ranjit Ave, near Golden Temple, Amritsar, Punjab 143104",,,4.3,143104,,Homestay,yes,,,,,https://hotelzz.in/property.html?id=cosy-peace-lodge-amritsar-in04961
the-sunrise-sanctuary-amritsar-in04962,The Sunrise Sanctuary Amritsar,Amritsar,amritsar,"313, Maqbool Rd, Ranjit Avenue, Amritsar, Punjab 143001",,,4.6,143001,,Homestay,yes,,,,,https://hotelzz.in/property.html?id=the-sunrise-sanctuary-amritsar-in04962
emerald-peace-lodge-amritsar-in04963,Emerald Peace Lodge Amritsar,Amritsar,amritsar,"346, Maqbool Rd, Lawrence Road, Amritsar, Punjab 143104",,,4.5,143104,,Homestay,yes,,,,,https://hotelzz.in/property.html?id=emerald-peace-lodge-amritsar-in04963
the-alpine-sanctuary-amritsar-in04964,The Alpine Sanctuary Amritsar,Amritsar,amritsar,"496, Mall Rd, Cantt, Amritsar, Punjab 143006",,,4.5,143006,,Homestay,yes,,,,,https://hotelzz.in/property.html?id=the-alpine-sanctuary-amritsar-in04964
maple-tirth-amritsar-in04965,Maple Tirth Amritsar,Amritsar,amritsar,"343, Cantt, Lawrence Road, Amritsar, Punjab 143001",,,4.3,143001,,Homestay,yes,,,,,https://hotelzz.in/property.html?id=maple-tirth-amritsar-in04965
the-aspen-sanctuary-amritsar-in04966,The Aspen Sanctuary Amritsar,Amritsar,amritsar,"356, Lawrence Rd, Lawrence Road, Amritsar, Punjab 143001",,,4.1,143001,,Homestay,yes,,,,,https://hotelzz.in/property.html?id=the-aspen-sanctuary-amritsar-in04966
aspen-peace-lodge-amritsar-in04967,Aspen Peace Lodge Amritsar,Amritsar,amritsar,"283, Cantt, Mall Road, Amritsar, Punjab 143006",,,4.8,143006,,Homestay,yes,,,,,https://hotelzz.in/property.html?id=aspen-peace-lodge-amritsar-in04967
crown-ghat-view-amritsar-in04968,Crown Ghat View Amritsar,Amritsar,amritsar,"85, Ranjit Ave, Cantt, Amritsar, Punjab 143006",,,4.8,143006,,Homestay,yes,,,,,https://hotelzz.in/property.html?id=crown-ghat-view-amritsar-in04968
casa-tirth-amritsar-in04969,Casa Tirth Amritsar,Amritsar,amritsar,"544, Cantt, Ranjit Avenue, Amritsar, Punjab 143006",,,4.3,143006,,Homestay,yes,,,,,https://hotelzz.in/property.html?id=casa-tirth-amritsar-in04969
highland-ghat-view-amritsar-in04970,Highland Ghat View Amritsar,Amritsar,amritsar,"410, Lawrence Rd, Cantt, Amritsar, Punjab 143001",,,4.1,143001,,Homestay,yes,,,,,https://hotelzz.in/property.html?id=highland-ghat-view-amritsar-in04970
imperial-ghat-view-amritsar-in04971,Imperial Ghat View Amritsar,Amritsar,amritsar,"50, Cantt, Ranjit Avenue, Amritsar, Punjab 143006",,,4.0,143006,,Homestay,yes,,,,,https://hotelzz.in/property.html?id=imperial-ghat-view-amritsar-in04971
the-silver-sanctuary-amritsar-in04972,The Silver Sanctuary Amritsar,Amritsar,amritsar,"160, Cantt, Lawrence Road, Amritsar, Punjab 143001",,,4.3,143001,,Homestay,yes,,,,,https://hotelzz.in/property.html?id=the-silver-sanctuary-amritsar-in04972
highland-peace-lodge-amritsar-73-in04973,Highland Peace Lodge Amritsar 73,Amritsar,amritsar,"78, Golden Temple Rd, Ranjit Avenue, Amritsar, Punjab 143001",,,4.4,143001,,Homestay,yes,,,,,https://hotelzz.in/property.html?id=highland-peace-lodge-amritsar-73-in04973
marigold-ghat-view-amritsar-in04974,Marigold Ghat View Amritsar,Amritsar,amritsar,"68, Maqbool Rd, Cantt, Amritsar, Punjab 143006",,,4.3,143006,,Homestay,yes,,,,,https://hotelzz.in/property.html?id=marigold-ghat-view-amritsar-in04974
royal-ashram-stay-amritsar-in04975,Royal Ashram Stay Amritsar,Amritsar,amritsar,"227, Golden Temple Rd, Ranjit Avenue, Amritsar, Punjab 143001",,,4.1,143001,,Homestay,yes,,,,,https://hotelzz.in/property.html?id=royal-ashram-stay-amritsar-in04975
ocean-tirth-amritsar-in04976,Ocean Tirth Amritsar,Amritsar,amritsar,"460, Golden Temple Rd, Ranjit Avenue, Amritsar, Punjab 143104",,,4.0,143104,,Homestay,yes,,,,,https://hotelzz.in/property.html?id=ocean-tirth-amritsar-in04976
casa-riverside-amritsar-in04977,Casa Riverside Amritsar,Amritsar,amritsar,"97, Golden Temple Rd, near Golden Temple, Amritsar, Punjab 143001",,,4.4,143001,,Homestay,yes,,,,,https://hotelzz.in/property.html?id=casa-riverside-amritsar-in04977
sapphire-peace-lodge-amritsar-in04978,Sapphire Peace Lodge Amritsar,Amritsar,amritsar,"509, Lawrence Rd, Cantt, Amritsar, Punjab 143104",,,4.6,143104,,Homestay,yes,,,,,https://hotelzz.in/property.html?id=sapphire-peace-lodge-amritsar-in04978
vintage-riverside-amritsar-in04979,Vintage Riverside Amritsar,Amritsar,amritsar,"535, Cantt, Mall Road, Amritsar, Punjab 143006",,,4.7,143006,,Homestay,yes,,,,,https://hotelzz.in/property.html?id=vintage-riverside-amritsar-in04979
highland-riverside-amritsar-in04980,Highland Riverside Amritsar,Amritsar,amritsar,"127, Lawrence Rd, Cantt, Amritsar, Punjab 143001",,,4.0,143001,,Homestay,yes,,,,,https://hotelzz.in/property.html?id=highland-riverside-amritsar-in04980
alpine-ashram-stay-amritsar-in04981,Alpine Ashram Stay Amritsar,Amritsar,amritsar,"363, Maqbool Rd, Cantt, Amritsar, Punjab 143001",,,4.0,143001,,Homestay,yes,,,,,https://hotelzz.in/property.html?id=alpine-ashram-stay-amritsar-in04981
maple-ghat-view-amritsar-in04982,Maple Ghat View Amritsar,Amritsar,amritsar,"458, Golden Temple Rd, Cantt, Amritsar, Punjab 143001",,,4.6,143001,,Homestay,yes,,,,,https://hotelzz.in/property.html?id=maple-ghat-view-amritsar-in04982
aurora-ashram-stay-amritsar-in04983,Aurora Ashram Stay Amritsar,Amritsar,amritsar,"299, Golden Temple Rd, near Golden Temple, Amritsar, Punjab 143001",,,4.9,143001,,Homestay,yes,,,,,https://hotelzz.in/property.html?id=aurora-ashram-stay-amritsar-in04983
royal-tirth-amritsar-in04984,Royal Tirth Amritsar,Amritsar,amritsar,"233, Mall Rd, Lawrence Road, Amritsar, Punjab 143104",,,4.5,143104,,Homestay,yes,,,,,https://hotelzz.in/property.html?id=royal-tirth-amritsar-in04984
the-pearl-sanctuary-amritsar-in04985,The Pearl Sanctuary Amritsar,Amritsar,amritsar,"53, Mall Rd, Mall Road, Amritsar, Punjab 143006",,,4.6,143006,,Homestay,yes,,,,,https://hotelzz.in/property.html?id=the-pearl-sanctuary-amritsar-in04985
pearl-peace-lodge-amritsar-in04986,Pearl Peace Lodge Amritsar,Amritsar,amritsar,"364, Mall Rd, Lawrence Road, Amritsar, Punjab 143001",,,4.5,143001,,Homestay,yes,,,,,https://hotelzz.in/property.html?id=pearl-peace-lodge-amritsar-in04986
aurora-riverside-amritsar-in04987,Aurora Riverside Amritsar,Amritsar,amritsar,"388, Ranjit Ave, Lawrence Road, Amritsar, Punjab 143001",,,4.7,143001,,Homestay,yes,,,,,https://hotelzz.in/property.html?id=aurora-riverside-amritsar-in04987
maple-ashram-stay-amritsar-in04988,Maple Ashram Stay Amritsar,Amritsar,amritsar,"496, Mall Rd, near Golden Temple, Amritsar, Punjab 143104",,,4.4,143104,,Homestay,yes,,,,,https://hotelzz.in/property.html?id=maple-ashram-stay-amritsar-in04988
silver-riverside-amritsar-in04989,Silver Riverside Amritsar,Amritsar,amritsar,"71, Lawrence Rd, Cantt, Amritsar, Punjab 143006",,,4.6,143006,,Homestay,yes,,,,,https://hotelzz.in/property.html?id=silver-riverside-amritsar-in04989
sapphire-tirth-amritsar-in04990,Sapphire Tirth Amritsar,Amritsar,amritsar,"414, Ranjit Ave, Mall Road, Amritsar, Punjab 143001",,,4.4,143001,,Homestay,yes,,,,,https://hotelzz.in/property.html?id=sapphire-tirth-amritsar-in04990
ocean-ghat-view-amritsar-in04991,Ocean Ghat View Amritsar,Amritsar,amritsar,"191, Maqbool Rd, near Golden Temple, Amritsar, Punjab 143104",,,4.8,143104,,Homestay,yes,,,,,https://hotelzz.in/property.html?id=ocean-ghat-view-amritsar-in04991
wooden-ashram-stay-amritsar-in04992,Wooden Ashram Stay Amritsar,Amritsar,amritsar,"20, Ranjit Ave, Mall Road, Amritsar, Punjab 143104",,,4.6,143104,,Homestay,yes,,,,,https://hotelzz.in/property.html?id=wooden-ashram-stay-amritsar-in04992
whispering-riverside-amritsar-in04993,Whispering Riverside Amritsar,Amritsar,amritsar,"92, Mall Rd, Cantt, Amritsar, Punjab 143001",,,4.5,143001,,Homestay,yes,,,,,https://hotelzz.in/property.html?id=whispering-riverside-amritsar-in04993
orchid-tirth-amritsar-in04994,Orchid Tirth Amritsar,Amritsar,amritsar,"103, Golden Temple Rd, Cantt, Amritsar, Punjab 143006",,,4.5,143006,,Homestay,yes,,,,,https://hotelzz.in/property.html?id=orchid-tirth-amritsar-in04994
sapphire-ghat-view-amritsar-in04995,Sapphire Ghat View Amritsar,Amritsar,amritsar,"430, Golden Temple Rd, Lawrence Road, Amritsar, Punjab 143104",,,4.5,143104,,Homestay,yes,,,,,https://hotelzz.in/property.html?id=sapphire-ghat-view-amritsar-in04995
the-royal-sanctuary-amritsar-in04996,The Royal Sanctuary Amritsar,Amritsar,amritsar,"206, Cantt, Mall Road, Amritsar, Punjab 143006",,,4.5,143006,,Homestay,yes,,,,,https://hotelzz.in/property.html?id=the-royal-sanctuary-amritsar-in04996
sunrise-tirth-amritsar-in04997,Sunrise Tirth Amritsar,Amritsar,amritsar,"156, Ranjit Ave, Ranjit Avenue, Amritsar, Punjab 143006",,,4.4,143006,,Homestay,yes,,,,,https://hotelzz.in/property.html?id=sunrise-tirth-amritsar-in04997
aurora-tirth-amritsar-in04998,Aurora Tirth Amritsar,Amritsar,amritsar,"589, Lawrence Rd, Ranjit Avenue, Amritsar, Punjab 143001",,,4.9,143001,,Homestay,yes,,,,,https://hotelzz.in/property.html?id=aurora-tirth-amritsar-in04998
the-aria-sanctuary-amritsar-in04999,The Aria Sanctuary Amritsar,Amritsar,amritsar,"170, Golden Temple Rd, near Golden Temple, Amritsar, Punjab 143006",,,4.8,143006,,Homestay,yes,,,,,https://hotelzz.in/property.html?id=the-aria-sanctuary-amritsar-in04999
silver-peace-lodge-amritsar-in05000,Silver Peace Lodge Amritsar,Amritsar,amritsar,"494, Mall Rd, near Golden Temple, Amritsar, Punjab 143104",,,4.0,143104,,Homestay,yes,,,,,https://hotelzz.in/property.html?id=silver-peace-lodge-amritsar-in05000
cedar-mussoorie-lodge-in05001,Cedar Mussoorie Lodge,Mussoorie,mussoorie,"248, Happy Valley, Library, Mussoorie, Uttarakhand 248179",,,4.1,248179,,Cottage,yes,,,,,https://hotelzz.in/property.html?id=cedar-mussoorie-lodge-in05001
the-mussoorie-retreat-in05002,The Mussoorie Retreat,Mussoorie,mussoorie,"336, Library Bazaar, near Gun Hill, Mussoorie, Uttarakhand 248179",,,4.3,248179,,Cottage,yes,,,,,https://hotelzz.in/property.html?id=the-mussoorie-retreat-in05002
himalayan-orchid-mussoorie-in05003,Himalayan Orchid Mussoorie,Mussoorie,mussoorie,"551, Camel's Back, near Gun Hill, Mussoorie, Uttarakhand 248179",,,4.2,248179,,Cottage,yes,,,,,https://hotelzz.in/property.html?id=himalayan-orchid-mussoorie-in05003
tranquil-view-resort-mussoorie-in05004,Tranquil View Resort Mussoorie,Mussoorie,mussoorie,"401, Landour, Library, Mussoorie, Uttarakhand 248179",,,4.1,248179,,Cottage,yes,,,,,https://hotelzz.in/property.html?id=tranquil-view-resort-mussoorie-in05004
pine-mussoorie-lodge-in05005,Pine Mussoorie Lodge,Mussoorie,mussoorie,"214, Library Bazaar, near Gun Hill, Mussoorie, Uttarakhand 248179",,,4.4,248179,,Cottage,yes,,,,,https://hotelzz.in/property.html?id=pine-mussoorie-lodge-in05005
wood-house-mussoorie-in05006,Wood House Mussoorie,Mussoorie,mussoorie,"584, Happy Valley, Landour, Mussoorie, Uttarakhand 248179",,,4.1,248179,,Cottage,yes,,,,,https://hotelzz.in/property.html?id=wood-house-mussoorie-in05006
saffron-cottage-mussoorie-in05007,Saffron Cottage Mussoorie,Mussoorie,mussoorie,"205, Picture Palace, Picture Palace, Mussoorie, Uttarakhand 248179",,,4.0,248179,,Cottage,yes,,,,,https://hotelzz.in/property.html?id=saffron-cottage-mussoorie-in05007
serene-pines-mussoorie-in05008,Serene Pines Mussoorie,Mussoorie,mussoorie,"442, Camel's Back, Library, Mussoorie, Uttarakhand 248179",,,4.0,248179,,Cottage,yes,,,,,https://hotelzz.in/property.html?id=serene-pines-mussoorie-in05008
snowline-mussoorie-cottage-in05009,Snowline Mussoorie Cottage,Mussoorie,mussoorie,"504, Landour, Mall Road, Mussoorie, Uttarakhand 248179",,,4.7,248179,,Cottage,yes,,,,,https://hotelzz.in/property.html?id=snowline-mussoorie-cottage-in05009
himalayan-royal-mussoorie-in05010,Himalayan Royal Mussoorie,Mussoorie,mussoorie,"386, Picture Palace, Picture Palace, Mussoorie, Uttarakhand 248179",,,4.7,248179,,Cottage,yes,,,,,https://hotelzz.in/property.html?id=himalayan-royal-mussoorie-in05010
alpine-pines-mussoorie-in05011,Alpine Pines Mussoorie,Mussoorie,mussoorie,"227, Landour, near Gun Hill, Mussoorie, Uttarakhand 248179",,,4.7,248179,,Cottage,yes,,,,,https://hotelzz.in/property.html?id=alpine-pines-mussoorie-in05011
the-sapphire-cabin-mussoorie-in05012,The Sapphire Cabin Mussoorie,Mussoorie,mussoorie,"98, Camel's Back, Library, Mussoorie, Uttarakhand 248179",,,4.3,248179,,Cottage,yes,,,,,https://hotelzz.in/property.html?id=the-sapphire-cabin-mussoorie-in05012
apple-orchard-mussoorie-in05013,Apple Orchard Mussoorie,Mussoorie,mussoorie,"525, Library Bazaar, Picture Palace, Mussoorie, Uttarakhand 248179",,,4.5,248179,,Cottage,yes,,,,,https://hotelzz.in/property.html?id=apple-orchard-mussoorie-in05013
himalayan-crystal-mussoorie-in05014,Himalayan Crystal Mussoorie,Mussoorie,mussoorie,"427, Happy Valley, Landour, Mussoorie, Uttarakhand 248179",,,4.9,248179,,Cottage,yes,,,,,https://hotelzz.in/property.html?id=himalayan-crystal-mussoorie-in05014
mussoorie-mountain-inn-in05015,Mussoorie Mountain Inn,Mussoorie,mussoorie,"366, Mall Rd, Mall Road, Mussoorie, Uttarakhand 248179",,,4.5,248179,,Cottage,yes,,,,,https://hotelzz.in/property.html?id=mussoorie-mountain-inn-in05015
aria-valley-stay-mussoorie-in05016,Aria Valley Stay Mussoorie,Mussoorie,mussoorie,"23, Library Bazaar, Mall Road, Mussoorie, Uttarakhand 248179",,,4.7,248179,,Cottage,yes,,,,,https://hotelzz.in/property.html?id=aria-valley-stay-mussoorie-in05016
misty-valley-stay-mussoorie-in05017,Misty Valley Stay Mussoorie,Mussoorie,mussoorie,"207, Picture Palace, Landour, Mussoorie, Uttarakhand 248179",,,4.8,248179,,Cottage,yes,,,,,https://hotelzz.in/property.html?id=misty-valley-stay-mussoorie-in05017
orchid-hideaway-mussoorie-in05018,Orchid Hideaway Mussoorie,Mussoorie,mussoorie,"134, Camel's Back, near Gun Hill, Mussoorie, Uttarakhand 248179",,,4.1,248179,,Cottage,yes,,,,,https://hotelzz.in/property.html?id=orchid-hideaway-mussoorie-in05018
himalayan-wooden-mussoorie-in05019,Himalayan Wooden Mussoorie,Mussoorie,mussoorie,"503, Kulri, Landour, Mussoorie, Uttarakhand 248179",,,4.4,248179,,Cottage,yes,,,,,https://hotelzz.in/property.html?id=himalayan-wooden-mussoorie-in05019
vintage-hideaway-mussoorie-in05020,Vintage Hideaway Mussoorie,Mussoorie,mussoorie,"90, Landour, Landour, Mussoorie, Uttarakhand 248179",,,4.6,248179,,Cottage,yes,,,,,https://hotelzz.in/property.html?id=vintage-hideaway-mussoorie-in05020
crystal-hideaway-mussoorie-in05021,Crystal Hideaway Mussoorie,Mussoorie,mussoorie,"23, Picture Palace, Mall Road, Mussoorie, Uttarakhand 248179",,,4.5,248179,,Cottage,yes,,,,,https://hotelzz.in/property.html?id=crystal-hideaway-mussoorie-in05021
maple-view-resort-mussoorie-in05022,Maple View Resort Mussoorie,Mussoorie,mussoorie,"181, Camel's Back, Picture Palace, Mussoorie, Uttarakhand 248179",,,4.2,248179,,Cottage,yes,,,,,https://hotelzz.in/property.html?id=maple-view-resort-mussoorie-in05022
pearl-hideaway-mussoorie-in05023,Pearl Hideaway Mussoorie,Mussoorie,mussoorie,"582, Library Bazaar, Landour, Mussoorie, Uttarakhand 248179",,,4.5,248179,,Cottage,yes,,,,,https://hotelzz.in/property.html?id=pearl-hideaway-mussoorie-in05023
the-serene-cabin-mussoorie-in05024,The Serene Cabin Mussoorie,Mussoorie,mussoorie,"196, Camel's Back, near Gun Hill, Mussoorie, Uttarakhand 248179",,,4.3,248179,,Cottage,yes,,,,,https://hotelzz.in/property.html?id=the-serene-cabin-mussoorie-in05024
orchid-pines-mussoorie-in05025,Orchid Pines Mussoorie,Mussoorie,mussoorie,"19, Mall Rd, Mall Road, Mussoorie, Uttarakhand 248179",,,4.0,248179,,Cottage,yes,,,,,https://hotelzz.in/property.html?id=orchid-pines-mussoorie-in05025
emerald-pines-mussoorie-in05026,Emerald Pines Mussoorie,Mussoorie,mussoorie,"48, Camel's Back, Mall Road, Mussoorie, Uttarakhand 248179",,,4.7,248179,,Cottage,yes,,,,,https://hotelzz.in/property.html?id=emerald-pines-mussoorie-in05026
hotel-cosy-mussoorie-in05027,Hotel Cosy Mussoorie,Mussoorie,mussoorie,"104, Happy Valley, Library, Mussoorie, Uttarakhand 248179",,,4.8,248179,,Cottage,yes,,,,,https://hotelzz.in/property.html?id=hotel-cosy-mussoorie-in05027
wooden-hideaway-mussoorie-in05028,Wooden Hideaway Mussoorie,Mussoorie,mussoorie,"89, Landour, near Gun Hill, Mussoorie, Uttarakhand 248179",,,4.2,248179,,Cottage,yes,,,,,https://hotelzz.in/property.html?id=wooden-hideaway-mussoorie-in05028
maple-cottage-mussoorie-in05029,Maple Cottage Mussoorie,Mussoorie,mussoorie,"211, Library Bazaar, Mall Road, Mussoorie, Uttarakhand 248179",,,4.2,248179,,Cottage,yes,,,,,https://hotelzz.in/property.html?id=maple-cottage-mussoorie-in05029
hotel-emerald-mussoorie-in05030,Hotel Emerald Mussoorie,Mussoorie,mussoorie,"469, Library Bazaar, Landour, Mussoorie, Uttarakhand 248179",,,4.4,248179,,Cottage,yes,,,,,https://hotelzz.in/property.html?id=hotel-emerald-mussoorie-in05030
mussoorie-hills-resort-in05031,Mussoorie Hills Resort,Mussoorie,mussoorie,"113, Picture Palace, Mall Road, Mussoorie, Uttarakhand 248179",,,4.0,248179,,Cottage,yes,,,,,https://hotelzz.in/property.html?id=mussoorie-hills-resort-in05031
aria-cottage-mussoorie-in05032,Aria Cottage Mussoorie,Mussoorie,mussoorie,"568, Picture Palace, near Gun Hill, Mussoorie, Uttarakhand 248179",,,4.5,248179,,Cottage,yes,,,,,https://hotelzz.in/property.html?id=aria-cottage-mussoorie-in05032
himalayan-azure-mussoorie-in05033,Himalayan Azure Mussoorie,Mussoorie,mussoorie,"199, Happy Valley, Mall Road, Mussoorie, Uttarakhand 248179",,,4.3,248179,,Cottage,yes,,,,,https://hotelzz.in/property.html?id=himalayan-azure-mussoorie-in05033
whispering-valley-stay-mussoorie-in05034,Whispering Valley Stay Mussoorie,Mussoorie,mussoorie,"553, Library Bazaar, near Gun Hill, Mussoorie, Uttarakhand 248179",,,4.6,248179,,Cottage,yes,,,,,https://hotelzz.in/property.html?id=whispering-valley-stay-mussoorie-in05034
aria-view-resort-mussoorie-in05035,Aria View Resort Mussoorie,Mussoorie,mussoorie,"529, Happy Valley, Landour, Mussoorie, Uttarakhand 248179",,,4.7,248179,,Cottage,yes,,,,,https://hotelzz.in/property.html?id=aria-view-resort-mussoorie-in05035
heritage-pines-mussoorie-in05036,Heritage Pines Mussoorie,Mussoorie,mussoorie,"109, Happy Valley, Library, Mussoorie, Uttarakhand 248179",,,4.7,248179,,Cottage,yes,,,,,https://hotelzz.in/property.html?id=heritage-pines-mussoorie-in05036
hotel-heritage-mussoorie-in05037,Hotel Heritage Mussoorie,Mussoorie,mussoorie,"18, Landour, Landour, Mussoorie, Uttarakhand 248179",,,4.2,248179,,Cottage,yes,,,,,https://hotelzz.in/property.html?id=hotel-heritage-mussoorie-in05037
himalayan-saffron-mussoorie-in05038,Himalayan Saffron Mussoorie,Mussoorie,mussoorie,"413, Library Bazaar, Landour, Mussoorie, Uttarakhand 248179",,,4.0,248179,,Cottage,yes,,,,,https://hotelzz.in/property.html?id=himalayan-saffron-mussoorie-in05038
hotel-aurora-mussoorie-in05039,Hotel Aurora Mussoorie,Mussoorie,mussoorie,"3, Camel's Back, Landour, Mussoorie, Uttarakhand 248179",,,4.1,248179,,Cottage,yes,,,,,https://hotelzz.in/property.html?id=hotel-aurora-mussoorie-in05039
azure-view-resort-mussoorie-in05040,Azure View Resort Mussoorie,Mussoorie,mussoorie,"502, Picture Palace, Mall Road, Mussoorie, Uttarakhand 248179",,,4.2,248179,,Cottage,yes,,,,,https://hotelzz.in/property.html?id=azure-view-resort-mussoorie-in05040
himalayan-marigold-mussoorie-in05041,Himalayan Marigold Mussoorie,Mussoorie,mussoorie,"483, Picture Palace, Landour, Mussoorie, Uttarakhand 248179",,,4.1,248179,,Cottage,yes,,,,,https://hotelzz.in/property.html?id=himalayan-marigold-mussoorie-in05041
wooden-pines-mussoorie-in05042,Wooden Pines Mussoorie,Mussoorie,mussoorie,"437, Library Bazaar, Picture Palace, Mussoorie, Uttarakhand 248179",,,4.6,248179,,Cottage,yes,,,,,https://hotelzz.in/property.html?id=wooden-pines-mussoorie-in05042
royal-valley-stay-mussoorie-in05043,Royal Valley Stay Mussoorie,Mussoorie,mussoorie,"409, Mall Rd, Mall Road, Mussoorie, Uttarakhand 248179",,,4.4,248179,,Cottage,yes,,,,,https://hotelzz.in/property.html?id=royal-valley-stay-mussoorie-in05043
wooden-valley-stay-mussoorie-in05044,Wooden Valley Stay Mussoorie,Mussoorie,mussoorie,"337, Mall Rd, Library, Mussoorie, Uttarakhand 248179",,,4.8,248179,,Cottage,yes,,,,,https://hotelzz.in/property.html?id=wooden-valley-stay-mussoorie-in05044
the-alpine-cabin-mussoorie-in05045,The Alpine Cabin Mussoorie,Mussoorie,mussoorie,"75, Landour, near Gun Hill, Mussoorie, Uttarakhand 248179",,,4.3,248179,,Cottage,yes,,,,,https://hotelzz.in/property.html?id=the-alpine-cabin-mussoorie-in05045
orchid-valley-stay-mussoorie-in05046,Orchid Valley Stay Mussoorie,Mussoorie,mussoorie,"257, Mall Rd, near Gun Hill, Mussoorie, Uttarakhand 248179",,,4.5,248179,,Cottage,yes,,,,,https://hotelzz.in/property.html?id=orchid-valley-stay-mussoorie-in05046
marigold-valley-stay-mussoorie-in05047,Marigold Valley Stay Mussoorie,Mussoorie,mussoorie,"443, Library Bazaar, Library, Mussoorie, Uttarakhand 248179",,,4.7,248179,,Cottage,yes,,,,,https://hotelzz.in/property.html?id=marigold-valley-stay-mussoorie-in05047
sapphire-hideaway-mussoorie-in05048,Sapphire Hideaway Mussoorie,Mussoorie,mussoorie,"414, Kulri, Library, Mussoorie, Uttarakhand 248179",,,4.6,248179,,Cottage,yes,,,,,https://hotelzz.in/property.html?id=sapphire-hideaway-mussoorie-in05048
vintage-pines-mussoorie-in05049,Vintage Pines Mussoorie,Mussoorie,mussoorie,"580, Picture Palace, near Gun Hill, Mussoorie, Uttarakhand 248179",,,4.3,248179,,Cottage,yes,,,,,https://hotelzz.in/property.html?id=vintage-pines-mussoorie-in05049
sunrise-hideaway-mussoorie-in05050,Sunrise Hideaway Mussoorie,Mussoorie,mussoorie,"454, Kulri, Library, Mussoorie, Uttarakhand 248179",,,4.5,248179,,Cottage,yes,,,,,https://hotelzz.in/property.html?id=sunrise-hideaway-mussoorie-in05050
the-pearl-cabin-mussoorie-in05051,The Pearl Cabin Mussoorie,Mussoorie,mussoorie,"530, Picture Palace, Picture Palace, Mussoorie, Uttarakhand 248179",,,4.0,248179,,Cottage,yes,,,,,https://hotelzz.in/property.html?id=the-pearl-cabin-mussoorie-in05051
hotel-crown-mussoorie-in05052,Hotel Crown Mussoorie,Mussoorie,mussoorie,"312, Happy Valley, Mall Road, Mussoorie, Uttarakhand 248179",,,4.2,248179,,Cottage,yes,,,,,https://hotelzz.in/property.html?id=hotel-crown-mussoorie-in05052
aria-pines-mussoorie-in05053,Aria Pines Mussoorie,Mussoorie,mussoorie,"324, Library Bazaar, Picture Palace, Mussoorie, Uttarakhand 248179",,,4.2,248179,,Cottage,yes,,,,,https://hotelzz.in/property.html?id=aria-pines-mussoorie-in05053
pearl-valley-stay-mussoorie-in05054,Pearl Valley Stay Mussoorie,Mussoorie,mussoorie,"577, Library Bazaar, Landour, Mussoorie, Uttarakhand 248179",,,4.6,248179,,Cottage,yes,,,,,https://hotelzz.in/property.html?id=pearl-valley-stay-mussoorie-in05054
azure-hideaway-mussoorie-in05055,Azure Hideaway Mussoorie,Mussoorie,mussoorie,"274, Picture Palace, near Gun Hill, Mussoorie, Uttarakhand 248179",,,4.2,248179,,Cottage,yes,,,,,https://hotelzz.in/property.html?id=azure-hideaway-mussoorie-in05055
vintage-view-resort-mussoorie-in05056,Vintage View Resort Mussoorie,Mussoorie,mussoorie,"404, Library Bazaar, Picture Palace, Mussoorie, Uttarakhand 248179",,,4.3,248179,,Cottage,yes,,,,,https://hotelzz.in/property.html?id=vintage-view-resort-mussoorie-in05056
imperial-hideaway-mussoorie-in05057,Imperial Hideaway Mussoorie,Mussoorie,mussoorie,"253, Mall Rd, Library, Mussoorie, Uttarakhand 248179",,,4.1,248179,,Cottage,yes,,,,,https://hotelzz.in/property.html?id=imperial-hideaway-mussoorie-in05057
saffron-view-resort-mussoorie-in05058,Saffron View Resort Mussoorie,Mussoorie,mussoorie,"446, Happy Valley, Mall Road, Mussoorie, Uttarakhand 248179",,,4.4,248179,,Cottage,yes,,,,,https://hotelzz.in/property.html?id=saffron-view-resort-mussoorie-in05058
hotel-misty-mussoorie-in05059,Hotel Misty Mussoorie,Mussoorie,mussoorie,"27, Mall Rd, Picture Palace, Mussoorie, Uttarakhand 248179",,,4.3,248179,,Cottage,yes,,,,,https://hotelzz.in/property.html?id=hotel-misty-mussoorie-in05059
indigo-cottage-mussoorie-in05060,Indigo Cottage Mussoorie,Mussoorie,mussoorie,"469, Camel's Back, Mall Road, Mussoorie, Uttarakhand 248179",,,4.8,248179,,Cottage,yes,,,,,https://hotelzz.in/property.html?id=indigo-cottage-mussoorie-in05060
himalayan-alpine-mussoorie-in05061,Himalayan Alpine Mussoorie,Mussoorie,mussoorie,"211, Kulri, Landour, Mussoorie, Uttarakhand 248179",,,4.2,248179,,Cottage,yes,,,,,https://hotelzz.in/property.html?id=himalayan-alpine-mussoorie-in05061
silver-cottage-mussoorie-in05062,Silver Cottage Mussoorie,Mussoorie,mussoorie,"450, Kulri, Mall Road, Mussoorie, Uttarakhand 248179",,,4.4,248179,,Cottage,yes,,,,,https://hotelzz.in/property.html?id=silver-cottage-mussoorie-in05062
casa-cottage-mussoorie-in05063,Casa Cottage Mussoorie,Mussoorie,mussoorie,"130, Picture Palace, Landour, Mussoorie, Uttarakhand 248179",,,4.1,248179,,Cottage,yes,,,,,https://hotelzz.in/property.html?id=casa-cottage-mussoorie-in05063
misty-hideaway-mussoorie-in05064,Misty Hideaway Mussoorie,Mussoorie,mussoorie,"432, Happy Valley, Library, Mussoorie, Uttarakhand 248179",,,4.6,248179,,Cottage,yes,,,,,https://hotelzz.in/property.html?id=misty-hideaway-mussoorie-in05064
silver-pines-mussoorie-in05065,Silver Pines Mussoorie,Mussoorie,mussoorie,"313, Landour, Mall Road, Mussoorie, Uttarakhand 248179",,,4.8,248179,,Cottage,yes,,,,,https://hotelzz.in/property.html?id=silver-pines-mussoorie-in05065
highland-valley-stay-mussoorie-in05066,Highland Valley Stay Mussoorie,Mussoorie,mussoorie,"268, Landour, near Gun Hill, Mussoorie, Uttarakhand 248179",,,4.4,248179,,Cottage,yes,,,,,https://hotelzz.in/property.html?id=highland-valley-stay-mussoorie-in05066
alpine-cottage-mussoorie-in05067,Alpine Cottage Mussoorie,Mussoorie,mussoorie,"258, Picture Palace, Library, Mussoorie, Uttarakhand 248179",,,4.9,248179,,Cottage,yes,,,,,https://hotelzz.in/property.html?id=alpine-cottage-mussoorie-in05067
crystal-cottage-mussoorie-in05068,Crystal Cottage Mussoorie,Mussoorie,mussoorie,"140, Camel's Back, Library, Mussoorie, Uttarakhand 248179",,,4.1,248179,,Cottage,yes,,,,,https://hotelzz.in/property.html?id=crystal-cottage-mussoorie-in05068
tranquil-cottage-mussoorie-in05069,Tranquil Cottage Mussoorie,Mussoorie,mussoorie,"405, Camel's Back, Landour, Mussoorie, Uttarakhand 248179",,,4.9,248179,,Cottage,yes,,,,,https://hotelzz.in/property.html?id=tranquil-cottage-mussoorie-in05069
himalayan-sapphire-mussoorie-in05070,Himalayan Sapphire Mussoorie,Mussoorie,mussoorie,"230, Landour, near Gun Hill, Mussoorie, Uttarakhand 248179",,,4.5,248179,,Cottage,yes,,,,,https://hotelzz.in/property.html?id=himalayan-sapphire-mussoorie-in05070
aspen-hideaway-mussoorie-in05071,Aspen Hideaway Mussoorie,Mussoorie,mussoorie,"73, Kulri, near Gun Hill, Mussoorie, Uttarakhand 248179",,,4.6,248179,,Cottage,yes,,,,,https://hotelzz.in/property.html?id=aspen-hideaway-mussoorie-in05071
marigold-cottage-mussoorie-in05072,Marigold Cottage Mussoorie,Mussoorie,mussoorie,"394, Landour, Library, Mussoorie, Uttarakhand 248179",,,4.4,248179,,Cottage,yes,,,,,https://hotelzz.in/property.html?id=marigold-cottage-mussoorie-in05072
himalayan-sunrise-mussoorie-in05073,Himalayan Sunrise Mussoorie,Mussoorie,mussoorie,"407, Camel's Back, Library, Mussoorie, Uttarakhand 248179",,,4.3,248179,,Cottage,yes,,,,,https://hotelzz.in/property.html?id=himalayan-sunrise-mussoorie-in05073
aspen-pines-mussoorie-in05074,Aspen Pines Mussoorie,Mussoorie,mussoorie,"328, Library Bazaar, near Gun Hill, Mussoorie, Uttarakhand 248179",,,4.7,248179,,Cottage,yes,,,,,https://hotelzz.in/property.html?id=aspen-pines-mussoorie-in05074
the-ocean-cabin-mussoorie-in05075,The Ocean Cabin Mussoorie,Mussoorie,mussoorie,"110, Happy Valley, Library, Mussoorie, Uttarakhand 248179",,,4.8,248179,,Cottage,yes,,,,,https://hotelzz.in/property.html?id=the-ocean-cabin-mussoorie-in05075
ocean-cottage-mussoorie-in05076,Ocean Cottage Mussoorie,Mussoorie,mussoorie,"7, Mall Rd, Picture Palace, Mussoorie, Uttarakhand 248179",,,4.6,248179,,Cottage,yes,,,,,https://hotelzz.in/property.html?id=ocean-cottage-mussoorie-in05076
the-indigo-cabin-mussoorie-in05077,The Indigo Cabin Mussoorie,Mussoorie,mussoorie,"545, Mall Rd, near Gun Hill, Mussoorie, Uttarakhand 248179",,,4.4,248179,,Cottage,yes,,,,,https://hotelzz.in/property.html?id=the-indigo-cabin-mussoorie-in05077
the-misty-cabin-mussoorie-in05078,The Misty Cabin Mussoorie,Mussoorie,mussoorie,"209, Landour, near Gun Hill, Mussoorie, Uttarakhand 248179",,,4.1,248179,,Cottage,yes,,,,,https://hotelzz.in/property.html?id=the-misty-cabin-mussoorie-in05078
casa-pines-mussoorie-in05079,Casa Pines Mussoorie,Mussoorie,mussoorie,"86, Camel's Back, Landour, Mussoorie, Uttarakhand 248179",,,4.1,248179,,Cottage,yes,,,,,https://hotelzz.in/property.html?id=casa-pines-mussoorie-in05079
velvet-hideaway-mussoorie-in05080,Velvet Hideaway Mussoorie,Mussoorie,mussoorie,"101, Happy Valley, Library, Mussoorie, Uttarakhand 248179",,,4.1,248179,,Cottage,yes,,,,,https://hotelzz.in/property.html?id=velvet-hideaway-mussoorie-in05080
the-orchid-cabin-mussoorie-in05081,The Orchid Cabin Mussoorie,Mussoorie,mussoorie,"62, Library Bazaar, Landour, Mussoorie, Uttarakhand 248179",,,4.3,248179,,Cottage,yes,,,,,https://hotelzz.in/property.html?id=the-orchid-cabin-mussoorie-in05081
cosy-valley-stay-mussoorie-in05082,Cosy Valley Stay Mussoorie,Mussoorie,mussoorie,"474, Mall Rd, Mall Road, Mussoorie, Uttarakhand 248179",,,4.6,248179,,Cottage,yes,,,,,https://hotelzz.in/property.html?id=cosy-valley-stay-mussoorie-in05082
emerald-valley-stay-mussoorie-in05083,Emerald Valley Stay Mussoorie,Mussoorie,mussoorie,"22, Library Bazaar, Library, Mussoorie, Uttarakhand 248179",,,4.1,248179,,Cottage,yes,,,,,https://hotelzz.in/property.html?id=emerald-valley-stay-mussoorie-in05083
highland-pines-mussoorie-in05084,Highland Pines Mussoorie,Mussoorie,mussoorie,"251, Library Bazaar, Library, Mussoorie, Uttarakhand 248179",,,4.3,248179,,Cottage,yes,,,,,https://hotelzz.in/property.html?id=highland-pines-mussoorie-in05084
tranquil-pines-mussoorie-in05085,Tranquil Pines Mussoorie,Mussoorie,mussoorie,"264, Library Bazaar, Library, Mussoorie, Uttarakhand 248179",,,4.2,248179,,Cottage,yes,,,,,https://hotelzz.in/property.html?id=tranquil-pines-mussoorie-in05085
himalayan-maple-mussoorie-in05086,Himalayan Maple Mussoorie,Mussoorie,mussoorie,"351, Mall Rd, Library, Mussoorie, Uttarakhand 248179",,,4.4,248179,,Cottage,yes,,,,,https://hotelzz.in/property.html?id=himalayan-maple-mussoorie-in05086
marigold-pines-mussoorie-in05087,Marigold Pines Mussoorie,Mussoorie,mussoorie,"141, Camel's Back, Library, Mussoorie, Uttarakhand 248179",,,4.5,248179,,Cottage,yes,,,,,https://hotelzz.in/property.html?id=marigold-pines-mussoorie-in05087
himalayan-vintage-mussoorie-in05088,Himalayan Vintage Mussoorie,Mussoorie,mussoorie,"326, Happy Valley, Mall Road, Mussoorie, Uttarakhand 248179",,,4.9,248179,,Cottage,yes,,,,,https://hotelzz.in/property.html?id=himalayan-vintage-mussoorie-in05088
saffron-pines-mussoorie-in05089,Saffron Pines Mussoorie,Mussoorie,mussoorie,"175, Camel's Back, Landour, Mussoorie, Uttarakhand 248179",,,4.6,248179,,Cottage,yes,,,,,https://hotelzz.in/property.html?id=saffron-pines-mussoorie-in05089
hotel-whispering-mussoorie-in05090,Hotel Whispering Mussoorie,Mussoorie,mussoorie,"385, Picture Palace, Mall Road, Mussoorie, Uttarakhand 248179",,,4.3,248179,,Cottage,yes,,,,,https://hotelzz.in/property.html?id=hotel-whispering-mussoorie-in05090
himalayan-velvet-mussoorie-in05091,Himalayan Velvet Mussoorie,Mussoorie,mussoorie,"419, Camel's Back, near Gun Hill, Mussoorie, Uttarakhand 248179",,,4.1,248179,,Cottage,yes,,,,,https://hotelzz.in/property.html?id=himalayan-velvet-mussoorie-in05091
hotel-silver-mussoorie-in05092,Hotel Silver Mussoorie,Mussoorie,mussoorie,"306, Happy Valley, Library, Mussoorie, Uttarakhand 248179",,,4.4,248179,,Cottage,yes,,,,,https://hotelzz.in/property.html?id=hotel-silver-mussoorie-in05092
hotel-royal-mussoorie-in05093,Hotel Royal Mussoorie,Mussoorie,mussoorie,"401, Kulri, Library, Mussoorie, Uttarakhand 248179",,,4.5,248179,,Cottage,yes,,,,,https://hotelzz.in/property.html?id=hotel-royal-mussoorie-in05093
hotel-crystal-mussoorie-in05094,Hotel Crystal Mussoorie,Mussoorie,mussoorie,"29, Landour, near Gun Hill, Mussoorie, Uttarakhand 248179",,,4.9,248179,,Cottage,yes,,,,,https://hotelzz.in/property.html?id=hotel-crystal-mussoorie-in05094
the-aurora-cabin-mussoorie-in05095,The Aurora Cabin Mussoorie,Mussoorie,mussoorie,"83, Camel's Back, near Gun Hill, Mussoorie, Uttarakhand 248179",,,4.2,248179,,Cottage,yes,,,,,https://hotelzz.in/property.html?id=the-aurora-cabin-mussoorie-in05095
serene-valley-stay-mussoorie-in05096,Serene Valley Stay Mussoorie,Mussoorie,mussoorie,"518, Happy Valley, near Gun Hill, Mussoorie, Uttarakhand 248179",,,4.5,248179,,Cottage,yes,,,,,https://hotelzz.in/property.html?id=serene-valley-stay-mussoorie-in05096
highland-hideaway-mussoorie-in05097,Highland Hideaway Mussoorie,Mussoorie,mussoorie,"481, Mall Rd, near Gun Hill, Mussoorie, Uttarakhand 248179",,,4.5,248179,,Cottage,yes,,,,,https://hotelzz.in/property.html?id=highland-hideaway-mussoorie-in05097
indigo-pines-mussoorie-in05098,Indigo Pines Mussoorie,Mussoorie,mussoorie,"403, Camel's Back, Picture Palace, Mussoorie, Uttarakhand 248179",,,4.6,248179,,Cottage,yes,,,,,https://hotelzz.in/property.html?id=indigo-pines-mussoorie-in05098
alpine-valley-stay-mussoorie-in05099,Alpine Valley Stay Mussoorie,Mussoorie,mussoorie,"48, Mall Rd, Landour, Mussoorie, Uttarakhand 248179",,,4.1,248179,,Cottage,yes,,,,,https://hotelzz.in/property.html?id=alpine-valley-stay-mussoorie-in05099
velvet-valley-stay-mussoorie-in05100,Velvet Valley Stay Mussoorie,Mussoorie,mussoorie,"557, Camel's Back, Mall Road, Mussoorie, Uttarakhand 248179",,,4.1,248179,,Cottage,yes,,,,,https://hotelzz.in/property.html?id=velvet-valley-stay-mussoorie-in05100
snowline-nainital-cottage-in05101,Snowline Nainital Cottage,Nainital,nainital,"180, Snow View, Mallital, Nainital, Uttarakhand 263001",,,4.2,263001,,Cottage,yes,,,,,https://hotelzz.in/property.html?id=snowline-nainital-cottage-in05101
nainital-hills-resort-in05102,Nainital Hills Resort,Nainital,nainital,"432, Mallital, Snow View, Nainital, Uttarakhand 263001",,,4.2,263001,,Cottage,yes,,,,,https://hotelzz.in/property.html?id=nainital-hills-resort-in05102
hotel-casa-nainital-in05103,Hotel Casa Nainital,Nainital,nainital,"31, Kilbury, Mallital, Nainital, Uttarakhand 263001",,,4.7,263001,,Cottage,yes,,,,,https://hotelzz.in/property.html?id=hotel-casa-nainital-in05103
hotel-serene-nainital-in05104,Hotel Serene Nainital,Nainital,nainital,"221, Tallital, Mallital, Nainital, Uttarakhand 263001",,,4.8,263001,,Cottage,yes,,,,,https://hotelzz.in/property.html?id=hotel-serene-nainital-in05104
pine-nainital-lodge-in05105,Pine Nainital Lodge,Nainital,nainital,"390, Mall Rd, Tallital, Nainital, Uttarakhand 263002",,,4.2,263002,,Cottage,yes,,,,,https://hotelzz.in/property.html?id=pine-nainital-lodge-in05105
the-nainital-retreat-in05106,The Nainital Retreat,Nainital,nainital,"480, Mall Rd, Mallital, Nainital, Uttarakhand 263001",,,4.8,263001,,Cottage,yes,,,,,https://hotelzz.in/property.html?id=the-nainital-retreat-in05106
himalayan-azure-nainital-in05107,Himalayan Azure Nainital,Nainital,nainital,"233, Mallital, Tallital, Nainital, Uttarakhand 263002",,,4.3,263002,,Cottage,yes,,,,,https://hotelzz.in/property.html?id=himalayan-azure-nainital-in05107
regal-pines-nainital-in05108,Regal Pines Nainital,Nainital,nainital,"525, Kilbury, Tallital, Nainital, Uttarakhand 263001",,,4.7,263001,,Cottage,yes,,,,,https://hotelzz.in/property.html?id=regal-pines-nainital-in05108
alpine-view-resort-nainital-in05109,Alpine View Resort Nainital,Nainital,nainital,"418, Kilbury, Mallital, Nainital, Uttarakhand 263002",,,4.5,263002,,Cottage,yes,,,,,https://hotelzz.in/property.html?id=alpine-view-resort-nainital-in05109
the-saffron-cabin-nainital-in05110,The Saffron Cabin Nainital,Nainital,nainital,"418, Mall Rd, Mall Road, Nainital, Uttarakhand 263002",,,4.6,263002,,Cottage,yes,,,,,https://hotelzz.in/property.html?id=the-saffron-cabin-nainital-in05110
royal-hideaway-nainital-in05111,Royal Hideaway Nainital,Nainital,nainital,"363, Bhowali Rd, near Naini Lake, Nainital, Uttarakhand 263001",,,4.3,263001,,Cottage,yes,,,,,https://hotelzz.in/property.html?id=royal-hideaway-nainital-in05111
cedar-nainital-lodge-in05112,Cedar Nainital Lodge,Nainital,nainital,"112, Sukhatal, Tallital, Nainital, Uttarakhand 263002",,,4.0,263002,,Cottage,yes,,,,,https://hotelzz.in/property.html?id=cedar-nainital-lodge-in05112
casa-cottage-nainital-in05113,Casa Cottage Nainital,Nainital,nainital,"360, Tallital, Tallital, Nainital, Uttarakhand 263002",,,4.2,263002,,Cottage,yes,,,,,https://hotelzz.in/property.html?id=casa-cottage-nainital-in05113
the-silver-cabin-nainital-in05114,The Silver Cabin Nainital,Nainital,nainital,"320, Kilbury, Tallital, Nainital, Uttarakhand 263002",,,4.5,263002,,Cottage,yes,,,,,https://hotelzz.in/property.html?id=the-silver-cabin-nainital-in05114
wood-house-nainital-in05115,Wood House Nainital,Nainital,nainital,"441, Sukhatal, near Naini Lake, Nainital, Uttarakhand 263002",,,4.1,263002,,Cottage,yes,,,,,https://hotelzz.in/property.html?id=wood-house-nainital-in05115
tranquil-pines-nainital-in05116,Tranquil Pines Nainital,Nainital,nainital,"273, Snow View, Snow View, Nainital, Uttarakhand 263001",,,4.2,263001,,Cottage,yes,,,,,https://hotelzz.in/property.html?id=tranquil-pines-nainital-in05116
cosy-valley-stay-nainital-in05117,Cosy Valley Stay Nainital,Nainital,nainital,"184, Bhowali Rd, near Naini Lake, Nainital, Uttarakhand 263002",,,4.4,263002,,Cottage,yes,,,,,https://hotelzz.in/property.html?id=cosy-valley-stay-nainital-in05117
hotel-crystal-nainital-in05118,Hotel Crystal Nainital,Nainital,nainital,"413, Mallital, Mallital, Nainital, Uttarakhand 263002",,,4.1,263002,,Cottage,yes,,,,,https://hotelzz.in/property.html?id=hotel-crystal-nainital-in05118
nainital-mountain-inn-in05119,Nainital Mountain Inn,Nainital,nainital,"160, Tallital, near Naini Lake, Nainital, Uttarakhand 263001",,,4.2,263001,,Cottage,yes,,,,,https://hotelzz.in/property.html?id=nainital-mountain-inn-in05119
hotel-maple-nainital-in05120,Hotel Maple Nainital,Nainital,nainital,"131, Snow View, Mallital, Nainital, Uttarakhand 263001",,,4.3,263001,,Cottage,yes,,,,,https://hotelzz.in/property.html?id=hotel-maple-nainital-in05120
royal-pines-nainital-in05121,Royal Pines Nainital,Nainital,nainital,"364, Tallital, Snow View, Nainital, Uttarakhand 263002",,,4.7,263002,,Cottage,yes,,,,,https://hotelzz.in/property.html?id=royal-pines-nainital-in05121
apple-orchard-nainital-in05122,Apple Orchard Nainital,Nainital,nainital,"271, Sukhatal, Mall Road, Nainital, Uttarakhand 263001",,,4.4,263001,,Cottage,yes,,,,,https://hotelzz.in/property.html?id=apple-orchard-nainital-in05122
silver-view-resort-nainital-in05123,Silver View Resort Nainital,Nainital,nainital,"118, Snow View, Mall Road, Nainital, Uttarakhand 263002",,,4.6,263002,,Cottage,yes,,,,,https://hotelzz.in/property.html?id=silver-view-resort-nainital-in05123
hotel-regal-nainital-in05124,Hotel Regal Nainital,Nainital,nainital,"41, Sukhatal, near Naini Lake, Nainital, Uttarakhand 263001",,,4.3,263001,,Cottage,yes,,,,,https://hotelzz.in/property.html?id=hotel-regal-nainital-in05124
the-marigold-cabin-nainital-in05125,The Marigold Cabin Nainital,Nainital,nainital,"478, Mallital, Tallital, Nainital, Uttarakhand 263002",,,4.4,263002,,Cottage,yes,,,,,https://hotelzz.in/property.html?id=the-marigold-cabin-nainital-in05125
himalayan-crown-nainital-in05126,Himalayan Crown Nainital,Nainital,nainital,"353, Mall Rd, Mallital, Nainital, Uttarakhand 263002",,,4.3,263002,,Cottage,yes,,,,,https://hotelzz.in/property.html?id=himalayan-crown-nainital-in05126
himalayan-wooden-nainital-in05127,Himalayan Wooden Nainital,Nainital,nainital,"263, Mallital, Snow View, Nainital, Uttarakhand 263001",,,4.5,263001,,Cottage,yes,,,,,https://hotelzz.in/property.html?id=himalayan-wooden-nainital-in05127
the-misty-cabin-nainital-in05128,The Misty Cabin Nainital,Nainital,nainital,"160, Mall Rd, Tallital, Nainital, Uttarakhand 263001",,,4.9,263001,,Cottage,yes,,,,,https://hotelzz.in/property.html?id=the-misty-cabin-nainital-in05128
heritage-valley-stay-nainital-in05129,Heritage Valley Stay Nainital,Nainital,nainital,"34, Mallital, near Naini Lake, Nainital, Uttarakhand 263002",,,4.9,263002,,Cottage,yes,,,,,https://hotelzz.in/property.html?id=heritage-valley-stay-nainital-in05129
imperial-valley-stay-nainital-in05130,Imperial Valley Stay Nainital,Nainital,nainital,"172, Sukhatal, Tallital, Nainital, Uttarakhand 263001",,,4.9,263001,,Cottage,yes,,,,,https://hotelzz.in/property.html?id=imperial-valley-stay-nainital-in05130
hotel-saffron-nainital-in05131,Hotel Saffron Nainital,Nainital,nainital,"218, Kilbury, Mall Road, Nainital, Uttarakhand 263002",,,4.1,263002,,Cottage,yes,,,,,https://hotelzz.in/property.html?id=hotel-saffron-nainital-in05131
crystal-valley-stay-nainital-in05132,Crystal Valley Stay Nainital,Nainital,nainital,"250, Kilbury, Snow View, Nainital, Uttarakhand 263001",,,4.7,263001,,Cottage,yes,,,,,https://hotelzz.in/property.html?id=crystal-valley-stay-nainital-in05132
saffron-pines-nainital-in05133,Saffron Pines Nainital,Nainital,nainital,"305, Mall Rd, Tallital, Nainital, Uttarakhand 263001",,,4.6,263001,,Cottage,yes,,,,,https://hotelzz.in/property.html?id=saffron-pines-nainital-in05133
maple-pines-nainital-in05134,Maple Pines Nainital,Nainital,nainital,"321, Mallital, near Naini Lake, Nainital, Uttarakhand 263002",,,4.4,263002,,Cottage,yes,,,,,https://hotelzz.in/property.html?id=maple-pines-nainital-in05134
serene-pines-nainital-in05135,Serene Pines Nainital,Nainital,nainital,"137, Bhowali Rd, Tallital, Nainital, Uttarakhand 263001",,,4.6,263001,,Cottage,yes,,,,,https://hotelzz.in/property.html?id=serene-pines-nainital-in05135
hotel-royal-nainital-in05136,Hotel Royal Nainital,Nainital,nainital,"450, Kilbury, Tallital, Nainital, Uttarakhand 263001",,,4.8,263001,,Cottage,yes,,,,,https://hotelzz.in/property.html?id=hotel-royal-nainital-in05136
himalayan-velvet-nainital-in05137,Himalayan Velvet Nainital,Nainital,nainital,"44, Mallital, near Naini Lake, Nainital, Uttarakhand 263002",,,4.7,263002,,Cottage,yes,,,,,https://hotelzz.in/property.html?id=himalayan-velvet-nainital-in05137
aria-valley-stay-nainital-in05138,Aria Valley Stay Nainital,Nainital,nainital,"157, Tallital, Mall Road, Nainital, Uttarakhand 263001",,,4.9,263001,,Cottage,yes,,,,,https://hotelzz.in/property.html?id=aria-valley-stay-nainital-in05138
the-crown-cabin-nainital-in05139,The Crown Cabin Nainital,Nainital,nainital,"252, Snow View, Snow View, Nainital, Uttarakhand 263002",,,4.5,263002,,Cottage,yes,,,,,https://hotelzz.in/property.html?id=the-crown-cabin-nainital-in05139
the-alpine-cabin-nainital-in05140,The Alpine Cabin Nainital,Nainital,nainital,"531, Sukhatal, Mallital, Nainital, Uttarakhand 263001",,,4.7,263001,,Cottage,yes,,,,,https://hotelzz.in/property.html?id=the-alpine-cabin-nainital-in05140
hotel-aspen-nainital-in05141,Hotel Aspen Nainital,Nainital,nainital,"586, Tallital, Snow View, Nainital, Uttarakhand 263001",,,4.3,263001,,Cottage,yes,,,,,https://hotelzz.in/property.html?id=hotel-aspen-nainital-in05141
crystal-hideaway-nainital-in05142,Crystal Hideaway Nainital,Nainital,nainital,"366, Mall Rd, Snow View, Nainital, Uttarakhand 263001",,,4.8,263001,,Cottage,yes,,,,,https://hotelzz.in/property.html?id=crystal-hideaway-nainital-in05142
the-velvet-cabin-nainital-in05143,The Velvet Cabin Nainital,Nainital,nainital,"404, Bhowali Rd, near Naini Lake, Nainital, Uttarakhand 263002",,,4.2,263002,,Cottage,yes,,,,,https://hotelzz.in/property.html?id=the-velvet-cabin-nainital-in05143
hotel-azure-nainital-in05144,Hotel Azure Nainital,Nainital,nainital,"473, Mallital, Mallital, Nainital, Uttarakhand 263002",,,4.7,263002,,Cottage,yes,,,,,https://hotelzz.in/property.html?id=hotel-azure-nainital-in05144
vintage-valley-stay-nainital-in05145,Vintage Valley Stay Nainital,Nainital,nainital,"295, Tallital, near Naini Lake, Nainital, Uttarakhand 263001",,,4.6,263001,,Cottage,yes,,,,,https://hotelzz.in/property.html?id=vintage-valley-stay-nainital-in05145
hotel-ocean-nainital-in05146,Hotel Ocean Nainital,Nainital,nainital,"252, Mallital, Mall Road, Nainital, Uttarakhand 263002",,,4.5,263002,,Cottage,yes,,,,,https://hotelzz.in/property.html?id=hotel-ocean-nainital-in05146
himalayan-ocean-nainital-in05147,Himalayan Ocean Nainital,Nainital,nainital,"574, Tallital, near Naini Lake, Nainital, Uttarakhand 263002",,,4.2,263002,,Cottage,yes,,,,,https://hotelzz.in/property.html?id=himalayan-ocean-nainital-in05147
aria-pines-nainital-in05148,Aria Pines Nainital,Nainital,nainital,"183, Bhowali Rd, Mall Road, Nainital, Uttarakhand 263001",,,4.0,263001,,Cottage,yes,,,,,https://hotelzz.in/property.html?id=aria-pines-nainital-in05148
whispering-pines-nainital-in05149,Whispering Pines Nainital,Nainital,nainital,"15, Tallital, Mall Road, Nainital, Uttarakhand 263001",,,4.6,263001,,Cottage,yes,,,,,https://hotelzz.in/property.html?id=whispering-pines-nainital-in05149
the-orchid-cabin-nainital-in05150,The Orchid Cabin Nainital,Nainital,nainital,"201, Bhowali Rd, near Naini Lake, Nainital, Uttarakhand 263002",,,4.1,263002,,Cottage,yes,,,,,https://hotelzz.in/property.html?id=the-orchid-cabin-nainital-in05150
himalayan-serene-nainital-in05151,Himalayan Serene Nainital,Nainital,nainital,"48, Mall Rd, near Naini Lake, Nainital, Uttarakhand 263001",,,4.6,263001,,Cottage,yes,,,,,https://hotelzz.in/property.html?id=himalayan-serene-nainital-in05151
maple-cottage-nainital-in05152,Maple Cottage Nainital,Nainital,nainital,"286, Snow View, Snow View, Nainital, Uttarakhand 263001",,,4.2,263001,,Cottage,yes,,,,,https://hotelzz.in/property.html?id=maple-cottage-nainital-in05152
pearl-view-resort-nainital-in05153,Pearl View Resort Nainital,Nainital,nainital,"447, Snow View, near Naini Lake, Nainital, Uttarakhand 263002",,,4.2,263002,,Cottage,yes,,,,,https://hotelzz.in/property.html?id=pearl-view-resort-nainital-in05153
alpine-pines-nainital-in05154,Alpine Pines Nainital,Nainital,nainital,"490, Snow View, Snow View, Nainital, Uttarakhand 263002",,,4.6,263002,,Cottage,yes,,,,,https://hotelzz.in/property.html?id=alpine-pines-nainital-in05154
aspen-view-resort-nainital-in05155,Aspen View Resort Nainital,Nainital,nainital,"343, Kilbury, near Naini Lake, Nainital, Uttarakhand 263001",,,4.5,263001,,Cottage,yes,,,,,https://hotelzz.in/property.html?id=aspen-view-resort-nainital-in05155
aspen-pines-nainital-in05156,Aspen Pines Nainital,Nainital,nainital,"13, Bhowali Rd, near Naini Lake, Nainital, Uttarakhand 263001",,,4.2,263001,,Cottage,yes,,,,,https://hotelzz.in/property.html?id=aspen-pines-nainital-in05156
himalayan-aurora-nainital-in05157,Himalayan Aurora Nainital,Nainital,nainital,"525, Sukhatal, near Naini Lake, Nainital, Uttarakhand 263002",,,4.5,263002,,Cottage,yes,,,,,https://hotelzz.in/property.html?id=himalayan-aurora-nainital-in05157
the-sapphire-cabin-nainital-in05158,The Sapphire Cabin Nainital,Nainital,nainital,"551, Mall Rd, Snow View, Nainital, Uttarakhand 263002",,,4.4,263002,,Cottage,yes,,,,,https://hotelzz.in/property.html?id=the-sapphire-cabin-nainital-in05158
aspen-valley-stay-nainital-in05159,Aspen Valley Stay Nainital,Nainital,nainital,"547, Mallital, Mallital, Nainital, Uttarakhand 263001",,,4.8,263001,,Cottage,yes,,,,,https://hotelzz.in/property.html?id=aspen-valley-stay-nainital-in05159
himalayan-crystal-nainital-in05160,Himalayan Crystal Nainital,Nainital,nainital,"279, Bhowali Rd, Tallital, Nainital, Uttarakhand 263002",,,4.7,263002,,Cottage,yes,,,,,https://hotelzz.in/property.html?id=himalayan-crystal-nainital-in05160
hotel-wooden-nainital-in05161,Hotel Wooden Nainital,Nainital,nainital,"91, Bhowali Rd, Mallital, Nainital, Uttarakhand 263002",,,4.0,263002,,Cottage,yes,,,,,https://hotelzz.in/property.html?id=hotel-wooden-nainital-in05161
himalayan-misty-nainital-in05162,Himalayan Misty Nainital,Nainital,nainital,"524, Mallital, Mall Road, Nainital, Uttarakhand 263002",,,4.3,263002,,Cottage,yes,,,,,https://hotelzz.in/property.html?id=himalayan-misty-nainital-in05162
ocean-valley-stay-nainital-in05163,Ocean Valley Stay Nainital,Nainital,nainital,"165, Sukhatal, Mall Road, Nainital, Uttarakhand 263002",,,4.6,263002,,Cottage,yes,,,,,https://hotelzz.in/property.html?id=ocean-valley-stay-nainital-in05163
tranquil-valley-stay-nainital-in05164,Tranquil Valley Stay Nainital,Nainital,nainital,"560, Snow View, Mallital, Nainital, Uttarakhand 263002",,,4.4,263002,,Cottage,yes,,,,,https://hotelzz.in/property.html?id=tranquil-valley-stay-nainital-in05164
casa-pines-nainital-in05165,Casa Pines Nainital,Nainital,nainital,"435, Snow View, Snow View, Nainital, Uttarakhand 263001",,,4.7,263001,,Cottage,yes,,,,,https://hotelzz.in/property.html?id=casa-pines-nainital-in05165
pearl-valley-stay-nainital-in05166,Pearl Valley Stay Nainital,Nainital,nainital,"560, Mallital, near Naini Lake, Nainital, Uttarakhand 263001",,,4.3,263001,,Cottage,yes,,,,,https://hotelzz.in/property.html?id=pearl-valley-stay-nainital-in05166
the-whispering-cabin-nainital-in05167,The Whispering Cabin Nainital,Nainital,nainital,"444, Snow View, Snow View, Nainital, Uttarakhand 263002",,,4.4,263002,,Cottage,yes,,,,,https://hotelzz.in/property.html?id=the-whispering-cabin-nainital-in05167
azure-cottage-nainital-in05168,Azure Cottage Nainital,Nainital,nainital,"138, Bhowali Rd, Snow View, Nainital, Uttarakhand 263001",,,4.2,263001,,Cottage,yes,,,,,https://hotelzz.in/property.html?id=azure-cottage-nainital-in05168
the-emerald-cabin-nainital-in05169,The Emerald Cabin Nainital,Nainital,nainital,"85, Sukhatal, Snow View, Nainital, Uttarakhand 263001",,,4.2,263001,,Cottage,yes,,,,,https://hotelzz.in/property.html?id=the-emerald-cabin-nainital-in05169
the-vintage-cabin-nainital-in05170,The Vintage Cabin Nainital,Nainital,nainital,"299, Tallital, near Naini Lake, Nainital, Uttarakhand 263001",,,4.2,263001,,Cottage,yes,,,,,https://hotelzz.in/property.html?id=the-vintage-cabin-nainital-in05170
sapphire-view-resort-nainital-in05171,Sapphire View Resort Nainital,Nainital,nainital,"429, Mall Rd, Mallital, Nainital, Uttarakhand 263002",,,4.4,263002,,Cottage,yes,,,,,https://hotelzz.in/property.html?id=sapphire-view-resort-nainital-in05171
himalayan-marigold-nainital-in05172,Himalayan Marigold Nainital,Nainital,nainital,"380, Bhowali Rd, Snow View, Nainital, Uttarakhand 263002",,,4.1,263002,,Cottage,yes,,,,,https://hotelzz.in/property.html?id=himalayan-marigold-nainital-in05172
hotel-marigold-nainital-in05173,Hotel Marigold Nainital,Nainital,nainital,"468, Kilbury, Mall Road, Nainital, Uttarakhand 263002",,,4.6,263002,,Cottage,yes,,,,,https://hotelzz.in/property.html?id=hotel-marigold-nainital-in05173
hotel-cosy-nainital-in05174,Hotel Cosy Nainital,Nainital,nainital,"106, Snow View, Mall Road, Nainital, Uttarakhand 263001",,,4.3,263001,,Cottage,yes,,,,,https://hotelzz.in/property.html?id=hotel-cosy-nainital-in05174
aspen-cottage-nainital-in05175,Aspen Cottage Nainital,Nainital,nainital,"136, Mall Rd, Snow View, Nainital, Uttarakhand 263002",,,4.5,263002,,Cottage,yes,,,,,https://hotelzz.in/property.html?id=aspen-cottage-nainital-in05175
indigo-view-resort-nainital-in05176,Indigo View Resort Nainital,Nainital,nainital,"501, Mall Rd, Snow View, Nainital, Uttarakhand 263001",,,4.8,263001,,Cottage,yes,,,,,https://hotelzz.in/property.html?id=indigo-view-resort-nainital-in05176
himalayan-sapphire-nainital-in05177,Himalayan Sapphire Nainital,Nainital,nainital,"183, Mall Rd, Snow View, Nainital, Uttarakhand 263002",,,4.8,263002,,Cottage,yes,,,,,https://hotelzz.in/property.html?id=himalayan-sapphire-nainital-in05177
crown-cottage-nainital-in05178,Crown Cottage Nainital,Nainital,nainital,"116, Mallital, near Naini Lake, Nainital, Uttarakhand 263002",,,4.1,263002,,Cottage,yes,,,,,https://hotelzz.in/property.html?id=crown-cottage-nainital-in05178
alpine-cottage-nainital-in05179,Alpine Cottage Nainital,Nainital,nainital,"465, Snow View, near Naini Lake, Nainital, Uttarakhand 263002",,,4.6,263002,,Cottage,yes,,,,,https://hotelzz.in/property.html?id=alpine-cottage-nainital-in05179
aurora-valley-stay-nainital-in05180,Aurora Valley Stay Nainital,Nainital,nainital,"547, Snow View, Tallital, Nainital, Uttarakhand 263002",,,4.9,263002,,Cottage,yes,,,,,https://hotelzz.in/property.html?id=aurora-valley-stay-nainital-in05180
the-sunrise-cabin-nainital-in05181,The Sunrise Cabin Nainital,Nainital,nainital,"110, Mall Rd, near Naini Lake, Nainital, Uttarakhand 263002",,,4.6,263002,,Cottage,yes,,,,,https://hotelzz.in/property.html?id=the-sunrise-cabin-nainital-in05181
hotel-sapphire-nainital-in05182,Hotel Sapphire Nainital,Nainital,nainital,"465, Bhowali Rd, Snow View, Nainital, Uttarakhand 263001",,,4.6,263001,,Cottage,yes,,,,,https://hotelzz.in/property.html?id=hotel-sapphire-nainital-in05182
imperial-hideaway-nainital-in05183,Imperial Hideaway Nainital,Nainital,nainital,"234, Mallital, Tallital, Nainital, Uttarakhand 263001",,,4.1,263001,,Cottage,yes,,,,,https://hotelzz.in/property.html?id=imperial-hideaway-nainital-in05183
wooden-view-resort-nainital-in05184,Wooden View Resort Nainital,Nainital,nainital,"341, Bhowali Rd, Snow View, Nainital, Uttarakhand 263001",,,4.4,263001,,Cottage,yes,,,,,https://hotelzz.in/property.html?id=wooden-view-resort-nainital-in05184
imperial-view-resort-nainital-in05185,Imperial View Resort Nainital,Nainital,nainital,"32, Snow View, Mall Road, Nainital, Uttarakhand 263002",,,4.7,263002,,Cottage,yes,,,,,https://hotelzz.in/property.html?id=imperial-view-resort-nainital-in05185
vintage-view-resort-nainital-in05186,Vintage View Resort Nainital,Nainital,nainital,"456, Bhowali Rd, Mall Road, Nainital, Uttarakhand 263002",,,4.4,263002,,Cottage,yes,,,,,https://hotelzz.in/property.html?id=vintage-view-resort-nainital-in05186
emerald-hideaway-nainital-in05187,Emerald Hideaway Nainital,Nainital,nainital,"236, Mallital, Mallital, Nainital, Uttarakhand 263002",,,4.1,263002,,Cottage,yes,,,,,https://hotelzz.in/property.html?id=emerald-hideaway-nainital-in05187
saffron-hideaway-nainital-in05188,Saffron Hideaway Nainital,Nainital,nainital,"409, Mall Rd, Mall Road, Nainital, Uttarakhand 263001",,,4.8,263001,,Cottage,yes,,,,,https://hotelzz.in/property.html?id=saffron-hideaway-nainital-in05188
marigold-pines-nainital-in05189,Marigold Pines Nainital,Nainital,nainital,"183, Snow View, near Naini Lake, Nainital, Uttarakhand 263002",,,4.2,263002,,Cottage,yes,,,,,https://hotelzz.in/property.html?id=marigold-pines-nainital-in05189
cosy-view-resort-nainital-in05190,Cosy View Resort Nainital,Nainital,nainital,"274, Mall Rd, Snow View, Nainital, Uttarakhand 263002",,,4.3,263002,,Cottage,yes,,,,,https://hotelzz.in/property.html?id=cosy-view-resort-nainital-in05190
royal-cottage-nainital-in05191,Royal Cottage Nainital,Nainital,nainital,"455, Bhowali Rd, Mall Road, Nainital, Uttarakhand 263001",,,4.7,263001,,Cottage,yes,,,,,https://hotelzz.in/property.html?id=royal-cottage-nainital-in05191
himalayan-orchid-nainital-in05192,Himalayan Orchid Nainital,Nainital,nainital,"106, Kilbury, near Naini Lake, Nainital, Uttarakhand 263002",,,4.1,263002,,Cottage,yes,,,,,https://hotelzz.in/property.html?id=himalayan-orchid-nainital-in05192
pearl-cottage-nainital-in05193,Pearl Cottage Nainital,Nainital,nainital,"370, Kilbury, Mallital, Nainital, Uttarakhand 263001",,,4.1,263001,,Cottage,yes,,,,,https://hotelzz.in/property.html?id=pearl-cottage-nainital-in05193
the-maple-cabin-nainital-in05194,The Maple Cabin Nainital,Nainital,nainital,"503, Kilbury, Mallital, Nainital, Uttarakhand 263002",,,4.7,263002,,Cottage,yes,,,,,https://hotelzz.in/property.html?id=the-maple-cabin-nainital-in05194
velvet-view-resort-nainital-in05195,Velvet View Resort Nainital,Nainital,nainital,"511, Sukhatal, near Naini Lake, Nainital, Uttarakhand 263001",,,4.6,263001,,Cottage,yes,,,,,https://hotelzz.in/property.html?id=velvet-view-resort-nainital-in05195
hotel-sunrise-nainital-in05196,Hotel Sunrise Nainital,Nainital,nainital,"183, Mallital, near Naini Lake, Nainital, Uttarakhand 263002",,,4.4,263002,,Cottage,yes,,,,,https://hotelzz.in/property.html?id=hotel-sunrise-nainital-in05196
hotel-crown-nainital-in05197,Hotel Crown Nainital,Nainital,nainital,"94, Snow View, near Naini Lake, Nainital, Uttarakhand 263001",,,4.8,263001,,Cottage,yes,,,,,https://hotelzz.in/property.html?id=hotel-crown-nainital-in05197
sunrise-cottage-nainital-in05198,Sunrise Cottage Nainital,Nainital,nainital,"503, Tallital, near Naini Lake, Nainital, Uttarakhand 263002",,,4.6,263002,,Cottage,yes,,,,,https://hotelzz.in/property.html?id=sunrise-cottage-nainital-in05198
silver-pines-nainital-in05199,Silver Pines Nainital,Nainital,nainital,"415, Tallital, Tallital, Nainital, Uttarakhand 263002",,,4.7,263002,,Cottage,yes,,,,,https://hotelzz.in/property.html?id=silver-pines-nainital-in05199
hotel-highland-nainital-in05200,Hotel Highland Nainital,Nainital,nainital,"293, Mall Rd, Mallital, Nainital, Uttarakhand 263002",,,4.6,263002,,Cottage,yes,,,,,https://hotelzz.in/property.html?id=hotel-highland-nainital-in05200
crystal-heritage-inn-pondicherry-in05201,Crystal Heritage Inn Pondicherry,Pondicherry,pondicherry,"519, French Quarter, Auroville Road, Pondicherry, Puducherry 605001",,,4.1,605001,,Hotel,yes,,,,,https://hotelzz.in/property.html?id=crystal-heritage-inn-pondicherry-in05201
crown-pondicherry-heritage-in05202,Crown Pondicherry Heritage,Pondicherry,pondicherry,"299, Mission St, Mission Street, Pondicherry, Puducherry 605008",,,4.6,605008,,Hotel,yes,,,,,https://hotelzz.in/property.html?id=crown-pondicherry-heritage-in05202
marigold-manor-pondicherry-in05203,Marigold Manor Pondicherry,Pondicherry,pondicherry,"170, Rue Romain Rolland, near Promenade Beach, Pondicherry, Puducherry 605001",,,4.9,605001,,Hotel,yes,,,,,https://hotelzz.in/property.html?id=marigold-manor-pondicherry-in05203
royal-pondicherry-suites-in05204,Royal Pondicherry Suites,Pondicherry,pondicherry,"589, Auroville Rd, near Promenade Beach, Pondicherry, Puducherry 605002",,,4.4,605002,,Hotel,yes,,,,,https://hotelzz.in/property.html?id=royal-pondicherry-suites-in05204
silver-manor-pondicherry-in05205,Silver Manor Pondicherry,Pondicherry,pondicherry,"299, Auroville Rd, Auroville Road, Pondicherry, Puducherry 605001",,,4.3,605001,,Hotel,yes,,,,,https://hotelzz.in/property.html?id=silver-manor-pondicherry-in05205
heritage-house-pondicherry-in05206,Heritage House Pondicherry,Pondicherry,pondicherry,"214, Auroville Rd, Auroville Road, Pondicherry, Puducherry 605001",,,4.3,605001,,Hotel,yes,,,,,https://hotelzz.in/property.html?id=heritage-house-pondicherry-in05206
misty-manor-pondicherry-in05207,Misty Manor Pondicherry,Pondicherry,pondicherry,"57, Auroville Rd, near Promenade Beach, Pondicherry, Puducherry 605001",,,4.3,605001,,Hotel,yes,,,,,https://hotelzz.in/property.html?id=misty-manor-pondicherry-in05207
indigo-manor-pondicherry-in05208,Indigo Manor Pondicherry,Pondicherry,pondicherry,"281, Mission St, Auroville Road, Pondicherry, Puducherry 605001",,,4.2,605001,,Hotel,yes,,,,,https://hotelzz.in/property.html?id=indigo-manor-pondicherry-in05208
tranquil-haveli-pondicherry-in05209,Tranquil Haveli Pondicherry,Pondicherry,pondicherry,"389, Heritage Town, Auroville Road, Pondicherry, Puducherry 605001",,,4.2,605001,,Hotel,yes,,,,,https://hotelzz.in/property.html?id=tranquil-haveli-pondicherry-in05209
the-old-town-pondicherry-in05210,The Old Town Pondicherry,Pondicherry,pondicherry,"197, Auroville Rd, near Promenade Beach, Pondicherry, Puducherry 605008",,,4.1,605008,,Hotel,yes,,,,,https://hotelzz.in/property.html?id=the-old-town-pondicherry-in05210
the-cosy-mansion-pondicherry-in05211,The Cosy Mansion Pondicherry,Pondicherry,pondicherry,"30, French Quarter, French Quarter, Pondicherry, Puducherry 605008",,,4.7,605008,,Hotel,yes,,,,,https://hotelzz.in/property.html?id=the-cosy-mansion-pondicherry-in05211
hotel-pondicherry-royal-in05212,Hotel Pondicherry Royal,Pondicherry,pondicherry,"118, Goubert Avenue, French Quarter, Pondicherry, Puducherry 605003",,,4.8,605003,,Hotel,yes,,,,,https://hotelzz.in/property.html?id=hotel-pondicherry-royal-in05212
the-maharajas-azure-pondicherry-in05213,The Maharaja's Azure Pondicherry,Pondicherry,pondicherry,"526, French Quarter, White Town, Pondicherry, Puducherry 605008",,,4.4,605008,,Hotel,yes,,,,,https://hotelzz.in/property.html?id=the-maharajas-azure-pondicherry-in05213
aspen-niwas-boutique-pondicherry-in05214,Aspen Niwas Boutique Pondicherry,Pondicherry,pondicherry,"222, Goubert Avenue, Auroville Road, Pondicherry, Puducherry 605001",,,4.8,605001,,Hotel,yes,,,,,https://hotelzz.in/property.html?id=aspen-niwas-boutique-pondicherry-in05214
hotel-wooden-palace-pondicherry-in05215,Hotel Wooden Palace Pondicherry,Pondicherry,pondicherry,"284, Mission St, French Quarter, Pondicherry, Puducherry 605001",,,4.2,605001,,Hotel,yes,,,,,https://hotelzz.in/property.html?id=hotel-wooden-palace-pondicherry-in05215
hotel-pondicherry-imperial-in05216,Hotel Pondicherry Imperial,Pondicherry,pondicherry,"124, Goubert Avenue, Auroville Road, Pondicherry, Puducherry 605002",,,4.3,605002,,Hotel,yes,,,,,https://hotelzz.in/property.html?id=hotel-pondicherry-imperial-in05216
the-tranquil-mansion-pondicherry-in05217,The Tranquil Mansion Pondicherry,Pondicherry,pondicherry,"205, Goubert Avenue, Mission Street, Pondicherry, Puducherry 605001",,,4.9,605001,,Hotel,yes,,,,,https://hotelzz.in/property.html?id=the-tranquil-mansion-pondicherry-in05217
hotel-silver-palace-pondicherry-in05218,Hotel Silver Palace Pondicherry,Pondicherry,pondicherry,"231, French Quarter, Mission Street, Pondicherry, Puducherry 605002",,,4.4,605002,,Hotel,yes,,,,,https://hotelzz.in/property.html?id=hotel-silver-palace-pondicherry-in05218
saffron-manor-pondicherry-in05219,Saffron Manor Pondicherry,Pondicherry,pondicherry,"178, Rue Romain Rolland, French Quarter, Pondicherry, Puducherry 605003",,,4.3,605003,,Hotel,yes,,,,,https://hotelzz.in/property.html?id=saffron-manor-pondicherry-in05219
pondicherry-heritage-stay-in05220,Pondicherry Heritage Stay,Pondicherry,pondicherry,"61, French Quarter, near Promenade Beach, Pondicherry, Puducherry 605003",,,4.1,605003,,Hotel,yes,,,,,https://hotelzz.in/property.html?id=pondicherry-heritage-stay-in05220
pondicherry-vintage-hotel-in05221,Pondicherry Vintage Hotel,Pondicherry,pondicherry,"318, Auroville Rd, French Quarter, Pondicherry, Puducherry 605001",,,4.6,605001,,Hotel,yes,,,,,https://hotelzz.in/property.html?id=pondicherry-vintage-hotel-in05221
aria-manor-pondicherry-in05222,Aria Manor Pondicherry,Pondicherry,pondicherry,"179, French Quarter, Auroville Road, Pondicherry, Puducherry 605003",,,4.7,605003,,Hotel,yes,,,,,https://hotelzz.in/property.html?id=aria-manor-pondicherry-in05222
tranquil-manor-pondicherry-in05223,Tranquil Manor Pondicherry,Pondicherry,pondicherry,"303, Auroville Rd, Auroville Road, Pondicherry, Puducherry 605008",,,4.1,605008,,Hotel,yes,,,,,https://hotelzz.in/property.html?id=tranquil-manor-pondicherry-in05223
serene-manor-pondicherry-in05224,Serene Manor Pondicherry,Pondicherry,pondicherry,"416, Goubert Avenue, Auroville Road, Pondicherry, Puducherry 605002",,,4.7,605002,,Hotel,yes,,,,,https://hotelzz.in/property.html?id=serene-manor-pondicherry-in05224
hotel-highland-palace-pondicherry-in05225,Hotel Highland Palace Pondicherry,Pondicherry,pondicherry,"576, Rue Romain Rolland, White Town, Pondicherry, Puducherry 605001",,,4.7,605001,,Hotel,yes,,,,,https://hotelzz.in/property.html?id=hotel-highland-palace-pondicherry-in05225
the-maharajas-vintage-pondicherry-in05226,The Maharaja's Vintage Pondicherry,Pondicherry,pondicherry,"589, Heritage Town, Mission Street, Pondicherry, Puducherry 605002",,,4.8,605002,,Hotel,yes,,,,,https://hotelzz.in/property.html?id=the-maharajas-vintage-pondicherry-in05226
highland-haveli-pondicherry-in05227,Highland Haveli Pondicherry,Pondicherry,pondicherry,"164, Goubert Avenue, French Quarter, Pondicherry, Puducherry 605002",,,4.1,605002,,Hotel,yes,,,,,https://hotelzz.in/property.html?id=highland-haveli-pondicherry-in05227
ocean-heritage-inn-pondicherry-in05228,Ocean Heritage Inn Pondicherry,Pondicherry,pondicherry,"389, White Town, White Town, Pondicherry, Puducherry 605003",,,4.4,605003,,Hotel,yes,,,,,https://hotelzz.in/property.html?id=ocean-heritage-inn-pondicherry-in05228
the-whispering-mansion-pondicherry-in05229,The Whispering Mansion Pondicherry,Pondicherry,pondicherry,"554, Rue Romain Rolland, French Quarter, Pondicherry, Puducherry 605002",,,4.2,605002,,Hotel,yes,,,,,https://hotelzz.in/property.html?id=the-whispering-mansion-pondicherry-in05229
vintage-haveli-pondicherry-in05230,Vintage Haveli Pondicherry,Pondicherry,pondicherry,"528, White Town, Auroville Road, Pondicherry, Puducherry 605003",,,4.1,605003,,Hotel,yes,,,,,https://hotelzz.in/property.html?id=vintage-haveli-pondicherry-in05230
the-maharajas-velvet-pondicherry-in05231,The Maharaja's Velvet Pondicherry,Pondicherry,pondicherry,"34, Auroville Rd, Auroville Road, Pondicherry, Puducherry 605003",,,4.7,605003,,Hotel,yes,,,,,https://hotelzz.in/property.html?id=the-maharajas-velvet-pondicherry-in05231
the-imperial-mansion-pondicherry-in05232,The Imperial Mansion Pondicherry,Pondicherry,pondicherry,"262, Auroville Rd, French Quarter, Pondicherry, Puducherry 605008",,,4.0,605008,,Hotel,yes,,,,,https://hotelzz.in/property.html?id=the-imperial-mansion-pondicherry-in05232
ocean-haveli-pondicherry-in05233,Ocean Haveli Pondicherry,Pondicherry,pondicherry,"395, French Quarter, Mission Street, Pondicherry, Puducherry 605003",,,4.4,605003,,Hotel,yes,,,,,https://hotelzz.in/property.html?id=ocean-haveli-pondicherry-in05233
the-highland-mansion-pondicherry-in05234,The Highland Mansion Pondicherry,Pondicherry,pondicherry,"498, French Quarter, Mission Street, Pondicherry, Puducherry 605001",,,4.2,605001,,Hotel,yes,,,,,https://hotelzz.in/property.html?id=the-highland-mansion-pondicherry-in05234
silver-heritage-inn-pondicherry-in05235,Silver Heritage Inn Pondicherry,Pondicherry,pondicherry,"405, Heritage Town, White Town, Pondicherry, Puducherry 605001",,,4.1,605001,,Hotel,yes,,,,,https://hotelzz.in/property.html?id=silver-heritage-inn-pondicherry-in05235
sapphire-heritage-inn-pondicherry-in05236,Sapphire Heritage Inn Pondicherry,Pondicherry,pondicherry,"112, Auroville Rd, Auroville Road, Pondicherry, Puducherry 605003",,,4.1,605003,,Hotel,yes,,,,,https://hotelzz.in/property.html?id=sapphire-heritage-inn-pondicherry-in05236
crown-heritage-inn-pondicherry-in05237,Crown Heritage Inn Pondicherry,Pondicherry,pondicherry,"560, Heritage Town, Auroville Road, Pondicherry, Puducherry 605001",,,4.1,605001,,Hotel,yes,,,,,https://hotelzz.in/property.html?id=crown-heritage-inn-pondicherry-in05237
hotel-pearl-palace-pondicherry-in05238,Hotel Pearl Palace Pondicherry,Pondicherry,pondicherry,"262, Goubert Avenue, Mission Street, Pondicherry, Puducherry 605003",,,4.7,605003,,Hotel,yes,,,,,https://hotelzz.in/property.html?id=hotel-pearl-palace-pondicherry-in05238
sunrise-heritage-inn-pondicherry-in05239,Sunrise Heritage Inn Pondicherry,Pondicherry,pondicherry,"533, French Quarter, French Quarter, Pondicherry, Puducherry 605003",,,4.8,605003,,Hotel,yes,,,,,https://hotelzz.in/property.html?id=sunrise-heritage-inn-pondicherry-in05239
sunrise-haveli-pondicherry-in05240,Sunrise Haveli Pondicherry,Pondicherry,pondicherry,"316, Heritage Town, French Quarter, Pondicherry, Puducherry 605003",,,4.6,605003,,Hotel,yes,,,,,https://hotelzz.in/property.html?id=sunrise-haveli-pondicherry-in05240
highland-niwas-boutique-pondicherry-in05241,Highland Niwas Boutique Pondicherry,Pondicherry,pondicherry,"72, Rue Romain Rolland, Auroville Road, Pondicherry, Puducherry 605008",,,4.1,605008,,Hotel,yes,,,,,https://hotelzz.in/property.html?id=highland-niwas-boutique-pondicherry-in05241
maple-niwas-boutique-pondicherry-in05242,Maple Niwas Boutique Pondicherry,Pondicherry,pondicherry,"470, Heritage Town, Mission Street, Pondicherry, Puducherry 605002",,,4.8,605002,,Hotel,yes,,,,,https://hotelzz.in/property.html?id=maple-niwas-boutique-pondicherry-in05242
royal-niwas-boutique-pondicherry-in05243,Royal Niwas Boutique Pondicherry,Pondicherry,pondicherry,"351, Auroville Rd, White Town, Pondicherry, Puducherry 605001",,,4.4,605001,,Hotel,yes,,,,,https://hotelzz.in/property.html?id=royal-niwas-boutique-pondicherry-in05243
alpine-heritage-inn-pondicherry-in05244,Alpine Heritage Inn Pondicherry,Pondicherry,pondicherry,"258, Auroville Rd, near Promenade Beach, Pondicherry, Puducherry 605001",,,4.8,605001,,Hotel,yes,,,,,https://hotelzz.in/property.html?id=alpine-heritage-inn-pondicherry-in05244
highland-heritage-inn-pondicherry-in05245,Highland Heritage Inn Pondicherry,Pondicherry,pondicherry,"514, French Quarter, White Town, Pondicherry, Puducherry 605003",,,4.7,605003,,Hotel,yes,,,,,https://hotelzz.in/property.html?id=highland-heritage-inn-pondicherry-in05245
the-indigo-mansion-pondicherry-in05246,The Indigo Mansion Pondicherry,Pondicherry,pondicherry,"222, Heritage Town, Mission Street, Pondicherry, Puducherry 605001",,,4.3,605001,,Hotel,yes,,,,,https://hotelzz.in/property.html?id=the-indigo-mansion-pondicherry-in05246
ocean-niwas-boutique-pondicherry-in05247,Ocean Niwas Boutique Pondicherry,Pondicherry,pondicherry,"397, Rue Romain Rolland, Mission Street, Pondicherry, Puducherry 605001",,,4.8,605001,,Hotel,yes,,,,,https://hotelzz.in/property.html?id=ocean-niwas-boutique-pondicherry-in05247
hotel-ocean-palace-pondicherry-in05248,Hotel Ocean Palace Pondicherry,Pondicherry,pondicherry,"251, Goubert Avenue, White Town, Pondicherry, Puducherry 605008",,,4.3,605008,,Hotel,yes,,,,,https://hotelzz.in/property.html?id=hotel-ocean-palace-pondicherry-in05248
crystal-manor-pondicherry-in05249,Crystal Manor Pondicherry,Pondicherry,pondicherry,"591, Auroville Rd, Auroville Road, Pondicherry, Puducherry 605003",,,4.6,605003,,Hotel,yes,,,,,https://hotelzz.in/property.html?id=crystal-manor-pondicherry-in05249
indigo-haveli-pondicherry-in05250,Indigo Haveli Pondicherry,Pondicherry,pondicherry,"575, Mission St, French Quarter, Pondicherry, Puducherry 605008",,,4.7,605008,,Hotel,yes,,,,,https://hotelzz.in/property.html?id=indigo-haveli-pondicherry-in05250
the-regal-mansion-pondicherry-in05251,The Regal Mansion Pondicherry,Pondicherry,pondicherry,"353, Auroville Rd, French Quarter, Pondicherry, Puducherry 605003",,,4.0,605003,,Hotel,yes,,,,,https://hotelzz.in/property.html?id=the-regal-mansion-pondicherry-in05251
ocean-manor-pondicherry-in05252,Ocean Manor Pondicherry,Pondicherry,pondicherry,"134, Auroville Rd, French Quarter, Pondicherry, Puducherry 605003",,,4.1,605003,,Hotel,yes,,,,,https://hotelzz.in/property.html?id=ocean-manor-pondicherry-in05252
the-marigold-mansion-pondicherry-in05253,The Marigold Mansion Pondicherry,Pondicherry,pondicherry,"274, Rue Romain Rolland, Mission Street, Pondicherry, Puducherry 605003",,,4.1,605003,,Hotel,yes,,,,,https://hotelzz.in/property.html?id=the-marigold-mansion-pondicherry-in05253
hotel-marigold-palace-pondicherry-in05254,Hotel Marigold Palace Pondicherry,Pondicherry,pondicherry,"104, White Town, French Quarter, Pondicherry, Puducherry 605002",,,4.0,605002,,Hotel,yes,,,,,https://hotelzz.in/property.html?id=hotel-marigold-palace-pondicherry-in05254
hotel-maple-palace-pondicherry-in05255,Hotel Maple Palace Pondicherry,Pondicherry,pondicherry,"98, White Town, Mission Street, Pondicherry, Puducherry 605002",,,4.8,605002,,Hotel,yes,,,,,https://hotelzz.in/property.html?id=hotel-maple-palace-pondicherry-in05255
heritage-niwas-boutique-pondicherry-in05256,Heritage Niwas Boutique Pondicherry,Pondicherry,pondicherry,"132, Mission St, near Promenade Beach, Pondicherry, Puducherry 605002",,,4.3,605002,,Hotel,yes,,,,,https://hotelzz.in/property.html?id=heritage-niwas-boutique-pondicherry-in05256
velvet-niwas-boutique-pondicherry-in05257,Velvet Niwas Boutique Pondicherry,Pondicherry,pondicherry,"40, Goubert Avenue, near Promenade Beach, Pondicherry, Puducherry 605008",,,4.4,605008,,Hotel,yes,,,,,https://hotelzz.in/property.html?id=velvet-niwas-boutique-pondicherry-in05257
the-maharajas-serene-pondicherry-in05258,The Maharaja's Serene Pondicherry,Pondicherry,pondicherry,"203, White Town, near Promenade Beach, Pondicherry, Puducherry 605001",,,4.1,605001,,Hotel,yes,,,,,https://hotelzz.in/property.html?id=the-maharajas-serene-pondicherry-in05258
silver-haveli-pondicherry-in05259,Silver Haveli Pondicherry,Pondicherry,pondicherry,"174, Auroville Rd, French Quarter, Pondicherry, Puducherry 605008",,,4.8,605008,,Hotel,yes,,,,,https://hotelzz.in/property.html?id=silver-haveli-pondicherry-in05259
royal-manor-pondicherry-in05260,Royal Manor Pondicherry,Pondicherry,pondicherry,"444, Mission St, Auroville Road, Pondicherry, Puducherry 605003",,,4.9,605003,,Hotel,yes,,,,,https://hotelzz.in/property.html?id=royal-manor-pondicherry-in05260
the-maharajas-pearl-pondicherry-in05261,The Maharaja's Pearl Pondicherry,Pondicherry,pondicherry,"148, White Town, Auroville Road, Pondicherry, Puducherry 605008",,,4.0,605008,,Hotel,yes,,,,,https://hotelzz.in/property.html?id=the-maharajas-pearl-pondicherry-in05261
the-maharajas-marigold-pondicherry-in05262,The Maharaja's Marigold Pondicherry,Pondicherry,pondicherry,"192, French Quarter, French Quarter, Pondicherry, Puducherry 605003",,,4.0,605003,,Hotel,yes,,,,,https://hotelzz.in/property.html?id=the-maharajas-marigold-pondicherry-in05262
the-maharajas-casa-pondicherry-in05263,The Maharaja's Casa Pondicherry,Pondicherry,pondicherry,"238, Heritage Town, White Town, Pondicherry, Puducherry 605002",,,4.0,605002,,Hotel,yes,,,,,https://hotelzz.in/property.html?id=the-maharajas-casa-pondicherry-in05263
the-aspen-mansion-pondicherry-in05264,The Aspen Mansion Pondicherry,Pondicherry,pondicherry,"578, French Quarter, near Promenade Beach, Pondicherry, Puducherry 605008",,,4.6,605008,,Hotel,yes,,,,,https://hotelzz.in/property.html?id=the-aspen-mansion-pondicherry-in05264
heritage-heritage-inn-pondicherry-in05265,Heritage Heritage Inn Pondicherry,Pondicherry,pondicherry,"254, Heritage Town, White Town, Pondicherry, Puducherry 605002",,,4.1,605002,,Hotel,yes,,,,,https://hotelzz.in/property.html?id=heritage-heritage-inn-pondicherry-in05265
sapphire-haveli-pondicherry-in05266,Sapphire Haveli Pondicherry,Pondicherry,pondicherry,"572, Goubert Avenue, near Promenade Beach, Pondicherry, Puducherry 605008",,,4.5,605008,,Hotel,yes,,,,,https://hotelzz.in/property.html?id=sapphire-haveli-pondicherry-in05266
indigo-heritage-inn-pondicherry-in05267,Indigo Heritage Inn Pondicherry,Pondicherry,pondicherry,"574, Rue Romain Rolland, Mission Street, Pondicherry, Puducherry 605008",,,4.3,605008,,Hotel,yes,,,,,https://hotelzz.in/property.html?id=indigo-heritage-inn-pondicherry-in05267
whispering-manor-pondicherry-in05268,Whispering Manor Pondicherry,Pondicherry,pondicherry,"175, White Town, White Town, Pondicherry, Puducherry 605003",,,4.9,605003,,Hotel,yes,,,,,https://hotelzz.in/property.html?id=whispering-manor-pondicherry-in05268
the-maharajas-misty-pondicherry-in05269,The Maharaja's Misty Pondicherry,Pondicherry,pondicherry,"154, Mission St, French Quarter, Pondicherry, Puducherry 605003",,,4.4,605003,,Hotel,yes,,,,,https://hotelzz.in/property.html?id=the-maharajas-misty-pondicherry-in05269
the-maharajas-aria-pondicherry-in05270,The Maharaja's Aria Pondicherry,Pondicherry,pondicherry,"584, Heritage Town, French Quarter, Pondicherry, Puducherry 605008",,,4.8,605008,,Hotel,yes,,,,,https://hotelzz.in/property.html?id=the-maharajas-aria-pondicherry-in05270
hotel-saffron-palace-pondicherry-in05271,Hotel Saffron Palace Pondicherry,Pondicherry,pondicherry,"354, Auroville Rd, Mission Street, Pondicherry, Puducherry 605008",,,4.4,605008,,Hotel,yes,,,,,https://hotelzz.in/property.html?id=hotel-saffron-palace-pondicherry-in05271
hotel-sunrise-palace-pondicherry-in05272,Hotel Sunrise Palace Pondicherry,Pondicherry,pondicherry,"10, Mission St, Mission Street, Pondicherry, Puducherry 605002",,,4.1,605002,,Hotel,yes,,,,,https://hotelzz.in/property.html?id=hotel-sunrise-palace-pondicherry-in05272
casa-heritage-inn-pondicherry-in05273,Casa Heritage Inn Pondicherry,Pondicherry,pondicherry,"200, Auroville Rd, Mission Street, Pondicherry, Puducherry 605001",,,4.5,605001,,Hotel,yes,,,,,https://hotelzz.in/property.html?id=casa-heritage-inn-pondicherry-in05273
regal-heritage-inn-pondicherry-in05274,Regal Heritage Inn Pondicherry,Pondicherry,pondicherry,"375, Rue Romain Rolland, French Quarter, Pondicherry, Puducherry 605008",,,4.9,605008,,Hotel,yes,,,,,https://hotelzz.in/property.html?id=regal-heritage-inn-pondicherry-in05274
alpine-manor-pondicherry-in05275,Alpine Manor Pondicherry,Pondicherry,pondicherry,"326, Mission St, Auroville Road, Pondicherry, Puducherry 605001",,,4.2,605001,,Hotel,yes,,,,,https://hotelzz.in/property.html?id=alpine-manor-pondicherry-in05275
casa-niwas-boutique-pondicherry-in05276,Casa Niwas Boutique Pondicherry,Pondicherry,pondicherry,"52, Heritage Town, French Quarter, Pondicherry, Puducherry 605002",,,4.3,605002,,Hotel,yes,,,,,https://hotelzz.in/property.html?id=casa-niwas-boutique-pondicherry-in05276
the-aria-mansion-pondicherry-in05277,The Aria Mansion Pondicherry,Pondicherry,pondicherry,"431, White Town, near Promenade Beach, Pondicherry, Puducherry 605002",,,4.6,605002,,Hotel,yes,,,,,https://hotelzz.in/property.html?id=the-aria-mansion-pondicherry-in05277
hotel-heritage-palace-pondicherry-in05278,Hotel Heritage Palace Pondicherry,Pondicherry,pondicherry,"25, Heritage Town, White Town, Pondicherry, Puducherry 605003",,,4.2,605003,,Hotel,yes,,,,,https://hotelzz.in/property.html?id=hotel-heritage-palace-pondicherry-in05278
the-emerald-mansion-pondicherry-in05279,The Emerald Mansion Pondicherry,Pondicherry,pondicherry,"316, Auroville Rd, French Quarter, Pondicherry, Puducherry 605008",,,4.8,605008,,Hotel,yes,,,,,https://hotelzz.in/property.html?id=the-emerald-mansion-pondicherry-in05279
the-silver-mansion-pondicherry-in05280,The Silver Mansion Pondicherry,Pondicherry,pondicherry,"192, Goubert Avenue, French Quarter, Pondicherry, Puducherry 605001",,,4.8,605001,,Hotel,yes,,,,,https://hotelzz.in/property.html?id=the-silver-mansion-pondicherry-in05280
silver-niwas-boutique-pondicherry-in05281,Silver Niwas Boutique Pondicherry,Pondicherry,pondicherry,"556, French Quarter, near Promenade Beach, Pondicherry, Puducherry 605008",,,4.8,605008,,Hotel,yes,,,,,https://hotelzz.in/property.html?id=silver-niwas-boutique-pondicherry-in05281
vintage-niwas-boutique-pondicherry-in05282,Vintage Niwas Boutique Pondicherry,Pondicherry,pondicherry,"84, Rue Romain Rolland, French Quarter, Pondicherry, Puducherry 605003",,,4.9,605003,,Hotel,yes,,,,,https://hotelzz.in/property.html?id=vintage-niwas-boutique-pondicherry-in05282
crown-niwas-boutique-pondicherry-in05283,Crown Niwas Boutique Pondicherry,Pondicherry,pondicherry,"520, Heritage Town, French Quarter, Pondicherry, Puducherry 605002",,,4.0,605002,,Hotel,yes,,,,,https://hotelzz.in/property.html?id=crown-niwas-boutique-pondicherry-in05283
aria-niwas-boutique-pondicherry-in05284,Aria Niwas Boutique Pondicherry,Pondicherry,pondicherry,"6, White Town, White Town, Pondicherry, Puducherry 605002",,,4.3,605002,,Hotel,yes,,,,,https://hotelzz.in/property.html?id=aria-niwas-boutique-pondicherry-in05284
the-maharajas-regal-pondicherry-in05285,The Maharaja's Regal Pondicherry,Pondicherry,pondicherry,"579, Mission St, French Quarter, Pondicherry, Puducherry 605003",,,4.4,605003,,Hotel,yes,,,,,https://hotelzz.in/property.html?id=the-maharajas-regal-pondicherry-in05285
maple-haveli-pondicherry-in05286,Maple Haveli Pondicherry,Pondicherry,pondicherry,"44, Rue Romain Rolland, near Promenade Beach, Pondicherry, Puducherry 605003",,,4.9,605003,,Hotel,yes,,,,,https://hotelzz.in/property.html?id=maple-haveli-pondicherry-in05286
aspen-haveli-pondicherry-in05287,Aspen Haveli Pondicherry,Pondicherry,pondicherry,"70, Goubert Avenue, Auroville Road, Pondicherry, Puducherry 605001",,,4.1,605001,,Hotel,yes,,,,,https://hotelzz.in/property.html?id=aspen-haveli-pondicherry-in05287
misty-haveli-pondicherry-in05288,Misty Haveli Pondicherry,Pondicherry,pondicherry,"232, White Town, French Quarter, Pondicherry, Puducherry 605008",,,4.1,605008,,Hotel,yes,,,,,https://hotelzz.in/property.html?id=misty-haveli-pondicherry-in05288
the-casa-mansion-pondicherry-in05289,The Casa Mansion Pondicherry,Pondicherry,pondicherry,"226, Goubert Avenue, French Quarter, Pondicherry, Puducherry 605001",,,4.1,605001,,Hotel,yes,,,,,https://hotelzz.in/property.html?id=the-casa-mansion-pondicherry-in05289
wooden-niwas-boutique-pondicherry-in05290,Wooden Niwas Boutique Pondicherry,Pondicherry,pondicherry,"451, Auroville Rd, Mission Street, Pondicherry, Puducherry 605003",,,4.4,605003,,Hotel,yes,,,,,https://hotelzz.in/property.html?id=wooden-niwas-boutique-pondicherry-in05290
pearl-manor-pondicherry-in05291,Pearl Manor Pondicherry,Pondicherry,pondicherry,"127, Auroville Rd, French Quarter, Pondicherry, Puducherry 605003",,,4.7,605003,,Hotel,yes,,,,,https://hotelzz.in/property.html?id=pearl-manor-pondicherry-in05291
saffron-niwas-boutique-pondicherry-in05292,Saffron Niwas Boutique Pondicherry,Pondicherry,pondicherry,"410, French Quarter, near Promenade Beach, Pondicherry, Puducherry 605001",,,4.7,605001,,Hotel,yes,,,,,https://hotelzz.in/property.html?id=saffron-niwas-boutique-pondicherry-in05292
wooden-haveli-pondicherry-in05293,Wooden Haveli Pondicherry,Pondicherry,pondicherry,"556, Rue Romain Rolland, Mission Street, Pondicherry, Puducherry 605008",,,4.0,605008,,Hotel,yes,,,,,https://hotelzz.in/property.html?id=wooden-haveli-pondicherry-in05293
the-maharajas-silver-pondicherry-in05294,The Maharaja's Silver Pondicherry,Pondicherry,pondicherry,"544, Auroville Rd, White Town, Pondicherry, Puducherry 605001",,,4.0,605001,,Hotel,yes,,,,,https://hotelzz.in/property.html?id=the-maharajas-silver-pondicherry-in05294
the-maharajas-crystal-pondicherry-in05295,The Maharaja's Crystal Pondicherry,Pondicherry,pondicherry,"371, French Quarter, White Town, Pondicherry, Puducherry 605003",,,4.4,605003,,Hotel,yes,,,,,https://hotelzz.in/property.html?id=the-maharajas-crystal-pondicherry-in05295
the-maharajas-sapphire-pondicherry-in05296,The Maharaja's Sapphire Pondicherry,Pondicherry,pondicherry,"33, Heritage Town, Mission Street, Pondicherry, Puducherry 605003",,,4.9,605003,,Hotel,yes,,,,,https://hotelzz.in/property.html?id=the-maharajas-sapphire-pondicherry-in05296
orchid-niwas-boutique-pondicherry-in05297,Orchid Niwas Boutique Pondicherry,Pondicherry,pondicherry,"589, Heritage Town, near Promenade Beach, Pondicherry, Puducherry 605001",,,4.7,605001,,Hotel,yes,,,,,https://hotelzz.in/property.html?id=orchid-niwas-boutique-pondicherry-in05297
regal-haveli-pondicherry-in05298,Regal Haveli Pondicherry,Pondicherry,pondicherry,"38, Auroville Rd, French Quarter, Pondicherry, Puducherry 605002",,,4.2,605002,,Hotel,yes,,,,,https://hotelzz.in/property.html?id=regal-haveli-pondicherry-in05298
aspen-heritage-inn-pondicherry-in05299,Aspen Heritage Inn Pondicherry,Pondicherry,pondicherry,"138, White Town, Auroville Road, Pondicherry, Puducherry 605008",,,4.5,605008,,Hotel,yes,,,,,https://hotelzz.in/property.html?id=aspen-heritage-inn-pondicherry-in05299
azure-heritage-inn-pondicherry-in05300,Azure Heritage Inn Pondicherry,Pondicherry,pondicherry,"415, French Quarter, White Town, Pondicherry, Puducherry 605003",,,4.1,605003,,Hotel,yes,,,,,https://hotelzz.in/property.html?id=azure-heritage-inn-pondicherry-in05300
the-bangalore-loft-in05301,The Bangalore Loft,Bangalore,bangalore,"461, UB City, HSR, Bangalore, Karnataka 560076",,,4.0,560076,,Hotel,yes,,,,,https://hotelzz.in/property.html?id=the-bangalore-loft-in05301
comfort-stays-bangalore-in05302,Comfort Stays Bangalore,Bangalore,bangalore,"555, Electronic City, Whitefield, Bangalore, Karnataka 560008",,,4.0,560008,,Hotel,yes,,,,,https://hotelzz.in/property.html?id=comfort-stays-bangalore-in05302
hotel-bangalore-plaza-in05303,Hotel Bangalore Plaza,Bangalore,bangalore,"197, Whitefield, Whitefield, Bangalore, Karnataka 560066",,,4.8,560066,,Hotel,yes,,,,,https://hotelzz.in/property.html?id=hotel-bangalore-plaza-in05303
the-bangalore-boutique-in05304,The Bangalore Boutique,Bangalore,bangalore,"13, Whitefield, Indiranagar, Bangalore, Karnataka 560001",,,4.9,560001,,Hotel,yes,,,,,https://hotelzz.in/property.html?id=the-bangalore-boutique-in05304
casa-service-apartments-bangalore-in05305,Casa Service Apartments Bangalore,Bangalore,bangalore,"101, UB City, Koramangala, Bangalore, Karnataka 560001",,,4.4,560001,,Hotel,yes,,,,,https://hotelzz.in/property.html?id=casa-service-apartments-bangalore-in05305
marigold-service-apartments-bangalore-in05306,Marigold Service Apartments Bangalore,Bangalore,bangalore,"491, Koramangala, Whitefield, Bangalore, Karnataka 560076",,,4.0,560076,,Hotel,yes,,,,,https://hotelzz.in/property.html?id=marigold-service-apartments-bangalore-in05306
crown-bangalore-hotel-in05307,Crown Bangalore Hotel,Bangalore,bangalore,"497, Jayanagar, HSR, Bangalore, Karnataka 560095",,,4.4,560095,,Hotel,yes,,,,,https://hotelzz.in/property.html?id=crown-bangalore-hotel-in05307
hotel-aurora-bangalore-in05308,Hotel Aurora Bangalore,Bangalore,bangalore,"378, Indiranagar, near Brigade Road, Bangalore, Karnataka 560095",,,4.3,560095,,Hotel,yes,,,,,https://hotelzz.in/property.html?id=hotel-aurora-bangalore-in05308
cosmo-inn-bangalore-in05309,Cosmo Inn Bangalore,Bangalore,bangalore,"514, Jayanagar, Whitefield, Bangalore, Karnataka 560066",,,4.5,560066,,Hotel,yes,,,,,https://hotelzz.in/property.html?id=cosmo-inn-bangalore-in05309
aspen-inn-bangalore-in05310,Aspen Inn Bangalore,Bangalore,bangalore,"198, Electronic City, Indiranagar, Bangalore, Karnataka 560001",,,4.0,560001,,Hotel,yes,,,,,https://hotelzz.in/property.html?id=aspen-inn-bangalore-in05310
bangalore-premier-inn-in05311,Bangalore Premier Inn,Bangalore,bangalore,"522, MG Road, Indiranagar, Bangalore, Karnataka 560066",,,4.5,560066,,Hotel,yes,,,,,https://hotelzz.in/property.html?id=bangalore-premier-inn-in05311
urban-stay-bangalore-in05312,Urban Stay Bangalore,Bangalore,bangalore,"8, Electronic City, near Brigade Road, Bangalore, Karnataka 560001",,,4.1,560001,,Hotel,yes,,,,,https://hotelzz.in/property.html?id=urban-stay-bangalore-in05312
hotel-aria-bangalore-in05313,Hotel Aria Bangalore,Bangalore,bangalore,"8, Electronic City, HSR, Bangalore, Karnataka 560095",,,4.7,560095,,Hotel,yes,,,,,https://hotelzz.in/property.html?id=hotel-aria-bangalore-in05313
skyline-suites-bangalore-in05314,Skyline Suites Bangalore,Bangalore,bangalore,"42, Whitefield, near Brigade Road, Bangalore, Karnataka 560102",,,4.0,560102,,Hotel,yes,,,,,https://hotelzz.in/property.html?id=skyline-suites-bangalore-in05314
bangalore-serene-suites-in05315,Bangalore Serene Suites,Bangalore,bangalore,"337, Electronic City, near Brigade Road, Bangalore, Karnataka 560034",,,4.2,560034,,Hotel,yes,,,,,https://hotelzz.in/property.html?id=bangalore-serene-suites-in05315
bangalore-aria-suites-in05316,Bangalore Aria Suites,Bangalore,bangalore,"175, MG Road, near Brigade Road, Bangalore, Karnataka 560095",,,4.5,560095,,Hotel,yes,,,,,https://hotelzz.in/property.html?id=bangalore-aria-suites-in05316
crystal-business-hotel-bangalore-in05317,Crystal Business Hotel Bangalore,Bangalore,bangalore,"3, Koramangala, MG Road, Bangalore, Karnataka 560095",,,4.3,560095,,Hotel,yes,,,,,https://hotelzz.in/property.html?id=crystal-business-hotel-bangalore-in05317
hotel-imperial-bangalore-in05318,Hotel Imperial Bangalore,Bangalore,bangalore,"34, Electronic City, Whitefield, Bangalore, Karnataka 560066",,,4.7,560066,,Hotel,yes,,,,,https://hotelzz.in/property.html?id=hotel-imperial-bangalore-in05318
bangalore-indigo-suites-in05319,Bangalore Indigo Suites,Bangalore,bangalore,"526, MG Road, Indiranagar, Bangalore, Karnataka 560034",,,4.5,560034,,Hotel,yes,,,,,https://hotelzz.in/property.html?id=bangalore-indigo-suites-in05319
hotel-alpine-bangalore-in05320,Hotel Alpine Bangalore,Bangalore,bangalore,"32, Whitefield, HSR, Bangalore, Karnataka 560001",,,4.0,560001,,Hotel,yes,,,,,https://hotelzz.in/property.html?id=hotel-alpine-bangalore-in05320
bangalore-ocean-suites-in05321,Bangalore Ocean Suites,Bangalore,bangalore,"12, Indiranagar, HSR, Bangalore, Karnataka 560034",,,4.4,560034,,Hotel,yes,,,,,https://hotelzz.in/property.html?id=bangalore-ocean-suites-in05321
hotel-emerald-bangalore-in05322,Hotel Emerald Bangalore,Bangalore,bangalore,"173, HSR Layout, Koramangala, Bangalore, Karnataka 560001",,,4.4,560001,,Hotel,yes,,,,,https://hotelzz.in/property.html?id=hotel-emerald-bangalore-in05322
velvet-inn-bangalore-in05323,Velvet Inn Bangalore,Bangalore,bangalore,"543, Koramangala, Whitefield, Bangalore, Karnataka 560095",,,4.7,560095,,Hotel,yes,,,,,https://hotelzz.in/property.html?id=velvet-inn-bangalore-in05323
hotel-royal-bangalore-in05324,Hotel Royal Bangalore,Bangalore,bangalore,"183, Electronic City, near Brigade Road, Bangalore, Karnataka 560102",,,4.1,560102,,Hotel,yes,,,,,https://hotelzz.in/property.html?id=hotel-royal-bangalore-in05324
ocean-business-hotel-bangalore-in05325,Ocean Business Hotel Bangalore,Bangalore,bangalore,"89, MG Road, Koramangala, Bangalore, Karnataka 560034",,,4.1,560034,,Hotel,yes,,,,,https://hotelzz.in/property.html?id=ocean-business-hotel-bangalore-in05325
serene-business-hotel-bangalore-in05326,Serene Business Hotel Bangalore,Bangalore,bangalore,"402, HSR Layout, HSR, Bangalore, Karnataka 560095",,,4.1,560095,,Hotel,yes,,,,,https://hotelzz.in/property.html?id=serene-business-hotel-bangalore-in05326
emerald-business-hotel-bangalore-in05327,Emerald Business Hotel Bangalore,Bangalore,bangalore,"438, Electronic City, Whitefield, Bangalore, Karnataka 560095",,,4.4,560095,,Hotel,yes,,,,,https://hotelzz.in/property.html?id=emerald-business-hotel-bangalore-in05327
azure-business-hotel-bangalore-in05328,Azure Business Hotel Bangalore,Bangalore,bangalore,"267, MG Road, near Brigade Road, Bangalore, Karnataka 560008",,,4.0,560008,,Hotel,yes,,,,,https://hotelzz.in/property.html?id=azure-business-hotel-bangalore-in05328
silver-service-apartments-bangalore-in05329,Silver Service Apartments Bangalore,Bangalore,bangalore,"543, Brigade Rd, near Brigade Road, Bangalore, Karnataka 560001",,,4.7,560001,,Hotel,yes,,,,,https://hotelzz.in/property.html?id=silver-service-apartments-bangalore-in05329
hotel-whispering-bangalore-in05330,Hotel Whispering Bangalore,Bangalore,bangalore,"306, Whitefield, Indiranagar, Bangalore, Karnataka 560076",,,4.5,560076,,Hotel,yes,,,,,https://hotelzz.in/property.html?id=hotel-whispering-bangalore-in05330
hotel-serene-bangalore-in05331,Hotel Serene Bangalore,Bangalore,bangalore,"188, Whitefield, near Brigade Road, Bangalore, Karnataka 560102",,,4.8,560102,,Hotel,yes,,,,,https://hotelzz.in/property.html?id=hotel-serene-bangalore-in05331
ocean-service-apartments-bangalore-in05332,Ocean Service Apartments Bangalore,Bangalore,bangalore,"369, Brigade Rd, near Brigade Road, Bangalore, Karnataka 560066",,,4.3,560066,,Hotel,yes,,,,,https://hotelzz.in/property.html?id=ocean-service-apartments-bangalore-in05332
crown-business-hotel-bangalore-in05333,Crown Business Hotel Bangalore,Bangalore,bangalore,"337, Koramangala, Koramangala, Bangalore, Karnataka 560076",,,4.7,560076,,Hotel,yes,,,,,https://hotelzz.in/property.html?id=crown-business-hotel-bangalore-in05333
bangalore-casa-suites-in05334,Bangalore Casa Suites,Bangalore,bangalore,"596, Indiranagar, Whitefield, Bangalore, Karnataka 560095",,,4.7,560095,,Hotel,yes,,,,,https://hotelzz.in/property.html?id=bangalore-casa-suites-in05334
sapphire-business-hotel-bangalore-in05335,Sapphire Business Hotel Bangalore,Bangalore,bangalore,"52, UB City, Indiranagar, Bangalore, Karnataka 560095",,,4.6,560095,,Hotel,yes,,,,,https://hotelzz.in/property.html?id=sapphire-business-hotel-bangalore-in05335
serene-inn-bangalore-in05336,Serene Inn Bangalore,Bangalore,bangalore,"456, UB City, Koramangala, Bangalore, Karnataka 560001",,,4.2,560001,,Hotel,yes,,,,,https://hotelzz.in/property.html?id=serene-inn-bangalore-in05336
ocean-inn-bangalore-in05337,Ocean Inn Bangalore,Bangalore,bangalore,"240, HSR Layout, MG Road, Bangalore, Karnataka 560102",,,4.6,560102,,Hotel,yes,,,,,https://hotelzz.in/property.html?id=ocean-inn-bangalore-in05337
sunrise-inn-bangalore-in05338,Sunrise Inn Bangalore,Bangalore,bangalore,"415, Whitefield, Whitefield, Bangalore, Karnataka 560102",,,4.5,560102,,Hotel,yes,,,,,https://hotelzz.in/property.html?id=sunrise-inn-bangalore-in05338
bangalore-pearl-suites-in05339,Bangalore Pearl Suites,Bangalore,bangalore,"552, UB City, near Brigade Road, Bangalore, Karnataka 560008",,,4.5,560008,,Hotel,yes,,,,,https://hotelzz.in/property.html?id=bangalore-pearl-suites-in05339
hotel-vintage-bangalore-in05340,Hotel Vintage Bangalore,Bangalore,bangalore,"550, HSR Layout, Koramangala, Bangalore, Karnataka 560034",,,4.8,560034,,Hotel,yes,,,,,https://hotelzz.in/property.html?id=hotel-vintage-bangalore-in05340
hotel-casa-bangalore-in05341,Hotel Casa Bangalore,Bangalore,bangalore,"144, Koramangala, HSR, Bangalore, Karnataka 560076",,,4.3,560076,,Hotel,yes,,,,,https://hotelzz.in/property.html?id=hotel-casa-bangalore-in05341
heritage-service-apartments-bangalore-in05342,Heritage Service Apartments Bangalore,Bangalore,bangalore,"444, Jayanagar, Whitefield, Bangalore, Karnataka 560102",,,4.7,560102,,Hotel,yes,,,,,https://hotelzz.in/property.html?id=heritage-service-apartments-bangalore-in05342
bangalore-saffron-suites-in05343,Bangalore Saffron Suites,Bangalore,bangalore,"312, Indiranagar, Indiranagar, Bangalore, Karnataka 560001",,,4.4,560001,,Hotel,yes,,,,,https://hotelzz.in/property.html?id=bangalore-saffron-suites-in05343
bangalore-regal-suites-in05344,Bangalore Regal Suites,Bangalore,bangalore,"140, HSR Layout, MG Road, Bangalore, Karnataka 560066",,,4.9,560066,,Hotel,yes,,,,,https://hotelzz.in/property.html?id=bangalore-regal-suites-in05344
hotel-misty-bangalore-in05345,Hotel Misty Bangalore,Bangalore,bangalore,"59, Koramangala, Indiranagar, Bangalore, Karnataka 560008",,,4.5,560008,,Hotel,yes,,,,,https://hotelzz.in/property.html?id=hotel-misty-bangalore-in05345
hotel-crown-bangalore-in05346,Hotel Crown Bangalore,Bangalore,bangalore,"321, Koramangala, Whitefield, Bangalore, Karnataka 560034",,,4.2,560034,,Hotel,yes,,,,,https://hotelzz.in/property.html?id=hotel-crown-bangalore-in05346
hotel-orchid-bangalore-in05347,Hotel Orchid Bangalore,Bangalore,bangalore,"593, Brigade Rd, MG Road, Bangalore, Karnataka 560008",,,4.7,560008,,Hotel,yes,,,,,https://hotelzz.in/property.html?id=hotel-orchid-bangalore-in05347
bangalore-crown-suites-in05348,Bangalore Crown Suites,Bangalore,bangalore,"362, Koramangala, Whitefield, Bangalore, Karnataka 560076",,,4.7,560076,,Hotel,yes,,,,,https://hotelzz.in/property.html?id=bangalore-crown-suites-in05348
hotel-maple-bangalore-in05349,Hotel Maple Bangalore,Bangalore,bangalore,"93, Koramangala, Indiranagar, Bangalore, Karnataka 560008",,,4.1,560008,,Hotel,yes,,,,,https://hotelzz.in/property.html?id=hotel-maple-bangalore-in05349
hotel-bangalore-plaza-50-in05350,Hotel Bangalore Plaza 50,Bangalore,bangalore,"240, Whitefield, near Brigade Road, Bangalore, Karnataka 560001",,,4.7,560001,,Hotel,yes,,,,,https://hotelzz.in/property.html?id=hotel-bangalore-plaza-50-in05350
bangalore-sapphire-suites-in05351,Bangalore Sapphire Suites,Bangalore,bangalore,"235, UB City, HSR, Bangalore, Karnataka 560076",,,4.4,560076,,Hotel,yes,,,,,https://hotelzz.in/property.html?id=bangalore-sapphire-suites-in05351
cosy-inn-bangalore-in05352,Cosy Inn Bangalore,Bangalore,bangalore,"262, Indiranagar, Koramangala, Bangalore, Karnataka 560066",,,4.4,560066,,Hotel,yes,,,,,https://hotelzz.in/property.html?id=cosy-inn-bangalore-in05352
tranquil-inn-bangalore-in05353,Tranquil Inn Bangalore,Bangalore,bangalore,"32, UB City, MG Road, Bangalore, Karnataka 560008",,,4.0,560008,,Hotel,yes,,,,,https://hotelzz.in/property.html?id=tranquil-inn-bangalore-in05353
velvet-service-apartments-bangalore-in05354,Velvet Service Apartments Bangalore,Bangalore,bangalore,"11, Jayanagar, Koramangala, Bangalore, Karnataka 560076",,,4.9,560076,,Hotel,yes,,,,,https://hotelzz.in/property.html?id=velvet-service-apartments-bangalore-in05354
bangalore-wooden-suites-in05355,Bangalore Wooden Suites,Bangalore,bangalore,"382, UB City, HSR, Bangalore, Karnataka 560076",,,4.2,560076,,Hotel,yes,,,,,https://hotelzz.in/property.html?id=bangalore-wooden-suites-in05355
hotel-highland-bangalore-in05356,Hotel Highland Bangalore,Bangalore,bangalore,"444, Koramangala, Indiranagar, Bangalore, Karnataka 560034",,,4.3,560034,,Hotel,yes,,,,,https://hotelzz.in/property.html?id=hotel-highland-bangalore-in05356
bangalore-heritage-suites-in05357,Bangalore Heritage Suites,Bangalore,bangalore,"443, Brigade Rd, MG Road, Bangalore, Karnataka 560076",,,4.1,560076,,Hotel,yes,,,,,https://hotelzz.in/property.html?id=bangalore-heritage-suites-in05357
bangalore-azure-suites-in05358,Bangalore Azure Suites,Bangalore,bangalore,"389, Electronic City, HSR, Bangalore, Karnataka 560095",,,4.6,560095,,Hotel,yes,,,,,https://hotelzz.in/property.html?id=bangalore-azure-suites-in05358
bangalore-imperial-suites-in05359,Bangalore Imperial Suites,Bangalore,bangalore,"445, Whitefield, Koramangala, Bangalore, Karnataka 560001",,,4.6,560001,,Hotel,yes,,,,,https://hotelzz.in/property.html?id=bangalore-imperial-suites-in05359
hotel-sapphire-bangalore-in05360,Hotel Sapphire Bangalore,Bangalore,bangalore,"333, Indiranagar, Indiranagar, Bangalore, Karnataka 560095",,,4.1,560095,,Hotel,yes,,,,,https://hotelzz.in/property.html?id=hotel-sapphire-bangalore-in05360
maple-service-apartments-bangalore-in05361,Maple Service Apartments Bangalore,Bangalore,bangalore,"65, Electronic City, near Brigade Road, Bangalore, Karnataka 560076",,,4.8,560076,,Hotel,yes,,,,,https://hotelzz.in/property.html?id=maple-service-apartments-bangalore-in05361
sunrise-business-hotel-bangalore-in05362,Sunrise Business Hotel Bangalore,Bangalore,bangalore,"566, Brigade Rd, MG Road, Bangalore, Karnataka 560066",,,4.7,560066,,Hotel,yes,,,,,https://hotelzz.in/property.html?id=sunrise-business-hotel-bangalore-in05362
pearl-business-hotel-bangalore-in05363,Pearl Business Hotel Bangalore,Bangalore,bangalore,"277, Indiranagar, HSR, Bangalore, Karnataka 560066",,,4.8,560066,,Hotel,yes,,,,,https://hotelzz.in/property.html?id=pearl-business-hotel-bangalore-in05363
silver-business-hotel-bangalore-in05364,Silver Business Hotel Bangalore,Bangalore,bangalore,"484, UB City, Whitefield, Bangalore, Karnataka 560102",,,4.7,560102,,Hotel,yes,,,,,https://hotelzz.in/property.html?id=silver-business-hotel-bangalore-in05364
hotel-ocean-bangalore-in05365,Hotel Ocean Bangalore,Bangalore,bangalore,"316, Whitefield, MG Road, Bangalore, Karnataka 560001",,,4.7,560001,,Hotel,yes,,,,,https://hotelzz.in/property.html?id=hotel-ocean-bangalore-in05365
royal-inn-bangalore-in05366,Royal Inn Bangalore,Bangalore,bangalore,"79, UB City, HSR, Bangalore, Karnataka 560066",,,4.4,560066,,Hotel,yes,,,,,https://hotelzz.in/property.html?id=royal-inn-bangalore-in05366
maple-inn-bangalore-in05367,Maple Inn Bangalore,Bangalore,bangalore,"432, Whitefield, HSR, Bangalore, Karnataka 560034",,,4.7,560034,,Hotel,yes,,,,,https://hotelzz.in/property.html?id=maple-inn-bangalore-in05367
whispering-inn-bangalore-in05368,Whispering Inn Bangalore,Bangalore,bangalore,"424, MG Road, Indiranagar, Bangalore, Karnataka 560102",,,4.7,560102,,Hotel,yes,,,,,https://hotelzz.in/property.html?id=whispering-inn-bangalore-in05368
silver-inn-bangalore-in05369,Silver Inn Bangalore,Bangalore,bangalore,"139, UB City, MG Road, Bangalore, Karnataka 560076",,,4.4,560076,,Hotel,yes,,,,,https://hotelzz.in/property.html?id=silver-inn-bangalore-in05369
aria-inn-bangalore-in05370,Aria Inn Bangalore,Bangalore,bangalore,"150, HSR Layout, Koramangala, Bangalore, Karnataka 560034",,,4.6,560034,,Hotel,yes,,,,,https://hotelzz.in/property.html?id=aria-inn-bangalore-in05370
royal-service-apartments-bangalore-in05371,Royal Service Apartments Bangalore,Bangalore,bangalore,"313, Koramangala, near Brigade Road, Bangalore, Karnataka 560066",,,4.1,560066,,Hotel,yes,,,,,https://hotelzz.in/property.html?id=royal-service-apartments-bangalore-in05371
highland-business-hotel-bangalore-in05372,Highland Business Hotel Bangalore,Bangalore,bangalore,"359, Whitefield, Indiranagar, Bangalore, Karnataka 560102",,,4.8,560102,,Hotel,yes,,,,,https://hotelzz.in/property.html?id=highland-business-hotel-bangalore-in05372
wooden-inn-bangalore-in05373,Wooden Inn Bangalore,Bangalore,bangalore,"93, Koramangala, Whitefield, Bangalore, Karnataka 560008",,,4.2,560008,,Hotel,yes,,,,,https://hotelzz.in/property.html?id=wooden-inn-bangalore-in05373
aria-business-hotel-bangalore-in05374,Aria Business Hotel Bangalore,Bangalore,bangalore,"420, Electronic City, Indiranagar, Bangalore, Karnataka 560008",,,4.9,560008,,Hotel,yes,,,,,https://hotelzz.in/property.html?id=aria-business-hotel-bangalore-in05374
hotel-regal-bangalore-in05375,Hotel Regal Bangalore,Bangalore,bangalore,"452, Jayanagar, Koramangala, Bangalore, Karnataka 560001",,,4.3,560001,,Hotel,yes,,,,,https://hotelzz.in/property.html?id=hotel-regal-bangalore-in05375
hotel-pearl-bangalore-in05376,Hotel Pearl Bangalore,Bangalore,bangalore,"83, UB City, Koramangala, Bangalore, Karnataka 560008",,,4.0,560008,,Hotel,yes,,,,,https://hotelzz.in/property.html?id=hotel-pearl-bangalore-in05376
sunrise-service-apartments-bangalore-in05377,Sunrise Service Apartments Bangalore,Bangalore,bangalore,"355, Electronic City, Indiranagar, Bangalore, Karnataka 560034",,,4.2,560034,,Hotel,yes,,,,,https://hotelzz.in/property.html?id=sunrise-service-apartments-bangalore-in05377
marigold-business-hotel-bangalore-in05378,Marigold Business Hotel Bangalore,Bangalore,bangalore,"498, MG Road, MG Road, Bangalore, Karnataka 560001",,,4.2,560001,,Hotel,yes,,,,,https://hotelzz.in/property.html?id=marigold-business-hotel-bangalore-in05378
imperial-inn-bangalore-in05379,Imperial Inn Bangalore,Bangalore,bangalore,"12, HSR Layout, Indiranagar, Bangalore, Karnataka 560066",,,4.4,560066,,Hotel,yes,,,,,https://hotelzz.in/property.html?id=imperial-inn-bangalore-in05379
imperial-service-apartments-bangalore-in05380,Imperial Service Apartments Bangalore,Bangalore,bangalore,"129, Whitefield, MG Road, Bangalore, Karnataka 560066",,,4.4,560066,,Hotel,yes,,,,,https://hotelzz.in/property.html?id=imperial-service-apartments-bangalore-in05380
velvet-business-hotel-bangalore-in05381,Velvet Business Hotel Bangalore,Bangalore,bangalore,"487, Koramangala, Koramangala, Bangalore, Karnataka 560095",,,4.5,560095,,Hotel,yes,,,,,https://hotelzz.in/property.html?id=velvet-business-hotel-bangalore-in05381
bangalore-whispering-suites-in05382,Bangalore Whispering Suites,Bangalore,bangalore,"335, MG Road, MG Road, Bangalore, Karnataka 560034",,,4.7,560034,,Hotel,yes,,,,,https://hotelzz.in/property.html?id=bangalore-whispering-suites-in05382
hotel-ocean-bangalore-83-in05383,Hotel Ocean Bangalore 83,Bangalore,bangalore,"125, Jayanagar, MG Road, Bangalore, Karnataka 560095",,,4.4,560095,,Hotel,yes,,,,,https://hotelzz.in/property.html?id=hotel-ocean-bangalore-83-in05383
tranquil-business-hotel-bangalore-in05384,Tranquil Business Hotel Bangalore,Bangalore,bangalore,"401, Whitefield, HSR, Bangalore, Karnataka 560066",,,4.5,560066,,Hotel,yes,,,,,https://hotelzz.in/property.html?id=tranquil-business-hotel-bangalore-in05384
pearl-service-apartments-bangalore-in05385,Pearl Service Apartments Bangalore,Bangalore,bangalore,"490, MG Road, HSR, Bangalore, Karnataka 560034",,,4.2,560034,,Hotel,yes,,,,,https://hotelzz.in/property.html?id=pearl-service-apartments-bangalore-in05385
royal-business-hotel-bangalore-in05386,Royal Business Hotel Bangalore,Bangalore,bangalore,"100, Indiranagar, Whitefield, Bangalore, Karnataka 560008",,,4.1,560008,,Hotel,yes,,,,,https://hotelzz.in/property.html?id=royal-business-hotel-bangalore-in05386
sapphire-inn-bangalore-in05387,Sapphire Inn Bangalore,Bangalore,bangalore,"1, Koramangala, Indiranagar, Bangalore, Karnataka 560066",,,4.3,560066,,Hotel,yes,,,,,https://hotelzz.in/property.html?id=sapphire-inn-bangalore-in05387
highland-service-apartments-bangalore-in05388,Highland Service Apartments Bangalore,Bangalore,bangalore,"395, MG Road, HSR, Bangalore, Karnataka 560102",,,4.0,560102,,Hotel,yes,,,,,https://hotelzz.in/property.html?id=highland-service-apartments-bangalore-in05388
saffron-service-apartments-bangalore-in05389,Saffron Service Apartments Bangalore,Bangalore,bangalore,"130, Indiranagar, HSR, Bangalore, Karnataka 560008",,,4.3,560008,,Hotel,yes,,,,,https://hotelzz.in/property.html?id=saffron-service-apartments-bangalore-in05389
maple-business-hotel-bangalore-in05390,Maple Business Hotel Bangalore,Bangalore,bangalore,"595, UB City, MG Road, Bangalore, Karnataka 560001",,,4.7,560001,,Hotel,yes,,,,,https://hotelzz.in/property.html?id=maple-business-hotel-bangalore-in05390
hotel-wooden-bangalore-in05391,Hotel Wooden Bangalore,Bangalore,bangalore,"109, HSR Layout, Koramangala, Bangalore, Karnataka 560066",,,4.1,560066,,Hotel,yes,,,,,https://hotelzz.in/property.html?id=hotel-wooden-bangalore-in05391
bangalore-premier-inn-92-in05392,Bangalore Premier Inn 92,Bangalore,bangalore,"430, HSR Layout, Koramangala, Bangalore, Karnataka 560095",,,4.5,560095,,Hotel,yes,,,,,https://hotelzz.in/property.html?id=bangalore-premier-inn-92-in05392
crown-service-apartments-bangalore-in05393,Crown Service Apartments Bangalore,Bangalore,bangalore,"499, HSR Layout, Indiranagar, Bangalore, Karnataka 560066",,,4.8,560066,,Hotel,yes,,,,,https://hotelzz.in/property.html?id=crown-service-apartments-bangalore-in05393
indigo-service-apartments-bangalore-in05394,Indigo Service Apartments Bangalore,Bangalore,bangalore,"589, Indiranagar, near Brigade Road, Bangalore, Karnataka 560102",,,4.7,560102,,Hotel,yes,,,,,https://hotelzz.in/property.html?id=indigo-service-apartments-bangalore-in05394
bangalore-aurora-suites-in05395,Bangalore Aurora Suites,Bangalore,bangalore,"210, Indiranagar, Indiranagar, Bangalore, Karnataka 560066",,,4.3,560066,,Hotel,yes,,,,,https://hotelzz.in/property.html?id=bangalore-aurora-suites-in05395
orchid-business-hotel-bangalore-in05396,Orchid Business Hotel Bangalore,Bangalore,bangalore,"70, Electronic City, near Brigade Road, Bangalore, Karnataka 560066",,,4.5,560066,,Hotel,yes,,,,,https://hotelzz.in/property.html?id=orchid-business-hotel-bangalore-in05396
alpine-inn-bangalore-in05397,Alpine Inn Bangalore,Bangalore,bangalore,"295, Koramangala, Indiranagar, Bangalore, Karnataka 560008",,,4.4,560008,,Hotel,yes,,,,,https://hotelzz.in/property.html?id=alpine-inn-bangalore-in05397
aurora-service-apartments-bangalore-in05398,Aurora Service Apartments Bangalore,Bangalore,bangalore,"243, Electronic City, MG Road, Bangalore, Karnataka 560066",,,4.6,560066,,Hotel,yes,,,,,https://hotelzz.in/property.html?id=aurora-service-apartments-bangalore-in05398
saffron-inn-bangalore-in05399,Saffron Inn Bangalore,Bangalore,bangalore,"205, Brigade Rd, Whitefield, Bangalore, Karnataka 560076",,,4.5,560076,,Hotel,yes,,,,,https://hotelzz.in/property.html?id=saffron-inn-bangalore-in05399
imperial-business-hotel-bangalore-in05400,Imperial Business Hotel Bangalore,Bangalore,bangalore,"139, Whitefield, Koramangala, Bangalore, Karnataka 560008",,,4.8,560008,,Hotel,yes,,,,,https://hotelzz.in/property.html?id=imperial-business-hotel-bangalore-in05400
the-old-town-mysore-in05401,The Old Town Mysore,Mysore,mysore,"41, Saraswathipuram, Saraswathipuram, Mysore, Karnataka 570010",,,4.2,570010,,Hotel,yes,,,,,https://hotelzz.in/property.html?id=the-old-town-mysore-in05401
royal-mysore-suites-in05402,Royal Mysore Suites,Mysore,mysore,"103, Jayalakshmipuram, near Mysore Palace, Mysore, Karnataka 570001",,,4.2,570001,,Hotel,yes,,,,,https://hotelzz.in/property.html?id=royal-mysore-suites-in05402
heritage-house-mysore-in05403,Heritage House Mysore,Mysore,mysore,"461, Saraswathipuram, Chamundi Hill, Mysore, Karnataka 570010",,,4.7,570010,,Hotel,yes,,,,,https://hotelzz.in/property.html?id=heritage-house-mysore-in05403
cosy-haveli-mysore-in05404,Cosy Haveli Mysore,Mysore,mysore,"213, Vijayanagar, Vijayanagar, Mysore, Karnataka 570020",,,4.6,570020,,Hotel,yes,,,,,https://hotelzz.in/property.html?id=cosy-haveli-mysore-in05404
hotel-mysore-royal-in05405,Hotel Mysore Royal,Mysore,mysore,"546, Chamundi Hill Rd, Chamundi Hill, Mysore, Karnataka 570001",,,4.5,570001,,Hotel,yes,,,,,https://hotelzz.in/property.html?id=hotel-mysore-royal-in05405
heritage-haveli-mysore-in05406,Heritage Haveli Mysore,Mysore,mysore,"434, Mysore Palace, Chamundi Hill, Mysore, Karnataka 570001",,,4.3,570001,,Hotel,yes,,,,,https://hotelzz.in/property.html?id=heritage-haveli-mysore-in05406
hotel-alpine-palace-mysore-in05407,Hotel Alpine Palace Mysore,Mysore,mysore,"200, Mysore Palace, Saraswathipuram, Mysore, Karnataka 570020",,,4.8,570020,,Hotel,yes,,,,,https://hotelzz.in/property.html?id=hotel-alpine-palace-mysore-in05407
crystal-niwas-boutique-mysore-in05408,Crystal Niwas Boutique Mysore,Mysore,mysore,"283, Devaraja Mohalla, Vijayanagar, Mysore, Karnataka 570010",,,4.5,570010,,Hotel,yes,,,,,https://hotelzz.in/property.html?id=crystal-niwas-boutique-mysore-in05408
mysore-heritage-stay-in05409,Mysore Heritage Stay,Mysore,mysore,"492, Saraswathipuram, Vijayanagar, Mysore, Karnataka 570001",,,4.8,570001,,Hotel,yes,,,,,https://hotelzz.in/property.html?id=mysore-heritage-stay-in05409
mysore-vintage-hotel-in05410,Mysore Vintage Hotel,Mysore,mysore,"68, Jayalakshmipuram, Chamundi Hill, Mysore, Karnataka 570010",,,4.7,570010,,Hotel,yes,,,,,https://hotelzz.in/property.html?id=mysore-vintage-hotel-in05410
hotel-tranquil-palace-mysore-in05411,Hotel Tranquil Palace Mysore,Mysore,mysore,"95, Chamundi Hill Rd, Saraswathipuram, Mysore, Karnataka 570004",,,4.2,570004,,Hotel,yes,,,,,https://hotelzz.in/property.html?id=hotel-tranquil-palace-mysore-in05411
hotel-mysore-imperial-in05412,Hotel Mysore Imperial,Mysore,mysore,"446, Jayalakshmipuram, Chamundi Hill, Mysore, Karnataka 570001",,,4.7,570001,,Hotel,yes,,,,,https://hotelzz.in/property.html?id=hotel-mysore-imperial-in05412
hotel-heritage-palace-mysore-in05413,Hotel Heritage Palace Mysore,Mysore,mysore,"530, Chamundi Hill Rd, near Mysore Palace, Mysore, Karnataka 570010",,,4.6,570010,,Hotel,yes,,,,,https://hotelzz.in/property.html?id=hotel-heritage-palace-mysore-in05413
emerald-niwas-boutique-mysore-in05414,Emerald Niwas Boutique Mysore,Mysore,mysore,"591, Chamundi Hill Rd, Saraswathipuram, Mysore, Karnataka 570010",,,4.4,570010,,Hotel,yes,,,,,https://hotelzz.in/property.html?id=emerald-niwas-boutique-mysore-in05414
marigold-manor-mysore-in05415,Marigold Manor Mysore,Mysore,mysore,"383, Mysore Palace, Saraswathipuram, Mysore, Karnataka 570010",,,4.0,570010,,Hotel,yes,,,,,https://hotelzz.in/property.html?id=marigold-manor-mysore-in05415
imperial-heritage-inn-mysore-in05416,Imperial Heritage Inn Mysore,Mysore,mysore,"312, Mysore Palace, Vijayanagar, Mysore, Karnataka 570001",,,4.5,570001,,Hotel,yes,,,,,https://hotelzz.in/property.html?id=imperial-heritage-inn-mysore-in05416
misty-manor-mysore-in05417,Misty Manor Mysore,Mysore,mysore,"294, Saraswathipuram, near Mysore Palace, Mysore, Karnataka 570001",,,4.2,570001,,Hotel,yes,,,,,https://hotelzz.in/property.html?id=misty-manor-mysore-in05417
ocean-niwas-boutique-mysore-in05418,Ocean Niwas Boutique Mysore,Mysore,mysore,"356, Jayalakshmipuram, near Mysore Palace, Mysore, Karnataka 570010",,,4.5,570010,,Hotel,yes,,,,,https://hotelzz.in/property.html?id=ocean-niwas-boutique-mysore-in05418
hotel-royal-palace-mysore-in05419,Hotel Royal Palace Mysore,Mysore,mysore,"68, Chamundi Hill Rd, Chamundi Hill, Mysore, Karnataka 570004",,,4.5,570004,,Hotel,yes,,,,,https://hotelzz.in/property.html?id=hotel-royal-palace-mysore-in05419
the-maharajas-crystal-mysore-in05420,The Maharaja's Crystal Mysore,Mysore,mysore,"184, Vijayanagar, Chamundi Hill, Mysore, Karnataka 570020",,,4.4,570020,,Hotel,yes,,,,,https://hotelzz.in/property.html?id=the-maharajas-crystal-mysore-in05420
sunrise-heritage-inn-mysore-in05421,Sunrise Heritage Inn Mysore,Mysore,mysore,"117, Jayalakshmipuram, near Mysore Palace, Mysore, Karnataka 570001",,,4.6,570001,,Hotel,yes,,,,,https://hotelzz.in/property.html?id=sunrise-heritage-inn-mysore-in05421
wooden-niwas-boutique-mysore-in05422,Wooden Niwas Boutique Mysore,Mysore,mysore,"184, Jayalakshmipuram, Chamundi Hill, Mysore, Karnataka 570010",,,4.5,570010,,Hotel,yes,,,,,https://hotelzz.in/property.html?id=wooden-niwas-boutique-mysore-in05422
the-maharajas-whispering-mysore-in05423,The Maharaja's Whispering Mysore,Mysore,mysore,"320, Mysore Palace, Saraswathipuram, Mysore, Karnataka 570020",,,4.1,570020,,Hotel,yes,,,,,https://hotelzz.in/property.html?id=the-maharajas-whispering-mysore-in05423
royal-niwas-boutique-mysore-in05424,Royal Niwas Boutique Mysore,Mysore,mysore,"222, Jayalakshmipuram, Vijayanagar, Mysore, Karnataka 570001",,,4.9,570001,,Hotel,yes,,,,,https://hotelzz.in/property.html?id=royal-niwas-boutique-mysore-in05424
sapphire-manor-mysore-in05425,Sapphire Manor Mysore,Mysore,mysore,"159, Vijayanagar, Saraswathipuram, Mysore, Karnataka 570020",,,4.2,570020,,Hotel,yes,,,,,https://hotelzz.in/property.html?id=sapphire-manor-mysore-in05425
the-aspen-mansion-mysore-in05426,The Aspen Mansion Mysore,Mysore,mysore,"278, Devaraja Mohalla, Saraswathipuram, Mysore, Karnataka 570010",,,4.4,570010,,Hotel,yes,,,,,https://hotelzz.in/property.html?id=the-aspen-mansion-mysore-in05426
hotel-aurora-palace-mysore-in05427,Hotel Aurora Palace Mysore,Mysore,mysore,"420, Saraswathipuram, near Mysore Palace, Mysore, Karnataka 570010",,,4.2,570010,,Hotel,yes,,,,,https://hotelzz.in/property.html?id=hotel-aurora-palace-mysore-in05427
the-alpine-mansion-mysore-in05428,The Alpine Mansion Mysore,Mysore,mysore,"450, Jayalakshmipuram, Saraswathipuram, Mysore, Karnataka 570010",,,4.1,570010,,Hotel,yes,,,,,https://hotelzz.in/property.html?id=the-alpine-mansion-mysore-in05428
crown-mysore-heritage-in05429,Crown Mysore Heritage,Mysore,mysore,"168, Saraswathipuram, Vijayanagar, Mysore, Karnataka 570010",,,4.3,570010,,Hotel,yes,,,,,https://hotelzz.in/property.html?id=crown-mysore-heritage-in05429
royal-manor-mysore-in05430,Royal Manor Mysore,Mysore,mysore,"121, Chamundi Hill Rd, Vijayanagar, Mysore, Karnataka 570001",,,4.8,570001,,Hotel,yes,,,,,https://hotelzz.in/property.html?id=royal-manor-mysore-in05430
silver-manor-mysore-in05431,Silver Manor Mysore,Mysore,mysore,"359, Jayalakshmipuram, Saraswathipuram, Mysore, Karnataka 570001",,,4.2,570001,,Hotel,yes,,,,,https://hotelzz.in/property.html?id=silver-manor-mysore-in05431
serene-haveli-mysore-in05432,Serene Haveli Mysore,Mysore,mysore,"410, Mysore Palace, Chamundi Hill, Mysore, Karnataka 570010",,,4.5,570010,,Hotel,yes,,,,,https://hotelzz.in/property.html?id=serene-haveli-mysore-in05432
crystal-haveli-mysore-in05433,Crystal Haveli Mysore,Mysore,mysore,"53, Mysore Palace, Saraswathipuram, Mysore, Karnataka 570020",,,4.4,570020,,Hotel,yes,,,,,https://hotelzz.in/property.html?id=crystal-haveli-mysore-in05433
the-maharajas-tranquil-mysore-in05434,The Maharaja's Tranquil Mysore,Mysore,mysore,"373, Saraswathipuram, Chamundi Hill, Mysore, Karnataka 570001",,,4.5,570001,,Hotel,yes,,,,,https://hotelzz.in/property.html?id=the-maharajas-tranquil-mysore-in05434
hotel-azure-palace-mysore-in05435,Hotel Azure Palace Mysore,Mysore,mysore,"429, Jayalakshmipuram, near Mysore Palace, Mysore, Karnataka 570004",,,4.5,570004,,Hotel,yes,,,,,https://hotelzz.in/property.html?id=hotel-azure-palace-mysore-in05435
indigo-niwas-boutique-mysore-in05436,Indigo Niwas Boutique Mysore,Mysore,mysore,"219, Vijayanagar, Chamundi Hill, Mysore, Karnataka 570004",,,4.9,570004,,Hotel,yes,,,,,https://hotelzz.in/property.html?id=indigo-niwas-boutique-mysore-in05436
serene-niwas-boutique-mysore-in05437,Serene Niwas Boutique Mysore,Mysore,mysore,"24, Mysore Palace, Saraswathipuram, Mysore, Karnataka 570010",,,4.4,570010,,Hotel,yes,,,,,https://hotelzz.in/property.html?id=serene-niwas-boutique-mysore-in05437
orchid-manor-mysore-in05438,Orchid Manor Mysore,Mysore,mysore,"191, Chamundi Hill Rd, Chamundi Hill, Mysore, Karnataka 570010",,,4.8,570010,,Hotel,yes,,,,,https://hotelzz.in/property.html?id=orchid-manor-mysore-in05438
aria-heritage-inn-mysore-in05439,Aria Heritage Inn Mysore,Mysore,mysore,"258, Saraswathipuram, Chamundi Hill, Mysore, Karnataka 570001",,,4.8,570001,,Hotel,yes,,,,,https://hotelzz.in/property.html?id=aria-heritage-inn-mysore-in05439
tranquil-haveli-mysore-in05440,Tranquil Haveli Mysore,Mysore,mysore,"230, Saraswathipuram, Saraswathipuram, Mysore, Karnataka 570020",,,4.5,570020,,Hotel,yes,,,,,https://hotelzz.in/property.html?id=tranquil-haveli-mysore-in05440
hotel-emerald-palace-mysore-in05441,Hotel Emerald Palace Mysore,Mysore,mysore,"73, Chamundi Hill Rd, Chamundi Hill, Mysore, Karnataka 570010",,,4.6,570010,,Hotel,yes,,,,,https://hotelzz.in/property.html?id=hotel-emerald-palace-mysore-in05441
imperial-manor-mysore-in05442,Imperial Manor Mysore,Mysore,mysore,"335, Vijayanagar, Chamundi Hill, Mysore, Karnataka 570004",,,4.5,570004,,Hotel,yes,,,,,https://hotelzz.in/property.html?id=imperial-manor-mysore-in05442
the-wooden-mansion-mysore-in05443,The Wooden Mansion Mysore,Mysore,mysore,"183, Devaraja Mohalla, Saraswathipuram, Mysore, Karnataka 570004",,,4.8,570004,,Hotel,yes,,,,,https://hotelzz.in/property.html?id=the-wooden-mansion-mysore-in05443
the-heritage-mansion-mysore-in05444,The Heritage Mansion Mysore,Mysore,mysore,"312, Vijayanagar, near Mysore Palace, Mysore, Karnataka 570001",,,4.2,570001,,Hotel,yes,,,,,https://hotelzz.in/property.html?id=the-heritage-mansion-mysore-in05444
hotel-casa-palace-mysore-in05445,Hotel Casa Palace Mysore,Mysore,mysore,"563, Devaraja Mohalla, Saraswathipuram, Mysore, Karnataka 570020",,,4.7,570020,,Hotel,yes,,,,,https://hotelzz.in/property.html?id=hotel-casa-palace-mysore-in05445
the-maharajas-royal-mysore-in05446,The Maharaja's Royal Mysore,Mysore,mysore,"351, Vijayanagar, near Mysore Palace, Mysore, Karnataka 570001",,,4.4,570001,,Hotel,yes,,,,,https://hotelzz.in/property.html?id=the-maharajas-royal-mysore-in05446
velvet-niwas-boutique-mysore-in05447,Velvet Niwas Boutique Mysore,Mysore,mysore,"550, Mysore Palace, Chamundi Hill, Mysore, Karnataka 570001",,,4.1,570001,,Hotel,yes,,,,,https://hotelzz.in/property.html?id=velvet-niwas-boutique-mysore-in05447
the-maharajas-wooden-mysore-in05448,The Maharaja's Wooden Mysore,Mysore,mysore,"124, Saraswathipuram, near Mysore Palace, Mysore, Karnataka 570004",,,4.7,570004,,Hotel,yes,,,,,https://hotelzz.in/property.html?id=the-maharajas-wooden-mysore-in05448
highland-haveli-mysore-in05449,Highland Haveli Mysore,Mysore,mysore,"283, Mysore Palace, Chamundi Hill, Mysore, Karnataka 570004",,,4.4,570004,,Hotel,yes,,,,,https://hotelzz.in/property.html?id=highland-haveli-mysore-in05449
cosy-heritage-inn-mysore-in05450,Cosy Heritage Inn Mysore,Mysore,mysore,"505, Chamundi Hill Rd, Vijayanagar, Mysore, Karnataka 570001",,,4.2,570001,,Hotel,yes,,,,,https://hotelzz.in/property.html?id=cosy-heritage-inn-mysore-in05450
imperial-haveli-mysore-in05451,Imperial Haveli Mysore,Mysore,mysore,"571, Chamundi Hill Rd, Saraswathipuram, Mysore, Karnataka 570004",,,4.2,570004,,Hotel,yes,,,,,https://hotelzz.in/property.html?id=imperial-haveli-mysore-in05451
crown-niwas-boutique-mysore-in05452,Crown Niwas Boutique Mysore,Mysore,mysore,"128, Saraswathipuram, Chamundi Hill, Mysore, Karnataka 570020",,,4.1,570020,,Hotel,yes,,,,,https://hotelzz.in/property.html?id=crown-niwas-boutique-mysore-in05452
the-crystal-mansion-mysore-in05453,The Crystal Mansion Mysore,Mysore,mysore,"562, Mysore Palace, Saraswathipuram, Mysore, Karnataka 570020",,,4.9,570020,,Hotel,yes,,,,,https://hotelzz.in/property.html?id=the-crystal-mansion-mysore-in05453
crystal-heritage-inn-mysore-in05454,Crystal Heritage Inn Mysore,Mysore,mysore,"68, Vijayanagar, near Mysore Palace, Mysore, Karnataka 570001",,,4.8,570001,,Hotel,yes,,,,,https://hotelzz.in/property.html?id=crystal-heritage-inn-mysore-in05454
azure-manor-mysore-in05455,Azure Manor Mysore,Mysore,mysore,"531, Saraswathipuram, Vijayanagar, Mysore, Karnataka 570001",,,4.8,570001,,Hotel,yes,,,,,https://hotelzz.in/property.html?id=azure-manor-mysore-in05455
the-serene-mansion-mysore-in05456,The Serene Mansion Mysore,Mysore,mysore,"174, Chamundi Hill Rd, Vijayanagar, Mysore, Karnataka 570020",,,4.2,570020,,Hotel,yes,,,,,https://hotelzz.in/property.html?id=the-serene-mansion-mysore-in05456
the-maharajas-orchid-mysore-in05457,The Maharaja's Orchid Mysore,Mysore,mysore,"507, Mysore Palace, near Mysore Palace, Mysore, Karnataka 570010",,,4.6,570010,,Hotel,yes,,,,,https://hotelzz.in/property.html?id=the-maharajas-orchid-mysore-in05457
wooden-manor-mysore-in05458,Wooden Manor Mysore,Mysore,mysore,"501, Chamundi Hill Rd, Chamundi Hill, Mysore, Karnataka 570001",,,4.7,570001,,Hotel,yes,,,,,https://hotelzz.in/property.html?id=wooden-manor-mysore-in05458
royal-haveli-mysore-in05459,Royal Haveli Mysore,Mysore,mysore,"145, Chamundi Hill Rd, Vijayanagar, Mysore, Karnataka 570004",,,4.8,570004,,Hotel,yes,,,,,https://hotelzz.in/property.html?id=royal-haveli-mysore-in05459
the-maharajas-ocean-mysore-in05460,The Maharaja's Ocean Mysore,Mysore,mysore,"581, Vijayanagar, near Mysore Palace, Mysore, Karnataka 570020",,,4.7,570020,,Hotel,yes,,,,,https://hotelzz.in/property.html?id=the-maharajas-ocean-mysore-in05460
aspen-haveli-mysore-in05461,Aspen Haveli Mysore,Mysore,mysore,"107, Devaraja Mohalla, Chamundi Hill, Mysore, Karnataka 570004",,,4.5,570004,,Hotel,yes,,,,,https://hotelzz.in/property.html?id=aspen-haveli-mysore-in05461
crown-heritage-inn-mysore-in05462,Crown Heritage Inn Mysore,Mysore,mysore,"42, Mysore Palace, Vijayanagar, Mysore, Karnataka 570004",,,4.8,570004,,Hotel,yes,,,,,https://hotelzz.in/property.html?id=crown-heritage-inn-mysore-in05462
sunrise-manor-mysore-in05463,Sunrise Manor Mysore,Mysore,mysore,"403, Devaraja Mohalla, near Mysore Palace, Mysore, Karnataka 570004",,,4.9,570004,,Hotel,yes,,,,,https://hotelzz.in/property.html?id=sunrise-manor-mysore-in05463
aurora-manor-mysore-in05464,Aurora Manor Mysore,Mysore,mysore,"349, Mysore Palace, near Mysore Palace, Mysore, Karnataka 570010",,,4.4,570010,,Hotel,yes,,,,,https://hotelzz.in/property.html?id=aurora-manor-mysore-in05464
tranquil-heritage-inn-mysore-in05465,Tranquil Heritage Inn Mysore,Mysore,mysore,"458, Jayalakshmipuram, Chamundi Hill, Mysore, Karnataka 570004",,,4.8,570004,,Hotel,yes,,,,,https://hotelzz.in/property.html?id=tranquil-heritage-inn-mysore-in05465
heritage-heritage-inn-mysore-in05466,Heritage Heritage Inn Mysore,Mysore,mysore,"77, Mysore Palace, Vijayanagar, Mysore, Karnataka 570001",,,4.8,570001,,Hotel,yes,,,,,https://hotelzz.in/property.html?id=heritage-heritage-inn-mysore-in05466
orchid-heritage-inn-mysore-in05467,Orchid Heritage Inn Mysore,Mysore,mysore,"58, Vijayanagar, Chamundi Hill, Mysore, Karnataka 570001",,,4.3,570001,,Hotel,yes,,,,,https://hotelzz.in/property.html?id=orchid-heritage-inn-mysore-in05467
the-saffron-mansion-mysore-in05468,The Saffron Mansion Mysore,Mysore,mysore,"31, Devaraja Mohalla, Saraswathipuram, Mysore, Karnataka 570004",,,4.7,570004,,Hotel,yes,,,,,https://hotelzz.in/property.html?id=the-saffron-mansion-mysore-in05468
alpine-haveli-mysore-in05469,Alpine Haveli Mysore,Mysore,mysore,"215, Saraswathipuram, Vijayanagar, Mysore, Karnataka 570010",,,4.6,570010,,Hotel,yes,,,,,https://hotelzz.in/property.html?id=alpine-haveli-mysore-in05469
the-maharajas-casa-mysore-in05470,The Maharaja's Casa Mysore,Mysore,mysore,"271, Saraswathipuram, near Mysore Palace, Mysore, Karnataka 570020",,,4.5,570020,,Hotel,yes,,,,,https://hotelzz.in/property.html?id=the-maharajas-casa-mysore-in05470
aurora-cottage-shillong-in05471,Aurora Cottage Shillong,Shillong,shillong,"493, Police Bazaar, near Ward's Lake, Shillong, Meghalaya 793004",,,4.0,793004,,Cottage,yes,,,,,https://hotelzz.in/property.html?id=aurora-cottage-shillong-in05471
the-shillong-retreat-in05472,The Shillong Retreat,Shillong,shillong,"27, Upper Shillong, Police Bazaar, Shillong, Meghalaya 793003",,,4.2,793003,,Cottage,yes,,,,,https://hotelzz.in/property.html?id=the-shillong-retreat-in05472
shillong-mountain-inn-in05473,Shillong Mountain Inn,Shillong,shillong,"53, Upper Shillong, Police Bazaar, Shillong, Meghalaya 793004",,,4.5,793004,,Cottage,yes,,,,,https://hotelzz.in/property.html?id=shillong-mountain-inn-in05473
shillong-hills-resort-in05474,Shillong Hills Resort,Shillong,shillong,"544, Mawlai, Laitumkhrah, Shillong, Meghalaya 793003",,,4.1,793003,,Cottage,yes,,,,,https://hotelzz.in/property.html?id=shillong-hills-resort-in05474
sapphire-hideaway-shillong-in05475,Sapphire Hideaway Shillong,Shillong,shillong,"60, Police Bazaar, Police Bazaar, Shillong, Meghalaya 793001",,,4.2,793001,,Cottage,yes,,,,,https://hotelzz.in/property.html?id=sapphire-hideaway-shillong-in05475
royal-pines-shillong-in05476,Royal Pines Shillong,Shillong,shillong,"231, Nongthymmai, Laitumkhrah, Shillong, Meghalaya 793004",,,4.1,793004,,Cottage,yes,,,,,https://hotelzz.in/property.html?id=royal-pines-shillong-in05476
crown-hideaway-shillong-in05477,Crown Hideaway Shillong,Shillong,shillong,"535, Mawkhar, Upper Shillong, Shillong, Meghalaya 793004",,,4.5,793004,,Cottage,yes,,,,,https://hotelzz.in/property.html?id=crown-hideaway-shillong-in05477
cedar-shillong-lodge-in05478,Cedar Shillong Lodge,Shillong,shillong,"81, Upper Shillong, Upper Shillong, Shillong, Meghalaya 793004",,,4.3,793004,,Cottage,yes,,,,,https://hotelzz.in/property.html?id=cedar-shillong-lodge-in05478
regal-hideaway-shillong-in05479,Regal Hideaway Shillong,Shillong,shillong,"122, Mawkhar, Laitumkhrah, Shillong, Meghalaya 793003",,,4.4,793003,,Cottage,yes,,,,,https://hotelzz.in/property.html?id=regal-hideaway-shillong-in05479
apple-orchard-shillong-in05480,Apple Orchard Shillong,Shillong,shillong,"331, Mawlai, near Ward's Lake, Shillong, Meghalaya 793004",,,4.7,793004,,Cottage,yes,,,,,https://hotelzz.in/property.html?id=apple-orchard-shillong-in05480
azure-cottage-shillong-in05481,Azure Cottage Shillong,Shillong,shillong,"583, Upper Shillong, near Ward's Lake, Shillong, Meghalaya 793001",,,4.4,793001,,Cottage,yes,,,,,https://hotelzz.in/property.html?id=azure-cottage-shillong-in05481
serene-cottage-shillong-in05482,Serene Cottage Shillong,Shillong,shillong,"435, Mawlai, near Ward's Lake, Shillong, Meghalaya 793004",,,4.3,793004,,Cottage,yes,,,,,https://hotelzz.in/property.html?id=serene-cottage-shillong-in05482
maple-cottage-shillong-in05483,Maple Cottage Shillong,Shillong,shillong,"12, Police Bazaar, near Ward's Lake, Shillong, Meghalaya 793004",,,4.4,793004,,Cottage,yes,,,,,https://hotelzz.in/property.html?id=maple-cottage-shillong-in05483
himalayan-serene-shillong-in05484,Himalayan Serene Shillong,Shillong,shillong,"439, Mawkhar, Laitumkhrah, Shillong, Meghalaya 793004",,,4.2,793004,,Cottage,yes,,,,,https://hotelzz.in/property.html?id=himalayan-serene-shillong-in05484
the-silver-cabin-shillong-in05485,The Silver Cabin Shillong,Shillong,shillong,"597, Nongthymmai, Laitumkhrah, Shillong, Meghalaya 793004",,,4.8,793004,,Cottage,yes,,,,,https://hotelzz.in/property.html?id=the-silver-cabin-shillong-in05485
indigo-cottage-shillong-in05486,Indigo Cottage Shillong,Shillong,shillong,"321, Nongthymmai, Police Bazaar, Shillong, Meghalaya 793001",,,4.1,793001,,Cottage,yes,,,,,https://hotelzz.in/property.html?id=indigo-cottage-shillong-in05486
pine-shillong-lodge-in05487,Pine Shillong Lodge,Shillong,shillong,"297, Mawlai, Upper Shillong, Shillong, Meghalaya 793003",,,4.3,793003,,Cottage,yes,,,,,https://hotelzz.in/property.html?id=pine-shillong-lodge-in05487
whispering-cottage-shillong-in05488,Whispering Cottage Shillong,Shillong,shillong,"382, Upper Shillong, Upper Shillong, Shillong, Meghalaya 793001",,,4.2,793001,,Cottage,yes,,,,,https://hotelzz.in/property.html?id=whispering-cottage-shillong-in05488
wood-house-shillong-in05489,Wood House Shillong,Shillong,shillong,"502, Mawlai, Upper Shillong, Shillong, Meghalaya 793001",,,4.7,793001,,Cottage,yes,,,,,https://hotelzz.in/property.html?id=wood-house-shillong-in05489
vintage-valley-stay-shillong-in05490,Vintage Valley Stay Shillong,Shillong,shillong,"514, Mawkhar, near Ward's Lake, Shillong, Meghalaya 793001",,,4.2,793001,,Cottage,yes,,,,,https://hotelzz.in/property.html?id=vintage-valley-stay-shillong-in05490
aria-cottage-shillong-in05491,Aria Cottage Shillong,Shillong,shillong,"6, Police Bazaar, Police Bazaar, Shillong, Meghalaya 793001",,,4.8,793001,,Cottage,yes,,,,,https://hotelzz.in/property.html?id=aria-cottage-shillong-in05491
himalayan-orchid-shillong-in05492,Himalayan Orchid Shillong,Shillong,shillong,"501, Laitumkhrah, near Ward's Lake, Shillong, Meghalaya 793001",,,4.3,793001,,Cottage,yes,,,,,https://hotelzz.in/property.html?id=himalayan-orchid-shillong-in05492
indigo-view-resort-shillong-in05493,Indigo View Resort Shillong,Shillong,shillong,"84, Mawkhar, Laitumkhrah, Shillong, Meghalaya 793003",,,4.5,793003,,Cottage,yes,,,,,https://hotelzz.in/property.html?id=indigo-view-resort-shillong-in05493
silver-view-resort-shillong-in05494,Silver View Resort Shillong,Shillong,shillong,"174, Mawkhar, Police Bazaar, Shillong, Meghalaya 793004",,,4.2,793004,,Cottage,yes,,,,,https://hotelzz.in/property.html?id=silver-view-resort-shillong-in05494
aurora-hideaway-shillong-in05495,Aurora Hideaway Shillong,Shillong,shillong,"71, Mawkhar, Laitumkhrah, Shillong, Meghalaya 793001",,,4.6,793001,,Cottage,yes,,,,,https://hotelzz.in/property.html?id=aurora-hideaway-shillong-in05495
sapphire-valley-stay-shillong-in05496,Sapphire Valley Stay Shillong,Shillong,shillong,"142, Nongthymmai, Upper Shillong, Shillong, Meghalaya 793001",,,4.6,793001,,Cottage,yes,,,,,https://hotelzz.in/property.html?id=sapphire-valley-stay-shillong-in05496
marigold-view-resort-shillong-in05497,Marigold View Resort Shillong,Shillong,shillong,"425, Nongthymmai, Police Bazaar, Shillong, Meghalaya 793001",,,4.1,793001,,Cottage,yes,,,,,https://hotelzz.in/property.html?id=marigold-view-resort-shillong-in05497
hotel-sapphire-shillong-in05498,Hotel Sapphire Shillong,Shillong,shillong,"388, Mawlai, Police Bazaar, Shillong, Meghalaya 793001",,,4.9,793001,,Cottage,yes,,,,,https://hotelzz.in/property.html?id=hotel-sapphire-shillong-in05498
emerald-cottage-shillong-in05499,Emerald Cottage Shillong,Shillong,shillong,"123, Nongthymmai, near Ward's Lake, Shillong, Meghalaya 793003",,,4.3,793003,,Cottage,yes,,,,,https://hotelzz.in/property.html?id=emerald-cottage-shillong-in05499
highland-pines-shillong-in05500,Highland Pines Shillong,Shillong,shillong,"168, Mawkhar, Laitumkhrah, Shillong, Meghalaya 793004",,,4.6,793004,,Cottage,yes,,,,,https://hotelzz.in/property.html?id=highland-pines-shillong-in05500
snowline-shillong-cottage-in05501,Snowline Shillong Cottage,Shillong,shillong,"474, Police Bazaar, near Ward's Lake, Shillong, Meghalaya 793003",,,4.7,793003,,Cottage,yes,,,,,https://hotelzz.in/property.html?id=snowline-shillong-cottage-in05501
tranquil-hideaway-shillong-in05502,Tranquil Hideaway Shillong,Shillong,shillong,"378, Mawkhar, near Ward's Lake, Shillong, Meghalaya 793001",,,4.3,793001,,Cottage,yes,,,,,https://hotelzz.in/property.html?id=tranquil-hideaway-shillong-in05502
emerald-view-resort-shillong-in05503,Emerald View Resort Shillong,Shillong,shillong,"530, Nongthymmai, Police Bazaar, Shillong, Meghalaya 793004",,,4.9,793004,,Cottage,yes,,,,,https://hotelzz.in/property.html?id=emerald-view-resort-shillong-in05503
crystal-pines-shillong-in05504,Crystal Pines Shillong,Shillong,shillong,"521, Mawlai, near Ward's Lake, Shillong, Meghalaya 793001",,,4.0,793001,,Cottage,yes,,,,,https://hotelzz.in/property.html?id=crystal-pines-shillong-in05504
azure-hideaway-shillong-in05505,Azure Hideaway Shillong,Shillong,shillong,"253, Mawkhar, near Ward's Lake, Shillong, Meghalaya 793003",,,4.3,793003,,Cottage,yes,,,,,https://hotelzz.in/property.html?id=azure-hideaway-shillong-in05505
the-cosy-cabin-shillong-in05506,The Cosy Cabin Shillong,Shillong,shillong,"575, Nongthymmai, Laitumkhrah, Shillong, Meghalaya 793003",,,4.4,793003,,Cottage,yes,,,,,https://hotelzz.in/property.html?id=the-cosy-cabin-shillong-in05506
the-aspen-cabin-shillong-in05507,The Aspen Cabin Shillong,Shillong,shillong,"377, Police Bazaar, near Ward's Lake, Shillong, Meghalaya 793003",,,4.0,793003,,Cottage,yes,,,,,https://hotelzz.in/property.html?id=the-aspen-cabin-shillong-in05507
the-orchid-cabin-shillong-in05508,The Orchid Cabin Shillong,Shillong,shillong,"36, Upper Shillong, Upper Shillong, Shillong, Meghalaya 793004",,,4.1,793004,,Cottage,yes,,,,,https://hotelzz.in/property.html?id=the-orchid-cabin-shillong-in05508
himalayan-tranquil-shillong-in05509,Himalayan Tranquil Shillong,Shillong,shillong,"477, Nongthymmai, Police Bazaar, Shillong, Meghalaya 793001",,,4.7,793001,,Cottage,yes,,,,,https://hotelzz.in/property.html?id=himalayan-tranquil-shillong-in05509
hotel-orchid-shillong-in05510,Hotel Orchid Shillong,Shillong,shillong,"98, Nongthymmai, near Ward's Lake, Shillong, Meghalaya 793004",,,4.8,793004,,Cottage,yes,,,,,https://hotelzz.in/property.html?id=hotel-orchid-shillong-in05510
velvet-hideaway-shillong-in05511,Velvet Hideaway Shillong,Shillong,shillong,"296, Laitumkhrah, Police Bazaar, Shillong, Meghalaya 793001",,,4.6,793001,,Cottage,yes,,,,,https://hotelzz.in/property.html?id=velvet-hideaway-shillong-in05511
himalayan-imperial-shillong-in05512,Himalayan Imperial Shillong,Shillong,shillong,"329, Police Bazaar, Police Bazaar, Shillong, Meghalaya 793003",,,4.4,793003,,Cottage,yes,,,,,https://hotelzz.in/property.html?id=himalayan-imperial-shillong-in05512
alpine-pines-shillong-in05513,Alpine Pines Shillong,Shillong,shillong,"361, Laitumkhrah, Upper Shillong, Shillong, Meghalaya 793004",,,4.3,793004,,Cottage,yes,,,,,https://hotelzz.in/property.html?id=alpine-pines-shillong-in05513
hotel-misty-shillong-in05514,Hotel Misty Shillong,Shillong,shillong,"399, Mawkhar, Upper Shillong, Shillong, Meghalaya 793003",,,4.4,793003,,Cottage,yes,,,,,https://hotelzz.in/property.html?id=hotel-misty-shillong-in05514
casa-hideaway-shillong-in05515,Casa Hideaway Shillong,Shillong,shillong,"311, Mawkhar, Upper Shillong, Shillong, Meghalaya 793001",,,4.4,793001,,Cottage,yes,,,,,https://hotelzz.in/property.html?id=casa-hideaway-shillong-in05515
indigo-hideaway-shillong-in05516,Indigo Hideaway Shillong,Shillong,shillong,"583, Laitumkhrah, Upper Shillong, Shillong, Meghalaya 793001",,,4.3,793001,,Cottage,yes,,,,,https://hotelzz.in/property.html?id=indigo-hideaway-shillong-in05516
tranquil-cottage-shillong-in05517,Tranquil Cottage Shillong,Shillong,shillong,"63, Mawkhar, Upper Shillong, Shillong, Meghalaya 793004",,,4.0,793004,,Cottage,yes,,,,,https://hotelzz.in/property.html?id=tranquil-cottage-shillong-in05517
sunrise-valley-stay-shillong-in05518,Sunrise Valley Stay Shillong,Shillong,shillong,"570, Laitumkhrah, Laitumkhrah, Shillong, Meghalaya 793003",,,4.4,793003,,Cottage,yes,,,,,https://hotelzz.in/property.html?id=sunrise-valley-stay-shillong-in05518
saffron-cottage-shillong-in05519,Saffron Cottage Shillong,Shillong,shillong,"382, Upper Shillong, Laitumkhrah, Shillong, Meghalaya 793001",,,4.8,793001,,Cottage,yes,,,,,https://hotelzz.in/property.html?id=saffron-cottage-shillong-in05519
hotel-sunrise-shillong-in05520,Hotel Sunrise Shillong,Shillong,shillong,"591, Mawlai, Laitumkhrah, Shillong, Meghalaya 793003",,,4.1,793003,,Cottage,yes,,,,,https://hotelzz.in/property.html?id=hotel-sunrise-shillong-in05520
silver-cottage-shillong-in05521,Silver Cottage Shillong,Shillong,shillong,"599, Upper Shillong, near Ward's Lake, Shillong, Meghalaya 793004",,,4.4,793004,,Cottage,yes,,,,,https://hotelzz.in/property.html?id=silver-cottage-shillong-in05521
ocean-cottage-shillong-in05522,Ocean Cottage Shillong,Shillong,shillong,"182, Upper Shillong, Police Bazaar, Shillong, Meghalaya 793003",,,4.1,793003,,Cottage,yes,,,,,https://hotelzz.in/property.html?id=ocean-cottage-shillong-in05522
hotel-highland-shillong-in05523,Hotel Highland Shillong,Shillong,shillong,"545, Mawkhar, Upper Shillong, Shillong, Meghalaya 793003",,,4.8,793003,,Cottage,yes,,,,,https://hotelzz.in/property.html?id=hotel-highland-shillong-in05523
himalayan-aurora-shillong-in05524,Himalayan Aurora Shillong,Shillong,shillong,"415, Mawkhar, Laitumkhrah, Shillong, Meghalaya 793004",,,4.3,793004,,Cottage,yes,,,,,https://hotelzz.in/property.html?id=himalayan-aurora-shillong-in05524
hotel-serene-shillong-in05525,Hotel Serene Shillong,Shillong,shillong,"21, Upper Shillong, Upper Shillong, Shillong, Meghalaya 793003",,,4.7,793003,,Cottage,yes,,,,,https://hotelzz.in/property.html?id=hotel-serene-shillong-in05525
the-saffron-cabin-shillong-in05526,The Saffron Cabin Shillong,Shillong,shillong,"499, Laitumkhrah, Laitumkhrah, Shillong, Meghalaya 793003",,,4.2,793003,,Cottage,yes,,,,,https://hotelzz.in/property.html?id=the-saffron-cabin-shillong-in05526
cosy-view-resort-shillong-in05527,Cosy View Resort Shillong,Shillong,shillong,"424, Nongthymmai, Laitumkhrah, Shillong, Meghalaya 793003",,,4.2,793003,,Cottage,yes,,,,,https://hotelzz.in/property.html?id=cosy-view-resort-shillong-in05527
hotel-imperial-shillong-in05528,Hotel Imperial Shillong,Shillong,shillong,"481, Laitumkhrah, Upper Shillong, Shillong, Meghalaya 793001",,,4.7,793001,,Cottage,yes,,,,,https://hotelzz.in/property.html?id=hotel-imperial-shillong-in05528
hotel-saffron-shillong-in05529,Hotel Saffron Shillong,Shillong,shillong,"446, Police Bazaar, near Ward's Lake, Shillong, Meghalaya 793003",,,4.3,793003,,Cottage,yes,,,,,https://hotelzz.in/property.html?id=hotel-saffron-shillong-in05529
hotel-aurora-shillong-in05530,Hotel Aurora Shillong,Shillong,shillong,"32, Mawkhar, Police Bazaar, Shillong, Meghalaya 793003",,,4.8,793003,,Cottage,yes,,,,,https://hotelzz.in/property.html?id=hotel-aurora-shillong-in05530
hotel-ocean-shillong-in05531,Hotel Ocean Shillong,Shillong,shillong,"178, Nongthymmai, Laitumkhrah, Shillong, Meghalaya 793001",,,4.1,793001,,Cottage,yes,,,,,https://hotelzz.in/property.html?id=hotel-ocean-shillong-in05531
wooden-hideaway-shillong-in05532,Wooden Hideaway Shillong,Shillong,shillong,"190, Police Bazaar, Upper Shillong, Shillong, Meghalaya 793001",,,4.1,793001,,Cottage,yes,,,,,https://hotelzz.in/property.html?id=wooden-hideaway-shillong-in05532
hotel-tranquil-shillong-in05533,Hotel Tranquil Shillong,Shillong,shillong,"492, Mawkhar, near Ward's Lake, Shillong, Meghalaya 793003",,,4.7,793003,,Cottage,yes,,,,,https://hotelzz.in/property.html?id=hotel-tranquil-shillong-in05533
the-vintage-cabin-shillong-in05534,The Vintage Cabin Shillong,Shillong,shillong,"500, Upper Shillong, Laitumkhrah, Shillong, Meghalaya 793003",,,4.3,793003,,Cottage,yes,,,,,https://hotelzz.in/property.html?id=the-vintage-cabin-shillong-in05534
aria-view-resort-shillong-in05535,Aria View Resort Shillong,Shillong,shillong,"296, Mawlai, Upper Shillong, Shillong, Meghalaya 793004",,,4.8,793004,,Cottage,yes,,,,,https://hotelzz.in/property.html?id=aria-view-resort-shillong-in05535
crown-valley-stay-shillong-in05536,Crown Valley Stay Shillong,Shillong,shillong,"349, Laitumkhrah, Laitumkhrah, Shillong, Meghalaya 793003",,,4.1,793003,,Cottage,yes,,,,,https://hotelzz.in/property.html?id=crown-valley-stay-shillong-in05536
himalayan-wooden-shillong-in05537,Himalayan Wooden Shillong,Shillong,shillong,"382, Police Bazaar, Police Bazaar, Shillong, Meghalaya 793003",,,4.4,793003,,Cottage,yes,,,,,https://hotelzz.in/property.html?id=himalayan-wooden-shillong-in05537
the-casa-cabin-shillong-in05538,The Casa Cabin Shillong,Shillong,shillong,"317, Mawkhar, Laitumkhrah, Shillong, Meghalaya 793004",,,4.3,793004,,Cottage,yes,,,,,https://hotelzz.in/property.html?id=the-casa-cabin-shillong-in05538
whispering-view-resort-shillong-in05539,Whispering View Resort Shillong,Shillong,shillong,"380, Mawlai, Upper Shillong, Shillong, Meghalaya 793004",,,4.5,793004,,Cottage,yes,,,,,https://hotelzz.in/property.html?id=whispering-view-resort-shillong-in05539
hotel-whispering-shillong-in05540,Hotel Whispering Shillong,Shillong,shillong,"356, Police Bazaar, near Ward's Lake, Shillong, Meghalaya 793001",,,4.4,793001,,Cottage,yes,,,,,https://hotelzz.in/property.html?id=hotel-whispering-shillong-in05540
driftwood-alleppey-stay-in05541,Driftwood Alleppey Stay,Alleppey,alleppey,"538, North Aryad, near Backwaters, Alleppey, Kerala 688013",,,4.1,688013,,Resort,yes,,,,,https://hotelzz.in/property.html?id=driftwood-alleppey-stay-in05541
saffron-bay-stay-alleppey-in05542,Saffron Bay Stay Alleppey,Alleppey,alleppey,"576, North Aryad, Mannancherry, Alleppey, Kerala 688007",,,4.8,688007,,Resort,yes,,,,,https://hotelzz.in/property.html?id=saffron-bay-stay-alleppey-in05542
sun-amp-sand-alleppey-in05543,Sun &amp; Sand Alleppey,Alleppey,alleppey,"477, Beach Rd, Beach Road, Alleppey, Kerala 688013",,,4.3,688013,,Resort,yes,,,,,https://hotelzz.in/property.html?id=sun-amp-sand-alleppey-in05543
the-ocean-shore-alleppey-in05544,The Ocean Shore Alleppey,Alleppey,alleppey,"202, CCNB Rd, Finishing Point, Alleppey, Kerala 688013",,,4.5,688013,,Resort,yes,,,,,https://hotelzz.in/property.html?id=the-ocean-shore-alleppey-in05544
pearl-alleppey-cottage-in05545,Pearl Alleppey Cottage,Alleppey,alleppey,"568, CCNB Rd, Finishing Point, Alleppey, Kerala 688013",,,4.8,688013,,Resort,yes,,,,,https://hotelzz.in/property.html?id=pearl-alleppey-cottage-in05545
the-saffron-shore-alleppey-in05546,The Saffron Shore Alleppey,Alleppey,alleppey,"288, Punnamada, near Backwaters, Alleppey, Kerala 688007",,,4.5,688007,,Resort,yes,,,,,https://hotelzz.in/property.html?id=the-saffron-shore-alleppey-in05546
hotel-alleppey-coastal-in05547,Hotel Alleppey Coastal,Alleppey,alleppey,"60, North Aryad, Beach Road, Alleppey, Kerala 688001",,,4.7,688001,,Resort,yes,,,,,https://hotelzz.in/property.html?id=hotel-alleppey-coastal-in05547
the-pearl-shore-alleppey-in05548,The Pearl Shore Alleppey,Alleppey,alleppey,"588, North Aryad, near Backwaters, Alleppey, Kerala 688001",,,4.4,688001,,Resort,yes,,,,,https://hotelzz.in/property.html?id=the-pearl-shore-alleppey-in05548
sunset-alleppey-inn-in05549,Sunset Alleppey Inn,Alleppey,alleppey,"512, Beach Rd, near Backwaters, Alleppey, Kerala 688007",,,4.6,688007,,Resort,yes,,,,,https://hotelzz.in/property.html?id=sunset-alleppey-inn-in05549
coral-alleppey-resort-in05550,Coral Alleppey Resort,Alleppey,alleppey,"73, Mannancherry, Mannancherry, Alleppey, Kerala 688001",,,4.8,688001,,Resort,yes,,,,,https://hotelzz.in/property.html?id=coral-alleppey-resort-in05550
hotel-alleppey-marina-in05551,Hotel Alleppey Marina,Alleppey,alleppey,"597, CCNB Rd, Mannancherry, Alleppey, Kerala 688007",,,4.7,688007,,Resort,yes,,,,,https://hotelzz.in/property.html?id=hotel-alleppey-marina-in05551
hotel-ocean-regal-alleppey-in05552,Hotel Ocean Regal Alleppey,Alleppey,alleppey,"191, CCNB Rd, Finishing Point, Alleppey, Kerala 688007",,,4.5,688007,,Resort,yes,,,,,https://hotelzz.in/property.html?id=hotel-ocean-regal-alleppey-in05552
hotel-ocean-crown-alleppey-in05553,Hotel Ocean Crown Alleppey,Alleppey,alleppey,"207, CCNB Rd, Punnamada, Alleppey, Kerala 688007",,,4.7,688007,,Resort,yes,,,,,https://hotelzz.in/property.html?id=hotel-ocean-crown-alleppey-in05553
the-orchid-shore-alleppey-in05554,The Orchid Shore Alleppey,Alleppey,alleppey,"513, Mannancherry, near Backwaters, Alleppey, Kerala 688001",,,4.6,688001,,Resort,yes,,,,,https://hotelzz.in/property.html?id=the-orchid-shore-alleppey-in05554
aspen-cove-alleppey-in05555,Aspen Cove Alleppey,Alleppey,alleppey,"137, Finishing Point, Punnamada, Alleppey, Kerala 688001",,,4.9,688001,,Resort,yes,,,,,https://hotelzz.in/property.html?id=aspen-cove-alleppey-in05555
alpine-cove-alleppey-in05556,Alpine Cove Alleppey,Alleppey,alleppey,"150, Mannancherry, Mannancherry, Alleppey, Kerala 688001",,,4.1,688001,,Resort,yes,,,,,https://hotelzz.in/property.html?id=alpine-cove-alleppey-in05556
sunrise-bay-stay-alleppey-in05557,Sunrise Bay Stay Alleppey,Alleppey,alleppey,"181, CCNB Rd, Mannancherry, Alleppey, Kerala 688013",,,4.5,688013,,Resort,yes,,,,,https://hotelzz.in/property.html?id=sunrise-bay-stay-alleppey-in05557
alpine-bay-stay-alleppey-in05558,Alpine Bay Stay Alleppey,Alleppey,alleppey,"548, CCNB Rd, Mannancherry, Alleppey, Kerala 688013",,,4.0,688013,,Resort,yes,,,,,https://hotelzz.in/property.html?id=alpine-bay-stay-alleppey-in05558
hotel-ocean-casa-alleppey-in05559,Hotel Ocean Casa Alleppey,Alleppey,alleppey,"156, Beach Rd, Punnamada, Alleppey, Kerala 688007",,,4.3,688007,,Resort,yes,,,,,https://hotelzz.in/property.html?id=hotel-ocean-casa-alleppey-in05559
tranquil-beach-resort-alleppey-in05560,Tranquil Beach Resort Alleppey,Alleppey,alleppey,"479, Mannancherry, near Backwaters, Alleppey, Kerala 688013",,,4.7,688013,,Resort,yes,,,,,https://hotelzz.in/property.html?id=tranquil-beach-resort-alleppey-in05560
hotel-ocean-marigold-alleppey-in05561,Hotel Ocean Marigold Alleppey,Alleppey,alleppey,"15, Beach Rd, near Backwaters, Alleppey, Kerala 688001",,,4.2,688001,,Resort,yes,,,,,https://hotelzz.in/property.html?id=hotel-ocean-marigold-alleppey-in05561
velvet-beach-resort-alleppey-in05562,Velvet Beach Resort Alleppey,Alleppey,alleppey,"264, Mannancherry, Punnamada, Alleppey, Kerala 688007",,,4.7,688007,,Resort,yes,,,,,https://hotelzz.in/property.html?id=velvet-beach-resort-alleppey-in05562
alleppey-seaside-villa-in05563,Alleppey Seaside Villa,Alleppey,alleppey,"350, Beach Rd, near Backwaters, Alleppey, Kerala 688013",,,4.5,688013,,Resort,yes,,,,,https://hotelzz.in/property.html?id=alleppey-seaside-villa-in05563
heritage-bay-stay-alleppey-in05564,Heritage Bay Stay Alleppey,Alleppey,alleppey,"295, North Aryad, Punnamada, Alleppey, Kerala 688007",,,4.0,688007,,Resort,yes,,,,,https://hotelzz.in/property.html?id=heritage-bay-stay-alleppey-in05564
the-velvet-shore-alleppey-in05565,The Velvet Shore Alleppey,Alleppey,alleppey,"37, Mannancherry, Finishing Point, Alleppey, Kerala 688001",,,4.3,688001,,Resort,yes,,,,,https://hotelzz.in/property.html?id=the-velvet-shore-alleppey-in05565
whispering-bay-stay-alleppey-in05566,Whispering Bay Stay Alleppey,Alleppey,alleppey,"583, Beach Rd, Beach Road, Alleppey, Kerala 688013",,,4.1,688013,,Resort,yes,,,,,https://hotelzz.in/property.html?id=whispering-bay-stay-alleppey-in05566
serene-bay-stay-alleppey-in05567,Serene Bay Stay Alleppey,Alleppey,alleppey,"476, North Aryad, Finishing Point, Alleppey, Kerala 688007",,,4.5,688007,,Resort,yes,,,,,https://hotelzz.in/property.html?id=serene-bay-stay-alleppey-in05567
aria-bay-stay-alleppey-in05568,Aria Bay Stay Alleppey,Alleppey,alleppey,"17, Mannancherry, near Backwaters, Alleppey, Kerala 688001",,,4.9,688001,,Resort,yes,,,,,https://hotelzz.in/property.html?id=aria-bay-stay-alleppey-in05568
azure-cove-alleppey-in05569,Azure Cove Alleppey,Alleppey,alleppey,"513, Mannancherry, Mannancherry, Alleppey, Kerala 688001",,,4.6,688001,,Resort,yes,,,,,https://hotelzz.in/property.html?id=azure-cove-alleppey-in05569
the-alpine-shore-alleppey-in05570,The Alpine Shore Alleppey,Alleppey,alleppey,"536, CCNB Rd, Finishing Point, Alleppey, Kerala 688013",,,4.7,688013,,Resort,yes,,,,,https://hotelzz.in/property.html?id=the-alpine-shore-alleppey-in05570
indigo-beach-resort-alleppey-in05571,Indigo Beach Resort Alleppey,Alleppey,alleppey,"29, Punnamada, Beach Road, Alleppey, Kerala 688007",,,4.7,688007,,Resort,yes,,,,,https://hotelzz.in/property.html?id=indigo-beach-resort-alleppey-in05571
cosy-bay-stay-alleppey-in05572,Cosy Bay Stay Alleppey,Alleppey,alleppey,"277, Mannancherry, Finishing Point, Alleppey, Kerala 688013",,,4.6,688013,,Resort,yes,,,,,https://hotelzz.in/property.html?id=cosy-bay-stay-alleppey-in05572
pearl-bay-stay-alleppey-in05573,Pearl Bay Stay Alleppey,Alleppey,alleppey,"434, Finishing Point, Punnamada, Alleppey, Kerala 688001",,,4.6,688001,,Resort,yes,,,,,https://hotelzz.in/property.html?id=pearl-bay-stay-alleppey-in05573
ocean-bay-stay-alleppey-in05574,Ocean Bay Stay Alleppey,Alleppey,alleppey,"298, Finishing Point, Beach Road, Alleppey, Kerala 688001",,,4.0,688001,,Resort,yes,,,,,https://hotelzz.in/property.html?id=ocean-bay-stay-alleppey-in05574
hotel-ocean-imperial-alleppey-in05575,Hotel Ocean Imperial Alleppey,Alleppey,alleppey,"338, CCNB Rd, near Backwaters, Alleppey, Kerala 688013",,,4.8,688013,,Resort,yes,,,,,https://hotelzz.in/property.html?id=hotel-ocean-imperial-alleppey-in05575
regal-cove-alleppey-in05576,Regal Cove Alleppey,Alleppey,alleppey,"116, Mannancherry, near Backwaters, Alleppey, Kerala 688013",,,4.1,688013,,Resort,yes,,,,,https://hotelzz.in/property.html?id=regal-cove-alleppey-in05576
imperial-beach-resort-alleppey-in05577,Imperial Beach Resort Alleppey,Alleppey,alleppey,"13, Mannancherry, Finishing Point, Alleppey, Kerala 688013",,,4.6,688013,,Resort,yes,,,,,https://hotelzz.in/property.html?id=imperial-beach-resort-alleppey-in05577
orchid-bay-stay-alleppey-in05578,Orchid Bay Stay Alleppey,Alleppey,alleppey,"386, Beach Rd, near Backwaters, Alleppey, Kerala 688001",,,4.7,688001,,Resort,yes,,,,,https://hotelzz.in/property.html?id=orchid-bay-stay-alleppey-in05578
hotel-ocean-silver-alleppey-in05579,Hotel Ocean Silver Alleppey,Alleppey,alleppey,"142, Beach Rd, Finishing Point, Alleppey, Kerala 688007",,,4.9,688007,,Resort,yes,,,,,https://hotelzz.in/property.html?id=hotel-ocean-silver-alleppey-in05579
the-crystal-shore-alleppey-in05580,The Crystal Shore Alleppey,Alleppey,alleppey,"507, North Aryad, Punnamada, Alleppey, Kerala 688001",,,4.0,688001,,Resort,yes,,,,,https://hotelzz.in/property.html?id=the-crystal-shore-alleppey-in05580
aspen-bay-stay-alleppey-in05581,Aspen Bay Stay Alleppey,Alleppey,alleppey,"326, Finishing Point, near Backwaters, Alleppey, Kerala 688013",,,4.4,688013,,Resort,yes,,,,,https://hotelzz.in/property.html?id=aspen-bay-stay-alleppey-in05581
misty-beach-resort-alleppey-in05582,Misty Beach Resort Alleppey,Alleppey,alleppey,"566, North Aryad, Punnamada, Alleppey, Kerala 688001",,,4.0,688001,,Resort,yes,,,,,https://hotelzz.in/property.html?id=misty-beach-resort-alleppey-in05582
heritage-cove-alleppey-in05583,Heritage Cove Alleppey,Alleppey,alleppey,"529, Finishing Point, Mannancherry, Alleppey, Kerala 688001",,,4.2,688001,,Resort,yes,,,,,https://hotelzz.in/property.html?id=heritage-cove-alleppey-in05583
azure-beach-resort-alleppey-in05584,Azure Beach Resort Alleppey,Alleppey,alleppey,"552, Punnamada, Punnamada, Alleppey, Kerala 688013",,,4.9,688013,,Resort,yes,,,,,https://hotelzz.in/property.html?id=azure-beach-resort-alleppey-in05584
maple-bay-stay-alleppey-in05585,Maple Bay Stay Alleppey,Alleppey,alleppey,"85, Punnamada, near Backwaters, Alleppey, Kerala 688001",,,4.2,688001,,Resort,yes,,,,,https://hotelzz.in/property.html?id=maple-bay-stay-alleppey-in05585
hotel-ocean-crystal-alleppey-in05586,Hotel Ocean Crystal Alleppey,Alleppey,alleppey,"428, Mannancherry, near Backwaters, Alleppey, Kerala 688013",,,4.1,688013,,Resort,yes,,,,,https://hotelzz.in/property.html?id=hotel-ocean-crystal-alleppey-in05586
the-royal-shore-alleppey-in05587,The Royal Shore Alleppey,Alleppey,alleppey,"546, Punnamada, Finishing Point, Alleppey, Kerala 688001",,,4.9,688001,,Resort,yes,,,,,https://hotelzz.in/property.html?id=the-royal-shore-alleppey-in05587
misty-cove-alleppey-in05588,Misty Cove Alleppey,Alleppey,alleppey,"140, Finishing Point, near Backwaters, Alleppey, Kerala 688001",,,4.1,688001,,Resort,yes,,,,,https://hotelzz.in/property.html?id=misty-cove-alleppey-in05588
marigold-beach-resort-alleppey-in05589,Marigold Beach Resort Alleppey,Alleppey,alleppey,"485, North Aryad, Beach Road, Alleppey, Kerala 688013",,,4.7,688013,,Resort,yes,,,,,https://hotelzz.in/property.html?id=marigold-beach-resort-alleppey-in05589
the-indigo-shore-alleppey-in05590,The Indigo Shore Alleppey,Alleppey,alleppey,"348, Finishing Point, Finishing Point, Alleppey, Kerala 688013",,,4.6,688013,,Resort,yes,,,,,https://hotelzz.in/property.html?id=the-indigo-shore-alleppey-in05590
whispering-cove-alleppey-in05591,Whispering Cove Alleppey,Alleppey,alleppey,"184, Punnamada, Finishing Point, Alleppey, Kerala 688001",,,4.3,688001,,Resort,yes,,,,,https://hotelzz.in/property.html?id=whispering-cove-alleppey-in05591
the-sapphire-shore-alleppey-in05592,The Sapphire Shore Alleppey,Alleppey,alleppey,"522, Punnamada, Punnamada, Alleppey, Kerala 688013",,,4.4,688013,,Resort,yes,,,,,https://hotelzz.in/property.html?id=the-sapphire-shore-alleppey-in05592
marigold-cove-alleppey-in05593,Marigold Cove Alleppey,Alleppey,alleppey,"388, North Aryad, Punnamada, Alleppey, Kerala 688007",,,4.2,688007,,Resort,yes,,,,,https://hotelzz.in/property.html?id=marigold-cove-alleppey-in05593
regal-beach-resort-alleppey-in05594,Regal Beach Resort Alleppey,Alleppey,alleppey,"530, Punnamada, Beach Road, Alleppey, Kerala 688013",,,4.4,688013,,Resort,yes,,,,,https://hotelzz.in/property.html?id=regal-beach-resort-alleppey-in05594
casa-bay-stay-alleppey-in05595,Casa Bay Stay Alleppey,Alleppey,alleppey,"112, CCNB Rd, near Backwaters, Alleppey, Kerala 688007",,,4.8,688007,,Resort,yes,,,,,https://hotelzz.in/property.html?id=casa-bay-stay-alleppey-in05595
hotel-ocean-crown-alleppey-56-in05596,Hotel Ocean Crown Alleppey 56,Alleppey,alleppey,"125, Finishing Point, Punnamada, Alleppey, Kerala 688013",,,4.4,688013,,Resort,yes,,,,,https://hotelzz.in/property.html?id=hotel-ocean-crown-alleppey-56-in05596
alpine-beach-resort-alleppey-in05597,Alpine Beach Resort Alleppey,Alleppey,alleppey,"251, North Aryad, near Backwaters, Alleppey, Kerala 688007",,,4.2,688007,,Resort,yes,,,,,https://hotelzz.in/property.html?id=alpine-beach-resort-alleppey-in05597
crown-cove-alleppey-in05598,Crown Cove Alleppey,Alleppey,alleppey,"429, Beach Rd, Finishing Point, Alleppey, Kerala 688013",,,4.2,688013,,Resort,yes,,,,,https://hotelzz.in/property.html?id=crown-cove-alleppey-in05598
cosy-cove-alleppey-in05599,Cosy Cove Alleppey,Alleppey,alleppey,"109, Mannancherry, Punnamada, Alleppey, Kerala 688007",,,4.5,688007,,Resort,yes,,,,,https://hotelzz.in/property.html?id=cosy-cove-alleppey-in05599
the-silver-shore-alleppey-in05600,The Silver Shore Alleppey,Alleppey,alleppey,"566, Mannancherry, Beach Road, Alleppey, Kerala 688007",,,4.8,688007,,Resort,yes,,,,,https://hotelzz.in/property.html?id=the-silver-shore-alleppey-in05600
serene-beach-resort-alleppey-in05601,Serene Beach Resort Alleppey,Alleppey,alleppey,"306, Mannancherry, Beach Road, Alleppey, Kerala 688007",,,4.2,688007,,Resort,yes,,,,,https://hotelzz.in/property.html?id=serene-beach-resort-alleppey-in05601
tranquil-cove-alleppey-in05602,Tranquil Cove Alleppey,Alleppey,alleppey,"534, Finishing Point, near Backwaters, Alleppey, Kerala 688007",,,4.9,688007,,Resort,yes,,,,,https://hotelzz.in/property.html?id=tranquil-cove-alleppey-in05602
wooden-bay-stay-alleppey-in05603,Wooden Bay Stay Alleppey,Alleppey,alleppey,"264, Mannancherry, near Backwaters, Alleppey, Kerala 688007",,,4.2,688007,,Resort,yes,,,,,https://hotelzz.in/property.html?id=wooden-bay-stay-alleppey-in05603
crystal-cove-alleppey-in05604,Crystal Cove Alleppey,Alleppey,alleppey,"356, Mannancherry, Finishing Point, Alleppey, Kerala 688001",,,4.1,688001,,Resort,yes,,,,,https://hotelzz.in/property.html?id=crystal-cove-alleppey-in05604
hotel-ocean-wooden-alleppey-in05605,Hotel Ocean Wooden Alleppey,Alleppey,alleppey,"143, CCNB Rd, Punnamada, Alleppey, Kerala 688001",,,4.0,688001,,Resort,yes,,,,,https://hotelzz.in/property.html?id=hotel-ocean-wooden-alleppey-in05605
hotel-ocean-emerald-alleppey-in05606,Hotel Ocean Emerald Alleppey,Alleppey,alleppey,"221, Finishing Point, Finishing Point, Alleppey, Kerala 688007",,,4.9,688007,,Resort,yes,,,,,https://hotelzz.in/property.html?id=hotel-ocean-emerald-alleppey-in05606
maple-cove-alleppey-in05607,Maple Cove Alleppey,Alleppey,alleppey,"4, Beach Rd, Punnamada, Alleppey, Kerala 688007",,,4.7,688007,,Resort,yes,,,,,https://hotelzz.in/property.html?id=maple-cove-alleppey-in05607
royal-cove-alleppey-in05608,Royal Cove Alleppey,Alleppey,alleppey,"423, North Aryad, near Backwaters, Alleppey, Kerala 688001",,,4.3,688001,,Resort,yes,,,,,https://hotelzz.in/property.html?id=royal-cove-alleppey-in05608
royal-bay-stay-alleppey-in05609,Royal Bay Stay Alleppey,Alleppey,alleppey,"53, Punnamada, near Backwaters, Alleppey, Kerala 688013",,,4.8,688013,,Resort,yes,,,,,https://hotelzz.in/property.html?id=royal-bay-stay-alleppey-in05609
hotel-alleppey-coastal-70-in05610,Hotel Alleppey Coastal 70,Alleppey,alleppey,"542, Finishing Point, Punnamada, Alleppey, Kerala 688001",,,4.3,688001,,Resort,yes,,,,,https://hotelzz.in/property.html?id=hotel-alleppey-coastal-70-in05610
pearl-pines-leh-in05611,Pearl Pines Leh,Leh,leh,"521, Old Town, Main Bazaar, Leh, Ladakh 194101",,,4.2,194101,,Cottage,yes,,,,,https://hotelzz.in/property.html?id=pearl-pines-leh-in05611
snowline-leh-cottage-in05612,Snowline Leh Cottage,Leh,leh,"354, Karzoo, Sankar, Leh, Ladakh 194101",,,4.4,194101,,Cottage,yes,,,,,https://hotelzz.in/property.html?id=snowline-leh-cottage-in05612
the-leh-retreat-in05613,The Leh Retreat,Leh,leh,"498, Sankar, Old Town, Leh, Ladakh 194105",,,4.6,194105,,Cottage,yes,,,,,https://hotelzz.in/property.html?id=the-leh-retreat-in05613
himalayan-ocean-leh-in05614,Himalayan Ocean Leh,Leh,leh,"141, Old Town, Old Town, Leh, Ladakh 194101",,,4.3,194101,,Cottage,yes,,,,,https://hotelzz.in/property.html?id=himalayan-ocean-leh-in05614
cedar-leh-lodge-in05615,Cedar Leh Lodge,Leh,leh,"300, Karzoo, near Leh Palace, Leh, Ladakh 194105",,,4.2,194105,,Cottage,yes,,,,,https://hotelzz.in/property.html?id=cedar-leh-lodge-in05615
wood-house-leh-in05616,Wood House Leh,Leh,leh,"316, Fort Rd, near Leh Palace, Leh, Ladakh 194105",,,4.5,194105,,Cottage,yes,,,,,https://hotelzz.in/property.html?id=wood-house-leh-in05616
aurora-valley-stay-leh-in05617,Aurora Valley Stay Leh,Leh,leh,"384, Old Town, Sankar, Leh, Ladakh 194101",,,4.5,194101,,Cottage,yes,,,,,https://hotelzz.in/property.html?id=aurora-valley-stay-leh-in05617
sunrise-hideaway-leh-in05618,Sunrise Hideaway Leh,Leh,leh,"117, Karzoo, Main Bazaar, Leh, Ladakh 194105",,,4.9,194105,,Cottage,yes,,,,,https://hotelzz.in/property.html?id=sunrise-hideaway-leh-in05618
whispering-hideaway-leh-in05619,Whispering Hideaway Leh,Leh,leh,"322, Changspa, Changspa, Leh, Ladakh 194101",,,4.1,194101,,Cottage,yes,,,,,https://hotelzz.in/property.html?id=whispering-hideaway-leh-in05619
leh-mountain-inn-in05620,Leh Mountain Inn,Leh,leh,"298, Changspa, near Leh Palace, Leh, Ladakh 194105",,,4.4,194105,,Cottage,yes,,,,,https://hotelzz.in/property.html?id=leh-mountain-inn-in05620
apple-orchard-leh-in05621,Apple Orchard Leh,Leh,leh,"282, Sankar, Changspa, Leh, Ladakh 194101",,,4.2,194101,,Cottage,yes,,,,,https://hotelzz.in/property.html?id=apple-orchard-leh-in05621
himalayan-aurora-leh-in05622,Himalayan Aurora Leh,Leh,leh,"347, Choglamsar, Main Bazaar, Leh, Ladakh 194105",,,4.4,194105,,Cottage,yes,,,,,https://hotelzz.in/property.html?id=himalayan-aurora-leh-in05622
highland-hideaway-leh-in05623,Highland Hideaway Leh,Leh,leh,"79, Main Bazaar, Sankar, Leh, Ladakh 194105",,,4.9,194105,,Cottage,yes,,,,,https://hotelzz.in/property.html?id=highland-hideaway-leh-in05623
pine-leh-lodge-in05624,Pine Leh Lodge,Leh,leh,"204, Fort Rd, Changspa, Leh, Ladakh 194105",,,4.2,194105,,Cottage,yes,,,,,https://hotelzz.in/property.html?id=pine-leh-lodge-in05624
misty-view-resort-leh-in05625,Misty View Resort Leh,Leh,leh,"587, Sankar, near Leh Palace, Leh, Ladakh 194105",,,4.8,194105,,Cottage,yes,,,,,https://hotelzz.in/property.html?id=misty-view-resort-leh-in05625
royal-pines-leh-in05626,Royal Pines Leh,Leh,leh,"404, Choglamsar, Changspa, Leh, Ladakh 194105",,,4.1,194105,,Cottage,yes,,,,,https://hotelzz.in/property.html?id=royal-pines-leh-in05626
highland-view-resort-leh-in05627,Highland View Resort Leh,Leh,leh,"434, Fort Rd, Changspa, Leh, Ladakh 194101",,,4.6,194101,,Cottage,yes,,,,,https://hotelzz.in/property.html?id=highland-view-resort-leh-in05627
leh-hills-resort-in05628,Leh Hills Resort,Leh,leh,"394, Fort Rd, Choglamsar, Leh, Ladakh 194105",,,4.5,194105,,Cottage,yes,,,,,https://hotelzz.in/property.html?id=leh-hills-resort-in05628
sunrise-valley-stay-leh-in05629,Sunrise Valley Stay Leh,Leh,leh,"71, Sankar, Sankar, Leh, Ladakh 194105",,,4.1,194105,,Cottage,yes,,,,,https://hotelzz.in/property.html?id=sunrise-valley-stay-leh-in05629
the-royal-cabin-leh-in05630,The Royal Cabin Leh,Leh,leh,"286, Karzoo, Sankar, Leh, Ladakh 194101",,,4.3,194101,,Cottage,yes,,,,,https://hotelzz.in/property.html?id=the-royal-cabin-leh-in05630
casa-view-resort-leh-in05631,Casa View Resort Leh,Leh,leh,"387, Sankar, Changspa, Leh, Ladakh 194105",,,4.8,194105,,Cottage,yes,,,,,https://hotelzz.in/property.html?id=casa-view-resort-leh-in05631
whispering-cottage-leh-in05632,Whispering Cottage Leh,Leh,leh,"473, Old Town, Changspa, Leh, Ladakh 194101",,,4.6,194101,,Cottage,yes,,,,,https://hotelzz.in/property.html?id=whispering-cottage-leh-in05632
regal-valley-stay-leh-in05633,Regal Valley Stay Leh,Leh,leh,"143, Karzoo, Sankar, Leh, Ladakh 194105",,,4.2,194105,,Cottage,yes,,,,,https://hotelzz.in/property.html?id=regal-valley-stay-leh-in05633
the-saffron-cabin-leh-in05634,The Saffron Cabin Leh,Leh,leh,"500, Fort Rd, Old Town, Leh, Ladakh 194105",,,4.1,194105,,Cottage,yes,,,,,https://hotelzz.in/property.html?id=the-saffron-cabin-leh-in05634
hotel-saffron-leh-in05635,Hotel Saffron Leh,Leh,leh,"150, Fort Rd, Changspa, Leh, Ladakh 194105",,,4.4,194105,,Cottage,yes,,,,,https://hotelzz.in/property.html?id=hotel-saffron-leh-in05635
aria-cottage-leh-in05636,Aria Cottage Leh,Leh,leh,"24, Sankar, Sankar, Leh, Ladakh 194105",,,4.7,194105,,Cottage,yes,,,,,https://hotelzz.in/property.html?id=aria-cottage-leh-in05636
imperial-cottage-leh-in05637,Imperial Cottage Leh,Leh,leh,"135, Main Bazaar, near Leh Palace, Leh, Ladakh 194101",,,4.5,194101,,Cottage,yes,,,,,https://hotelzz.in/property.html?id=imperial-cottage-leh-in05637
the-crystal-cabin-leh-in05638,The Crystal Cabin Leh,Leh,leh,"313, Sankar, Sankar, Leh, Ladakh 194105",,,4.8,194105,,Cottage,yes,,,,,https://hotelzz.in/property.html?id=the-crystal-cabin-leh-in05638
hotel-aurora-leh-in05639,Hotel Aurora Leh,Leh,leh,"413, Choglamsar, Changspa, Leh, Ladakh 194101",,,4.2,194101,,Cottage,yes,,,,,https://hotelzz.in/property.html?id=hotel-aurora-leh-in05639
hotel-marigold-leh-in05640,Hotel Marigold Leh,Leh,leh,"38, Fort Rd, Changspa, Leh, Ladakh 194105",,,4.4,194105,,Cottage,yes,,,,,https://hotelzz.in/property.html?id=hotel-marigold-leh-in05640
tranquil-pines-leh-in05641,Tranquil Pines Leh,Leh,leh,"478, Main Bazaar, Sankar, Leh, Ladakh 194101",,,4.9,194101,,Cottage,yes,,,,,https://hotelzz.in/property.html?id=tranquil-pines-leh-in05641
hotel-wooden-leh-in05642,Hotel Wooden Leh,Leh,leh,"132, Old Town, Sankar, Leh, Ladakh 194105",,,4.2,194105,,Cottage,yes,,,,,https://hotelzz.in/property.html?id=hotel-wooden-leh-in05642
the-crown-cabin-leh-in05643,The Crown Cabin Leh,Leh,leh,"35, Changspa, Main Bazaar, Leh, Ladakh 194101",,,4.9,194101,,Cottage,yes,,,,,https://hotelzz.in/property.html?id=the-crown-cabin-leh-in05643
misty-cottage-leh-in05644,Misty Cottage Leh,Leh,leh,"537, Changspa, Sankar, Leh, Ladakh 194105",,,4.2,194105,,Cottage,yes,,,,,https://hotelzz.in/property.html?id=misty-cottage-leh-in05644
tranquil-cottage-leh-in05645,Tranquil Cottage Leh,Leh,leh,"369, Karzoo, near Leh Palace, Leh, Ladakh 194101",,,4.7,194101,,Cottage,yes,,,,,https://hotelzz.in/property.html?id=tranquil-cottage-leh-in05645
whispering-pines-leh-in05646,Whispering Pines Leh,Leh,leh,"400, Old Town, near Leh Palace, Leh, Ladakh 194101",,,4.8,194101,,Cottage,yes,,,,,https://hotelzz.in/property.html?id=whispering-pines-leh-in05646
himalayan-whispering-leh-in05647,Himalayan Whispering Leh,Leh,leh,"225, Fort Rd, Changspa, Leh, Ladakh 194105",,,4.2,194105,,Cottage,yes,,,,,https://hotelzz.in/property.html?id=himalayan-whispering-leh-in05647
crystal-view-resort-leh-in05648,Crystal View Resort Leh,Leh,leh,"4, Old Town, Old Town, Leh, Ladakh 194101",,,4.5,194101,,Cottage,yes,,,,,https://hotelzz.in/property.html?id=crystal-view-resort-leh-in05648
pearl-valley-stay-leh-in05649,Pearl Valley Stay Leh,Leh,leh,"380, Sankar, Choglamsar, Leh, Ladakh 194105",,,4.4,194105,,Cottage,yes,,,,,https://hotelzz.in/property.html?id=pearl-valley-stay-leh-in05649
the-emerald-cabin-leh-in05650,The Emerald Cabin Leh,Leh,leh,"119, Main Bazaar, Old Town, Leh, Ladakh 194101",,,4.7,194101,,Cottage,yes,,,,,https://hotelzz.in/property.html?id=the-emerald-cabin-leh-in05650
maple-hideaway-leh-in05651,Maple Hideaway Leh,Leh,leh,"52, Fort Rd, Old Town, Leh, Ladakh 194105",,,4.4,194105,,Cottage,yes,,,,,https://hotelzz.in/property.html?id=maple-hideaway-leh-in05651
crown-pines-leh-in05652,Crown Pines Leh,Leh,leh,"148, Main Bazaar, Old Town, Leh, Ladakh 194105",,,4.8,194105,,Cottage,yes,,,,,https://hotelzz.in/property.html?id=crown-pines-leh-in05652
hotel-silver-leh-in05653,Hotel Silver Leh,Leh,leh,"160, Karzoo, Sankar, Leh, Ladakh 194101",,,4.9,194101,,Cottage,yes,,,,,https://hotelzz.in/property.html?id=hotel-silver-leh-in05653
saffron-view-resort-leh-in05654,Saffron View Resort Leh,Leh,leh,"302, Choglamsar, Main Bazaar, Leh, Ladakh 194105",,,4.6,194105,,Cottage,yes,,,,,https://hotelzz.in/property.html?id=saffron-view-resort-leh-in05654
himalayan-azure-leh-in05655,Himalayan Azure Leh,Leh,leh,"543, Main Bazaar, Choglamsar, Leh, Ladakh 194105",,,4.5,194105,,Cottage,yes,,,,,https://hotelzz.in/property.html?id=himalayan-azure-leh-in05655
ocean-view-resort-leh-in05656,Ocean View Resort Leh,Leh,leh,"136, Karzoo, Changspa, Leh, Ladakh 194105",,,4.9,194105,,Cottage,yes,,,,,https://hotelzz.in/property.html?id=ocean-view-resort-leh-in05656
royal-cottage-leh-in05657,Royal Cottage Leh,Leh,leh,"157, Karzoo, near Leh Palace, Leh, Ladakh 194105",,,4.5,194105,,Cottage,yes,,,,,https://hotelzz.in/property.html?id=royal-cottage-leh-in05657
the-silver-cabin-leh-in05658,The Silver Cabin Leh,Leh,leh,"364, Karzoo, Main Bazaar, Leh, Ladakh 194105",,,4.7,194105,,Cottage,yes,,,,,https://hotelzz.in/property.html?id=the-silver-cabin-leh-in05658
himalayan-tranquil-leh-in05659,Himalayan Tranquil Leh,Leh,leh,"389, Changspa, Old Town, Leh, Ladakh 194105",,,4.1,194105,,Cottage,yes,,,,,https://hotelzz.in/property.html?id=himalayan-tranquil-leh-in05659
saffron-hideaway-leh-in05660,Saffron Hideaway Leh,Leh,leh,"224, Main Bazaar, Old Town, Leh, Ladakh 194101",,,4.9,194101,,Cottage,yes,,,,,https://hotelzz.in/property.html?id=saffron-hideaway-leh-in05660
himalayan-crown-leh-in05661,Himalayan Crown Leh,Leh,leh,"301, Main Bazaar, Changspa, Leh, Ladakh 194101",,,4.8,194101,,Cottage,yes,,,,,https://hotelzz.in/property.html?id=himalayan-crown-leh-in05661
hotel-tranquil-leh-in05662,Hotel Tranquil Leh,Leh,leh,"564, Choglamsar, near Leh Palace, Leh, Ladakh 194101",,,4.0,194101,,Cottage,yes,,,,,https://hotelzz.in/property.html?id=hotel-tranquil-leh-in05662
hotel-whispering-leh-in05663,Hotel Whispering Leh,Leh,leh,"243, Fort Rd, Main Bazaar, Leh, Ladakh 194101",,,4.7,194101,,Cottage,yes,,,,,https://hotelzz.in/property.html?id=hotel-whispering-leh-in05663
the-misty-cabin-leh-in05664,The Misty Cabin Leh,Leh,leh,"242, Changspa, near Leh Palace, Leh, Ladakh 194101",,,4.7,194101,,Cottage,yes,,,,,https://hotelzz.in/property.html?id=the-misty-cabin-leh-in05664
himalayan-cosy-leh-in05665,Himalayan Cosy Leh,Leh,leh,"468, Choglamsar, Sankar, Leh, Ladakh 194105",,,4.2,194105,,Cottage,yes,,,,,https://hotelzz.in/property.html?id=himalayan-cosy-leh-in05665
the-wooden-cabin-leh-in05666,The Wooden Cabin Leh,Leh,leh,"259, Sankar, Choglamsar, Leh, Ladakh 194101",,,4.7,194101,,Cottage,yes,,,,,https://hotelzz.in/property.html?id=the-wooden-cabin-leh-in05666
the-tranquil-cabin-leh-in05667,The Tranquil Cabin Leh,Leh,leh,"180, Karzoo, Sankar, Leh, Ladakh 194101",,,4.7,194101,,Cottage,yes,,,,,https://hotelzz.in/property.html?id=the-tranquil-cabin-leh-in05667
hotel-highland-leh-in05668,Hotel Highland Leh,Leh,leh,"135, Fort Rd, Old Town, Leh, Ladakh 194101",,,4.6,194101,,Cottage,yes,,,,,https://hotelzz.in/property.html?id=hotel-highland-leh-in05668
hotel-indigo-leh-in05669,Hotel Indigo Leh,Leh,leh,"41, Changspa, Old Town, Leh, Ladakh 194101",,,4.7,194101,,Cottage,yes,,,,,https://hotelzz.in/property.html?id=hotel-indigo-leh-in05669
saffron-valley-stay-leh-in05670,Saffron Valley Stay Leh,Leh,leh,"291, Main Bazaar, near Leh Palace, Leh, Ladakh 194105",,,4.5,194105,,Cottage,yes,,,,,https://hotelzz.in/property.html?id=saffron-valley-stay-leh-in05670
himalayan-serene-leh-in05671,Himalayan Serene Leh,Leh,leh,"393, Sankar, Main Bazaar, Leh, Ladakh 194105",,,4.2,194105,,Cottage,yes,,,,,https://hotelzz.in/property.html?id=himalayan-serene-leh-in05671
saffron-cottage-leh-in05672,Saffron Cottage Leh,Leh,leh,"129, Karzoo, Old Town, Leh, Ladakh 194105",,,4.2,194105,,Cottage,yes,,,,,https://hotelzz.in/property.html?id=saffron-cottage-leh-in05672
cosy-view-resort-leh-in05673,Cosy View Resort Leh,Leh,leh,"492, Main Bazaar, Main Bazaar, Leh, Ladakh 194105",,,4.1,194105,,Cottage,yes,,,,,https://hotelzz.in/property.html?id=cosy-view-resort-leh-in05673
velvet-view-resort-leh-in05674,Velvet View Resort Leh,Leh,leh,"294, Karzoo, Choglamsar, Leh, Ladakh 194101",,,4.8,194101,,Cottage,yes,,,,,https://hotelzz.in/property.html?id=velvet-view-resort-leh-in05674
aria-pines-leh-in05675,Aria Pines Leh,Leh,leh,"411, Fort Rd, Main Bazaar, Leh, Ladakh 194101",,,4.8,194101,,Cottage,yes,,,,,https://hotelzz.in/property.html?id=aria-pines-leh-in05675
cosy-valley-stay-leh-in05676,Cosy Valley Stay Leh,Leh,leh,"390, Karzoo, Main Bazaar, Leh, Ladakh 194105",,,4.5,194105,,Cottage,yes,,,,,https://hotelzz.in/property.html?id=cosy-valley-stay-leh-in05676
cosy-hideaway-leh-in05677,Cosy Hideaway Leh,Leh,leh,"47, Sankar, near Leh Palace, Leh, Ladakh 194105",,,4.7,194105,,Cottage,yes,,,,,https://hotelzz.in/property.html?id=cosy-hideaway-leh-in05677
himalayan-sunrise-leh-in05678,Himalayan Sunrise Leh,Leh,leh,"432, Karzoo, Sankar, Leh, Ladakh 194101",,,4.8,194101,,Cottage,yes,,,,,https://hotelzz.in/property.html?id=himalayan-sunrise-leh-in05678
vintage-hideaway-leh-in05679,Vintage Hideaway Leh,Leh,leh,"379, Fort Rd, Old Town, Leh, Ladakh 194105",,,4.4,194105,,Cottage,yes,,,,,https://hotelzz.in/property.html?id=vintage-hideaway-leh-in05679
ocean-cottage-leh-in05680,Ocean Cottage Leh,Leh,leh,"318, Fort Rd, Sankar, Leh, Ladakh 194105",,,4.8,194105,,Cottage,yes,,,,,https://hotelzz.in/property.html?id=ocean-cottage-leh-in05680
jodhpur-heritage-stay-in05681,Jodhpur Heritage Stay,Jodhpur,jodhpur,"144, Ratanada, near Mehrangarh, Jodhpur, Rajasthan 342001",,,4.9,342001,,Hotel,yes,,,,,https://hotelzz.in/property.html?id=jodhpur-heritage-stay-in05681
the-maharajas-heritage-jodhpur-in05682,The Maharaja's Heritage Jodhpur,Jodhpur,jodhpur,"286, Old City, near Clock Tower, Jodhpur, Rajasthan 342001",,,4.2,342001,,Hotel,yes,,,,,https://hotelzz.in/property.html?id=the-maharajas-heritage-jodhpur-in05682
jodhpur-vintage-hotel-in05683,Jodhpur Vintage Hotel,Jodhpur,jodhpur,"19, Mehrangarh Fort Rd, Ratanada, Jodhpur, Rajasthan 342002",,,4.6,342002,,Hotel,yes,,,,,https://hotelzz.in/property.html?id=jodhpur-vintage-hotel-in05683
maple-heritage-inn-jodhpur-in05684,Maple Heritage Inn Jodhpur,Jodhpur,jodhpur,"227, Paota, near Mehrangarh, Jodhpur, Rajasthan 342008",,,4.3,342008,,Hotel,yes,,,,,https://hotelzz.in/property.html?id=maple-heritage-inn-jodhpur-in05684
hotel-jodhpur-imperial-in05685,Hotel Jodhpur Imperial,Jodhpur,jodhpur,"57, Paota, near Mehrangarh, Jodhpur, Rajasthan 342006",,,4.4,342006,,Hotel,yes,,,,,https://hotelzz.in/property.html?id=hotel-jodhpur-imperial-in05685
the-maharajas-crystal-jodhpur-in05686,The Maharaja's Crystal Jodhpur,Jodhpur,jodhpur,"163, Paota, near Mehrangarh, Jodhpur, Rajasthan 342006",,,4.1,342006,,Hotel,yes,,,,,https://hotelzz.in/property.html?id=the-maharajas-crystal-jodhpur-in05686
ocean-niwas-boutique-jodhpur-in05687,Ocean Niwas Boutique Jodhpur,Jodhpur,jodhpur,"126, Old City, near Clock Tower, Jodhpur, Rajasthan 342001",,,4.7,342001,,Hotel,yes,,,,,https://hotelzz.in/property.html?id=ocean-niwas-boutique-jodhpur-in05687
aria-manor-jodhpur-in05688,Aria Manor Jodhpur,Jodhpur,jodhpur,"543, Clock Tower, Old City, Jodhpur, Rajasthan 342002",,,4.2,342002,,Hotel,yes,,,,,https://hotelzz.in/property.html?id=aria-manor-jodhpur-in05688
pearl-manor-jodhpur-in05689,Pearl Manor Jodhpur,Jodhpur,jodhpur,"443, Clock Tower, Sardarpura, Jodhpur, Rajasthan 342006",,,4.1,342006,,Hotel,yes,,,,,https://hotelzz.in/property.html?id=pearl-manor-jodhpur-in05689
hotel-alpine-palace-jodhpur-in05690,Hotel Alpine Palace Jodhpur,Jodhpur,jodhpur,"373, Shastri Nagar, near Mehrangarh, Jodhpur, Rajasthan 342002",,,4.6,342002,,Hotel,yes,,,,,https://hotelzz.in/property.html?id=hotel-alpine-palace-jodhpur-in05690
the-maharajas-regal-jodhpur-in05691,The Maharaja's Regal Jodhpur,Jodhpur,jodhpur,"58, Paota, near Clock Tower, Jodhpur, Rajasthan 342006",,,4.2,342006,,Hotel,yes,,,,,https://hotelzz.in/property.html?id=the-maharajas-regal-jodhpur-in05691
the-serene-mansion-jodhpur-in05692,The Serene Mansion Jodhpur,Jodhpur,jodhpur,"598, Old City, near Clock Tower, Jodhpur, Rajasthan 342008",,,4.8,342008,,Hotel,yes,,,,,https://hotelzz.in/property.html?id=the-serene-mansion-jodhpur-in05692
the-old-town-jodhpur-in05693,The Old Town Jodhpur,Jodhpur,jodhpur,"127, Mehrangarh Fort Rd, Old City, Jodhpur, Rajasthan 342008",,,4.7,342008,,Hotel,yes,,,,,https://hotelzz.in/property.html?id=the-old-town-jodhpur-in05693
orchid-niwas-boutique-jodhpur-in05694,Orchid Niwas Boutique Jodhpur,Jodhpur,jodhpur,"361, Shastri Nagar, Ratanada, Jodhpur, Rajasthan 342001",,,4.6,342001,,Hotel,yes,,,,,https://hotelzz.in/property.html?id=orchid-niwas-boutique-jodhpur-in05694
the-silver-mansion-jodhpur-in05695,The Silver Mansion Jodhpur,Jodhpur,jodhpur,"220, Clock Tower, Sardarpura, Jodhpur, Rajasthan 342008",,,4.3,342008,,Hotel,yes,,,,,https://hotelzz.in/property.html?id=the-silver-mansion-jodhpur-in05695
the-maharajas-aurora-jodhpur-in05696,The Maharaja's Aurora Jodhpur,Jodhpur,jodhpur,"384, Paota, near Mehrangarh, Jodhpur, Rajasthan 342002",,,4.7,342002,,Hotel,yes,,,,,https://hotelzz.in/property.html?id=the-maharajas-aurora-jodhpur-in05696
hotel-jodhpur-royal-in05697,Hotel Jodhpur Royal,Jodhpur,jodhpur,"142, Sardarpura, Sardarpura, Jodhpur, Rajasthan 342001",,,4.2,342001,,Hotel,yes,,,,,https://hotelzz.in/property.html?id=hotel-jodhpur-royal-in05697
royal-jodhpur-suites-in05698,Royal Jodhpur Suites,Jodhpur,jodhpur,"485, Mehrangarh Fort Rd, near Clock Tower, Jodhpur, Rajasthan 342002",,,4.6,342002,,Hotel,yes,,,,,https://hotelzz.in/property.html?id=royal-jodhpur-suites-in05698
aspen-heritage-inn-jodhpur-in05699,Aspen Heritage Inn Jodhpur,Jodhpur,jodhpur,"526, Old City, near Mehrangarh, Jodhpur, Rajasthan 342006",,,4.7,342006,,Hotel,yes,,,,,https://hotelzz.in/property.html?id=aspen-heritage-inn-jodhpur-in05699
azure-manor-jodhpur-in05700,Azure Manor Jodhpur,Jodhpur,jodhpur,"433, Paota, Old City, Jodhpur, Rajasthan 342001",,,4.5,342001,,Hotel,yes,,,,,https://hotelzz.in/property.html?id=azure-manor-jodhpur-in05700
azure-heritage-inn-jodhpur-in05701,Azure Heritage Inn Jodhpur,Jodhpur,jodhpur,"117, Shastri Nagar, near Mehrangarh, Jodhpur, Rajasthan 342008",,,4.3,342008,,Hotel,yes,,,,,https://hotelzz.in/property.html?id=azure-heritage-inn-jodhpur-in05701
hotel-casa-palace-jodhpur-in05702,Hotel Casa Palace Jodhpur,Jodhpur,jodhpur,"436, Shastri Nagar, Old City, Jodhpur, Rajasthan 342008",,,4.8,342008,,Hotel,yes,,,,,https://hotelzz.in/property.html?id=hotel-casa-palace-jodhpur-in05702
hotel-highland-palace-jodhpur-in05703,Hotel Highland Palace Jodhpur,Jodhpur,jodhpur,"322, Ratanada, Ratanada, Jodhpur, Rajasthan 342001",,,4.7,342001,,Hotel,yes,,,,,https://hotelzz.in/property.html?id=hotel-highland-palace-jodhpur-in05703
imperial-heritage-inn-jodhpur-in05704,Imperial Heritage Inn Jodhpur,Jodhpur,jodhpur,"584, Ratanada, Old City, Jodhpur, Rajasthan 342001",,,4.1,342001,,Hotel,yes,,,,,https://hotelzz.in/property.html?id=imperial-heritage-inn-jodhpur-in05704
vintage-manor-jodhpur-in05705,Vintage Manor Jodhpur,Jodhpur,jodhpur,"314, Paota, Ratanada, Jodhpur, Rajasthan 342001",,,4.7,342001,,Hotel,yes,,,,,https://hotelzz.in/property.html?id=vintage-manor-jodhpur-in05705
marigold-haveli-jodhpur-in05706,Marigold Haveli Jodhpur,Jodhpur,jodhpur,"254, Sardarpura, near Clock Tower, Jodhpur, Rajasthan 342006",,,4.3,342006,,Hotel,yes,,,,,https://hotelzz.in/property.html?id=marigold-haveli-jodhpur-in05706
the-maharajas-ocean-jodhpur-in05707,The Maharaja's Ocean Jodhpur,Jodhpur,jodhpur,"236, Old City, near Clock Tower, Jodhpur, Rajasthan 342002",,,4.4,342002,,Hotel,yes,,,,,https://hotelzz.in/property.html?id=the-maharajas-ocean-jodhpur-in05707
the-vintage-mansion-jodhpur-in05708,The Vintage Mansion Jodhpur,Jodhpur,jodhpur,"365, Sardarpura, near Mehrangarh, Jodhpur, Rajasthan 342008",,,4.9,342008,,Hotel,yes,,,,,https://hotelzz.in/property.html?id=the-vintage-mansion-jodhpur-in05708
vintage-haveli-jodhpur-in05709,Vintage Haveli Jodhpur,Jodhpur,jodhpur,"375, Sardarpura, Old City, Jodhpur, Rajasthan 342002",,,4.4,342002,,Hotel,yes,,,,,https://hotelzz.in/property.html?id=vintage-haveli-jodhpur-in05709
heritage-house-jodhpur-in05710,Heritage House Jodhpur,Jodhpur,jodhpur,"490, Clock Tower, near Mehrangarh, Jodhpur, Rajasthan 342001",,,4.2,342001,,Hotel,yes,,,,,https://hotelzz.in/property.html?id=heritage-house-jodhpur-in05710
velvet-niwas-boutique-jodhpur-in05711,Velvet Niwas Boutique Jodhpur,Jodhpur,jodhpur,"263, Clock Tower, near Mehrangarh, Jodhpur, Rajasthan 342002",,,4.3,342002,,Hotel,yes,,,,,https://hotelzz.in/property.html?id=velvet-niwas-boutique-jodhpur-in05711
saffron-manor-jodhpur-in05712,Saffron Manor Jodhpur,Jodhpur,jodhpur,"251, Clock Tower, near Mehrangarh, Jodhpur, Rajasthan 342001",,,4.7,342001,,Hotel,yes,,,,,https://hotelzz.in/property.html?id=saffron-manor-jodhpur-in05712
crown-jodhpur-heritage-in05713,Crown Jodhpur Heritage,Jodhpur,jodhpur,"294, Sardarpura, Sardarpura, Jodhpur, Rajasthan 342006",,,4.4,342006,,Hotel,yes,,,,,https://hotelzz.in/property.html?id=crown-jodhpur-heritage-in05713
vintage-niwas-boutique-jodhpur-in05714,Vintage Niwas Boutique Jodhpur,Jodhpur,jodhpur,"315, Old City, near Clock Tower, Jodhpur, Rajasthan 342006",,,4.5,342006,,Hotel,yes,,,,,https://hotelzz.in/property.html?id=vintage-niwas-boutique-jodhpur-in05714
ocean-heritage-inn-jodhpur-in05715,Ocean Heritage Inn Jodhpur,Jodhpur,jodhpur,"364, Ratanada, Old City, Jodhpur, Rajasthan 342001",,,4.4,342001,,Hotel,yes,,,,,https://hotelzz.in/property.html?id=ocean-heritage-inn-jodhpur-in05715
azure-niwas-boutique-jodhpur-in05716,Azure Niwas Boutique Jodhpur,Jodhpur,jodhpur,"400, Sardarpura, Ratanada, Jodhpur, Rajasthan 342002",,,4.7,342002,,Hotel,yes,,,,,https://hotelzz.in/property.html?id=azure-niwas-boutique-jodhpur-in05716
serene-haveli-jodhpur-in05717,Serene Haveli Jodhpur,Jodhpur,jodhpur,"130, Old City, near Mehrangarh, Jodhpur, Rajasthan 342006",,,4.3,342006,,Hotel,yes,,,,,https://hotelzz.in/property.html?id=serene-haveli-jodhpur-in05717
emerald-niwas-boutique-jodhpur-in05718,Emerald Niwas Boutique Jodhpur,Jodhpur,jodhpur,"199, Ratanada, near Clock Tower, Jodhpur, Rajasthan 342008",,,4.5,342008,,Hotel,yes,,,,,https://hotelzz.in/property.html?id=emerald-niwas-boutique-jodhpur-in05718
heritage-niwas-boutique-jodhpur-in05719,Heritage Niwas Boutique Jodhpur,Jodhpur,jodhpur,"154, Mehrangarh Fort Rd, near Clock Tower, Jodhpur, Rajasthan 342008",,,4.5,342008,,Hotel,yes,,,,,https://hotelzz.in/property.html?id=heritage-niwas-boutique-jodhpur-in05719
the-maharajas-imperial-jodhpur-in05720,The Maharaja's Imperial Jodhpur,Jodhpur,jodhpur,"251, Clock Tower, Ratanada, Jodhpur, Rajasthan 342002",,,4.8,342002,,Hotel,yes,,,,,https://hotelzz.in/property.html?id=the-maharajas-imperial-jodhpur-in05720
vintage-heritage-inn-jodhpur-in05721,Vintage Heritage Inn Jodhpur,Jodhpur,jodhpur,"579, Ratanada, near Clock Tower, Jodhpur, Rajasthan 342008",,,4.6,342008,,Hotel,yes,,,,,https://hotelzz.in/property.html?id=vintage-heritage-inn-jodhpur-in05721
heritage-manor-jodhpur-in05722,Heritage Manor Jodhpur,Jodhpur,jodhpur,"449, Shastri Nagar, Ratanada, Jodhpur, Rajasthan 342002",,,4.5,342002,,Hotel,yes,,,,,https://hotelzz.in/property.html?id=heritage-manor-jodhpur-in05722
saffron-haveli-jodhpur-in05723,Saffron Haveli Jodhpur,Jodhpur,jodhpur,"562, Paota, Old City, Jodhpur, Rajasthan 342002",,,4.3,342002,,Hotel,yes,,,,,https://hotelzz.in/property.html?id=saffron-haveli-jodhpur-in05723
sunrise-manor-jodhpur-in05724,Sunrise Manor Jodhpur,Jodhpur,jodhpur,"212, Shastri Nagar, Ratanada, Jodhpur, Rajasthan 342008",,,4.0,342008,,Hotel,yes,,,,,https://hotelzz.in/property.html?id=sunrise-manor-jodhpur-in05724
hotel-sunrise-palace-jodhpur-in05725,Hotel Sunrise Palace Jodhpur,Jodhpur,jodhpur,"56, Sardarpura, near Clock Tower, Jodhpur, Rajasthan 342006",,,4.2,342006,,Hotel,yes,,,,,https://hotelzz.in/property.html?id=hotel-sunrise-palace-jodhpur-in05725
crown-heritage-inn-jodhpur-in05726,Crown Heritage Inn Jodhpur,Jodhpur,jodhpur,"568, Old City, near Mehrangarh, Jodhpur, Rajasthan 342001",,,4.7,342001,,Hotel,yes,,,,,https://hotelzz.in/property.html?id=crown-heritage-inn-jodhpur-in05726
the-whispering-mansion-jodhpur-in05727,The Whispering Mansion Jodhpur,Jodhpur,jodhpur,"516, Old City, near Clock Tower, Jodhpur, Rajasthan 342001",,,4.1,342001,,Hotel,yes,,,,,https://hotelzz.in/property.html?id=the-whispering-mansion-jodhpur-in05727
hotel-marigold-palace-jodhpur-in05728,Hotel Marigold Palace Jodhpur,Jodhpur,jodhpur,"406, Sardarpura, Old City, Jodhpur, Rajasthan 342002",,,4.5,342002,,Hotel,yes,,,,,https://hotelzz.in/property.html?id=hotel-marigold-palace-jodhpur-in05728
the-pearl-mansion-jodhpur-in05729,The Pearl Mansion Jodhpur,Jodhpur,jodhpur,"123, Paota, Ratanada, Jodhpur, Rajasthan 342001",,,4.9,342001,,Hotel,yes,,,,,https://hotelzz.in/property.html?id=the-pearl-mansion-jodhpur-in05729
the-maharajas-crown-jodhpur-in05730,The Maharaja's Crown Jodhpur,Jodhpur,jodhpur,"334, Clock Tower, Old City, Jodhpur, Rajasthan 342008",,,4.3,342008,,Hotel,yes,,,,,https://hotelzz.in/property.html?id=the-maharajas-crown-jodhpur-in05730
hotel-aspen-palace-jodhpur-in05731,Hotel Aspen Palace Jodhpur,Jodhpur,jodhpur,"310, Old City, near Clock Tower, Jodhpur, Rajasthan 342008",,,4.1,342008,,Hotel,yes,,,,,https://hotelzz.in/property.html?id=hotel-aspen-palace-jodhpur-in05731
hotel-azure-palace-jodhpur-in05732,Hotel Azure Palace Jodhpur,Jodhpur,jodhpur,"140, Paota, Old City, Jodhpur, Rajasthan 342008",,,4.8,342008,,Hotel,yes,,,,,https://hotelzz.in/property.html?id=hotel-azure-palace-jodhpur-in05732
indigo-niwas-boutique-jodhpur-in05733,Indigo Niwas Boutique Jodhpur,Jodhpur,jodhpur,"218, Old City, Sardarpura, Jodhpur, Rajasthan 342001",,,4.8,342001,,Hotel,yes,,,,,https://hotelzz.in/property.html?id=indigo-niwas-boutique-jodhpur-in05733
saffron-heritage-inn-jodhpur-in05734,Saffron Heritage Inn Jodhpur,Jodhpur,jodhpur,"177, Old City, Old City, Jodhpur, Rajasthan 342001",,,4.6,342001,,Hotel,yes,,,,,https://hotelzz.in/property.html?id=saffron-heritage-inn-jodhpur-in05734
the-maharajas-cosy-jodhpur-in05735,The Maharaja's Cosy Jodhpur,Jodhpur,jodhpur,"215, Shastri Nagar, Old City, Jodhpur, Rajasthan 342001",,,4.7,342001,,Hotel,yes,,,,,https://hotelzz.in/property.html?id=the-maharajas-cosy-jodhpur-in05735
the-maharajas-marigold-jodhpur-in05736,The Maharaja's Marigold Jodhpur,Jodhpur,jodhpur,"371, Old City, Ratanada, Jodhpur, Rajasthan 342001",,,4.8,342001,,Hotel,yes,,,,,https://hotelzz.in/property.html?id=the-maharajas-marigold-jodhpur-in05736
silver-haveli-jodhpur-in05737,Silver Haveli Jodhpur,Jodhpur,jodhpur,"42, Sardarpura, near Mehrangarh, Jodhpur, Rajasthan 342006",,,4.1,342006,,Hotel,yes,,,,,https://hotelzz.in/property.html?id=silver-haveli-jodhpur-in05737
hotel-royal-palace-jodhpur-in05738,Hotel Royal Palace Jodhpur,Jodhpur,jodhpur,"178, Shastri Nagar, near Clock Tower, Jodhpur, Rajasthan 342001",,,4.7,342001,,Hotel,yes,,,,,https://hotelzz.in/property.html?id=hotel-royal-palace-jodhpur-in05738
regal-niwas-boutique-jodhpur-in05739,Regal Niwas Boutique Jodhpur,Jodhpur,jodhpur,"30, Shastri Nagar, Ratanada, Jodhpur, Rajasthan 342002",,,4.9,342002,,Hotel,yes,,,,,https://hotelzz.in/property.html?id=regal-niwas-boutique-jodhpur-in05739
the-aurora-mansion-jodhpur-in05740,The Aurora Mansion Jodhpur,Jodhpur,jodhpur,"278, Paota, Old City, Jodhpur, Rajasthan 342008",,,4.7,342008,,Hotel,yes,,,,,https://hotelzz.in/property.html?id=the-aurora-mansion-jodhpur-in05740
regal-heritage-inn-jodhpur-in05741,Regal Heritage Inn Jodhpur,Jodhpur,jodhpur,"586, Ratanada, near Mehrangarh, Jodhpur, Rajasthan 342001",,,4.0,342001,,Hotel,yes,,,,,https://hotelzz.in/property.html?id=regal-heritage-inn-jodhpur-in05741
velvet-haveli-jodhpur-in05742,Velvet Haveli Jodhpur,Jodhpur,jodhpur,"59, Clock Tower, near Mehrangarh, Jodhpur, Rajasthan 342008",,,4.7,342008,,Hotel,yes,,,,,https://hotelzz.in/property.html?id=velvet-haveli-jodhpur-in05742
the-crystal-mansion-jodhpur-in05743,The Crystal Mansion Jodhpur,Jodhpur,jodhpur,"384, Clock Tower, Sardarpura, Jodhpur, Rajasthan 342008",,,4.6,342008,,Hotel,yes,,,,,https://hotelzz.in/property.html?id=the-crystal-mansion-jodhpur-in05743
the-maple-mansion-jodhpur-in05744,The Maple Mansion Jodhpur,Jodhpur,jodhpur,"471, Sardarpura, Sardarpura, Jodhpur, Rajasthan 342002",,,4.7,342002,,Hotel,yes,,,,,https://hotelzz.in/property.html?id=the-maple-mansion-jodhpur-in05744
hotel-velvet-palace-jodhpur-in05745,Hotel Velvet Palace Jodhpur,Jodhpur,jodhpur,"493, Ratanada, near Mehrangarh, Jodhpur, Rajasthan 342002",,,4.1,342002,,Hotel,yes,,,,,https://hotelzz.in/property.html?id=hotel-velvet-palace-jodhpur-in05745
the-royal-mansion-jodhpur-in05746,The Royal Mansion Jodhpur,Jodhpur,jodhpur,"588, Ratanada, near Clock Tower, Jodhpur, Rajasthan 342008",,,4.5,342008,,Hotel,yes,,,,,https://hotelzz.in/property.html?id=the-royal-mansion-jodhpur-in05746
hotel-crystal-palace-jodhpur-in05747,Hotel Crystal Palace Jodhpur,Jodhpur,jodhpur,"58, Old City, Ratanada, Jodhpur, Rajasthan 342002",,,4.9,342002,,Hotel,yes,,,,,https://hotelzz.in/property.html?id=hotel-crystal-palace-jodhpur-in05747
serene-heritage-inn-jodhpur-in05748,Serene Heritage Inn Jodhpur,Jodhpur,jodhpur,"138, Old City, Ratanada, Jodhpur, Rajasthan 342008",,,4.7,342008,,Hotel,yes,,,,,https://hotelzz.in/property.html?id=serene-heritage-inn-jodhpur-in05748
hotel-cosy-palace-jodhpur-in05749,Hotel Cosy Palace Jodhpur,Jodhpur,jodhpur,"591, Clock Tower, near Mehrangarh, Jodhpur, Rajasthan 342002",,,4.2,342002,,Hotel,yes,,,,,https://hotelzz.in/property.html?id=hotel-cosy-palace-jodhpur-in05749
silver-heritage-inn-jodhpur-in05750,Silver Heritage Inn Jodhpur,Jodhpur,jodhpur,"534, Ratanada, Ratanada, Jodhpur, Rajasthan 342008",,,4.6,342008,,Hotel,yes,,,,,https://hotelzz.in/property.html?id=silver-heritage-inn-jodhpur-in05750
the-old-town-jaisalmer-in05751,The Old Town Jaisalmer,Jaisalmer,jaisalmer,"595, Patwon Ki Haveli, Sam Dunes, Jaisalmer, Rajasthan 345001",,,4.2,345001,,Hotel,yes,,,,,https://hotelzz.in/property.html?id=the-old-town-jaisalmer-in05751
jaisalmer-vintage-hotel-in05752,Jaisalmer Vintage Hotel,Jaisalmer,jaisalmer,"217, Khuri, Sam Dunes, Jaisalmer, Rajasthan 345001",,,4.7,345001,,Hotel,yes,,,,,https://hotelzz.in/property.html?id=jaisalmer-vintage-hotel-in05752
hotel-jaisalmer-imperial-in05753,Hotel Jaisalmer Imperial,Jaisalmer,jaisalmer,"9, Patwon Ki Haveli, near Patwon Ki Haveli, Jaisalmer, Rajasthan 345001",,,4.7,345001,,Hotel,yes,,,,,https://hotelzz.in/property.html?id=hotel-jaisalmer-imperial-in05753
crown-jaisalmer-heritage-in05754,Crown Jaisalmer Heritage,Jaisalmer,jaisalmer,"234, Fort Rd, Sam Dunes, Jaisalmer, Rajasthan 345001",,,4.5,345001,,Hotel,yes,,,,,https://hotelzz.in/property.html?id=crown-jaisalmer-heritage-in05754
emerald-haveli-jaisalmer-in05755,Emerald Haveli Jaisalmer,Jaisalmer,jaisalmer,"111, Patwon Ki Haveli, near Jaisalmer Fort, Jaisalmer, Rajasthan 345001",,,4.6,345001,,Hotel,yes,,,,,https://hotelzz.in/property.html?id=emerald-haveli-jaisalmer-in05755
hotel-jaisalmer-royal-in05756,Hotel Jaisalmer Royal,Jaisalmer,jaisalmer,"317, Gandhi Chowk, near Patwon Ki Haveli, Jaisalmer, Rajasthan 345001",,,4.5,345001,,Hotel,yes,,,,,https://hotelzz.in/property.html?id=hotel-jaisalmer-royal-in05756
saffron-heritage-inn-jaisalmer-in05757,Saffron Heritage Inn Jaisalmer,Jaisalmer,jaisalmer,"313, Sam Sand Dunes Rd, Sam Dunes, Jaisalmer, Rajasthan 345001",,,4.5,345001,,Hotel,yes,,,,,https://hotelzz.in/property.html?id=saffron-heritage-inn-jaisalmer-in05757
jaisalmer-heritage-stay-in05758,Jaisalmer Heritage Stay,Jaisalmer,jaisalmer,"132, Patwon Ki Haveli, near Jaisalmer Fort, Jaisalmer, Rajasthan 345001",,,4.1,345001,,Hotel,yes,,,,,https://hotelzz.in/property.html?id=jaisalmer-heritage-stay-in05758
heritage-house-jaisalmer-in05759,Heritage House Jaisalmer,Jaisalmer,jaisalmer,"414, Patwon Ki Haveli, near Patwon Ki Haveli, Jaisalmer, Rajasthan 345001",,,4.0,345001,,Hotel,yes,,,,,https://hotelzz.in/property.html?id=heritage-house-jaisalmer-in05759
the-ocean-mansion-jaisalmer-in05760,The Ocean Mansion Jaisalmer,Jaisalmer,jaisalmer,"518, Khuri, Golden City, Jaisalmer, Rajasthan 345001",,,4.0,345001,,Hotel,yes,,,,,https://hotelzz.in/property.html?id=the-ocean-mansion-jaisalmer-in05760
sunrise-niwas-boutique-jaisalmer-in05761,Sunrise Niwas Boutique Jaisalmer,Jaisalmer,jaisalmer,"490, Gandhi Chowk, Golden City, Jaisalmer, Rajasthan 345001",,,4.7,345001,,Hotel,yes,,,,,https://hotelzz.in/property.html?id=sunrise-niwas-boutique-jaisalmer-in05761
pearl-heritage-inn-jaisalmer-in05762,Pearl Heritage Inn Jaisalmer,Jaisalmer,jaisalmer,"564, Gandhi Chowk, Sam Dunes, Jaisalmer, Rajasthan 345001",,,4.7,345001,,Hotel,yes,,,,,https://hotelzz.in/property.html?id=pearl-heritage-inn-jaisalmer-in05762
the-tranquil-mansion-jaisalmer-in05763,The Tranquil Mansion Jaisalmer,Jaisalmer,jaisalmer,"126, Bera Rd, near Jaisalmer Fort, Jaisalmer, Rajasthan 345001",,,4.6,345001,,Hotel,yes,,,,,https://hotelzz.in/property.html?id=the-tranquil-mansion-jaisalmer-in05763
aspen-manor-jaisalmer-in05764,Aspen Manor Jaisalmer,Jaisalmer,jaisalmer,"351, Bera Rd, Gandhi Chowk, Jaisalmer, Rajasthan 345001",,,4.9,345001,,Hotel,yes,,,,,https://hotelzz.in/property.html?id=aspen-manor-jaisalmer-in05764
royal-jaisalmer-suites-in05765,Royal Jaisalmer Suites,Jaisalmer,jaisalmer,"47, Bera Rd, Golden City, Jaisalmer, Rajasthan 345001",,,4.5,345001,,Hotel,yes,,,,,https://hotelzz.in/property.html?id=royal-jaisalmer-suites-in05765
saffron-manor-jaisalmer-in05766,Saffron Manor Jaisalmer,Jaisalmer,jaisalmer,"235, Patwon Ki Haveli, Sam Dunes, Jaisalmer, Rajasthan 345001",,,4.8,345001,,Hotel,yes,,,,,https://hotelzz.in/property.html?id=saffron-manor-jaisalmer-in05766
cosy-haveli-jaisalmer-in05767,Cosy Haveli Jaisalmer,Jaisalmer,jaisalmer,"85, Patwon Ki Haveli, Sam Dunes, Jaisalmer, Rajasthan 345001",,,4.6,345001,,Hotel,yes,,,,,https://hotelzz.in/property.html?id=cosy-haveli-jaisalmer-in05767
ocean-niwas-boutique-jaisalmer-in05768,Ocean Niwas Boutique Jaisalmer,Jaisalmer,jaisalmer,"199, Bera Rd, Gandhi Chowk, Jaisalmer, Rajasthan 345001",,,4.8,345001,,Hotel,yes,,,,,https://hotelzz.in/property.html?id=ocean-niwas-boutique-jaisalmer-in05768
aurora-niwas-boutique-jaisalmer-in05769,Aurora Niwas Boutique Jaisalmer,Jaisalmer,jaisalmer,"570, Fort Rd, near Jaisalmer Fort, Jaisalmer, Rajasthan 345001",,,4.2,345001,,Hotel,yes,,,,,https://hotelzz.in/property.html?id=aurora-niwas-boutique-jaisalmer-in05769
hotel-regal-palace-jaisalmer-in05770,Hotel Regal Palace Jaisalmer,Jaisalmer,jaisalmer,"276, Khuri, Gandhi Chowk, Jaisalmer, Rajasthan 345001",,,4.8,345001,,Hotel,yes,,,,,https://hotelzz.in/property.html?id=hotel-regal-palace-jaisalmer-in05770
hotel-velvet-palace-jaisalmer-in05771,Hotel Velvet Palace Jaisalmer,Jaisalmer,jaisalmer,"520, Fort Rd, near Patwon Ki Haveli, Jaisalmer, Rajasthan 345001",,,4.3,345001,,Hotel,yes,,,,,https://hotelzz.in/property.html?id=hotel-velvet-palace-jaisalmer-in05771
sunrise-heritage-inn-jaisalmer-in05772,Sunrise Heritage Inn Jaisalmer,Jaisalmer,jaisalmer,"32, Fort Rd, near Patwon Ki Haveli, Jaisalmer, Rajasthan 345001",,,4.0,345001,,Hotel,yes,,,,,https://hotelzz.in/property.html?id=sunrise-heritage-inn-jaisalmer-in05772
azure-haveli-jaisalmer-in05773,Azure Haveli Jaisalmer,Jaisalmer,jaisalmer,"116, Patwon Ki Haveli, Sam Dunes, Jaisalmer, Rajasthan 345001",,,4.0,345001,,Hotel,yes,,,,,https://hotelzz.in/property.html?id=azure-haveli-jaisalmer-in05773
cosy-heritage-inn-jaisalmer-in05774,Cosy Heritage Inn Jaisalmer,Jaisalmer,jaisalmer,"1, Bera Rd, Gandhi Chowk, Jaisalmer, Rajasthan 345001",,,4.7,345001,,Hotel,yes,,,,,https://hotelzz.in/property.html?id=cosy-heritage-inn-jaisalmer-in05774
pearl-niwas-boutique-jaisalmer-in05775,Pearl Niwas Boutique Jaisalmer,Jaisalmer,jaisalmer,"258, Khuri, Golden City, Jaisalmer, Rajasthan 345001",,,4.6,345001,,Hotel,yes,,,,,https://hotelzz.in/property.html?id=pearl-niwas-boutique-jaisalmer-in05775
azure-manor-jaisalmer-in05776,Azure Manor Jaisalmer,Jaisalmer,jaisalmer,"44, Patwon Ki Haveli, near Patwon Ki Haveli, Jaisalmer, Rajasthan 345001",,,4.5,345001,,Hotel,yes,,,,,https://hotelzz.in/property.html?id=azure-manor-jaisalmer-in05776
indigo-niwas-boutique-jaisalmer-in05777,Indigo Niwas Boutique Jaisalmer,Jaisalmer,jaisalmer,"501, Gandhi Chowk, Golden City, Jaisalmer, Rajasthan 345001",,,4.7,345001,,Hotel,yes,,,,,https://hotelzz.in/property.html?id=indigo-niwas-boutique-jaisalmer-in05777
the-royal-mansion-jaisalmer-in05778,The Royal Mansion Jaisalmer,Jaisalmer,jaisalmer,"181, Bera Rd, near Jaisalmer Fort, Jaisalmer, Rajasthan 345001",,,4.3,345001,,Hotel,yes,,,,,https://hotelzz.in/property.html?id=the-royal-mansion-jaisalmer-in05778
crown-niwas-boutique-jaisalmer-in05779,Crown Niwas Boutique Jaisalmer,Jaisalmer,jaisalmer,"264, Bera Rd, Gandhi Chowk, Jaisalmer, Rajasthan 345001",,,4.7,345001,,Hotel,yes,,,,,https://hotelzz.in/property.html?id=crown-niwas-boutique-jaisalmer-in05779
the-maharajas-whispering-jaisalmer-in05780,The Maharaja's Whispering Jaisalmer,Jaisalmer,jaisalmer,"525, Gandhi Chowk, Gandhi Chowk, Jaisalmer, Rajasthan 345001",,,4.3,345001,,Hotel,yes,,,,,https://hotelzz.in/property.html?id=the-maharajas-whispering-jaisalmer-in05780
marigold-niwas-boutique-jaisalmer-in05781,Marigold Niwas Boutique Jaisalmer,Jaisalmer,jaisalmer,"550, Khuri, near Jaisalmer Fort, Jaisalmer, Rajasthan 345001",,,4.4,345001,,Hotel,yes,,,,,https://hotelzz.in/property.html?id=marigold-niwas-boutique-jaisalmer-in05781
cosy-niwas-boutique-jaisalmer-in05782,Cosy Niwas Boutique Jaisalmer,Jaisalmer,jaisalmer,"563, Gandhi Chowk, near Jaisalmer Fort, Jaisalmer, Rajasthan 345001",,,4.4,345001,,Hotel,yes,,,,,https://hotelzz.in/property.html?id=cosy-niwas-boutique-jaisalmer-in05782
hotel-tranquil-palace-jaisalmer-in05783,Hotel Tranquil Palace Jaisalmer,Jaisalmer,jaisalmer,"384, Bera Rd, near Patwon Ki Haveli, Jaisalmer, Rajasthan 345001",,,4.4,345001,,Hotel,yes,,,,,https://hotelzz.in/property.html?id=hotel-tranquil-palace-jaisalmer-in05783
the-maharajas-saffron-jaisalmer-in05784,The Maharaja's Saffron Jaisalmer,Jaisalmer,jaisalmer,"387, Sam Sand Dunes Rd, near Jaisalmer Fort, Jaisalmer, Rajasthan 345001",,,4.8,345001,,Hotel,yes,,,,,https://hotelzz.in/property.html?id=the-maharajas-saffron-jaisalmer-in05784
the-serene-mansion-jaisalmer-in05785,The Serene Mansion Jaisalmer,Jaisalmer,jaisalmer,"435, Gandhi Chowk, near Jaisalmer Fort, Jaisalmer, Rajasthan 345001",,,4.5,345001,,Hotel,yes,,,,,https://hotelzz.in/property.html?id=the-serene-mansion-jaisalmer-in05785
orchid-niwas-boutique-jaisalmer-in05786,Orchid Niwas Boutique Jaisalmer,Jaisalmer,jaisalmer,"565, Gandhi Chowk, near Patwon Ki Haveli, Jaisalmer, Rajasthan 345001",,,4.6,345001,,Hotel,yes,,,,,https://hotelzz.in/property.html?id=orchid-niwas-boutique-jaisalmer-in05786
the-regal-mansion-jaisalmer-in05787,The Regal Mansion Jaisalmer,Jaisalmer,jaisalmer,"207, Khuri, near Jaisalmer Fort, Jaisalmer, Rajasthan 345001",,,4.8,345001,,Hotel,yes,,,,,https://hotelzz.in/property.html?id=the-regal-mansion-jaisalmer-in05787
the-orchid-mansion-jaisalmer-in05788,The Orchid Mansion Jaisalmer,Jaisalmer,jaisalmer,"592, Fort Rd, Golden City, Jaisalmer, Rajasthan 345001",,,4.7,345001,,Hotel,yes,,,,,https://hotelzz.in/property.html?id=the-orchid-mansion-jaisalmer-in05788
the-casa-mansion-jaisalmer-in05789,The Casa Mansion Jaisalmer,Jaisalmer,jaisalmer,"329, Sam Sand Dunes Rd, Golden City, Jaisalmer, Rajasthan 345001",,,4.6,345001,,Hotel,yes,,,,,https://hotelzz.in/property.html?id=the-casa-mansion-jaisalmer-in05789
aurora-haveli-jaisalmer-in05790,Aurora Haveli Jaisalmer,Jaisalmer,jaisalmer,"369, Fort Rd, near Jaisalmer Fort, Jaisalmer, Rajasthan 345001",,,4.4,345001,,Hotel,yes,,,,,https://hotelzz.in/property.html?id=aurora-haveli-jaisalmer-in05790
hotel-azure-palace-jaisalmer-in05791,Hotel Azure Palace Jaisalmer,Jaisalmer,jaisalmer,"330, Fort Rd, near Patwon Ki Haveli, Jaisalmer, Rajasthan 345001",,,4.3,345001,,Hotel,yes,,,,,https://hotelzz.in/property.html?id=hotel-azure-palace-jaisalmer-in05791
the-imperial-mansion-jaisalmer-in05792,The Imperial Mansion Jaisalmer,Jaisalmer,jaisalmer,"519, Fort Rd, near Patwon Ki Haveli, Jaisalmer, Rajasthan 345001",,,4.2,345001,,Hotel,yes,,,,,https://hotelzz.in/property.html?id=the-imperial-mansion-jaisalmer-in05792
regal-niwas-boutique-jaisalmer-in05793,Regal Niwas Boutique Jaisalmer,Jaisalmer,jaisalmer,"263, Patwon Ki Haveli, near Jaisalmer Fort, Jaisalmer, Rajasthan 345001",,,4.0,345001,,Hotel,yes,,,,,https://hotelzz.in/property.html?id=regal-niwas-boutique-jaisalmer-in05793
the-aria-mansion-jaisalmer-in05794,The Aria Mansion Jaisalmer,Jaisalmer,jaisalmer,"452, Sam Sand Dunes Rd, Golden City, Jaisalmer, Rajasthan 345001",,,4.8,345001,,Hotel,yes,,,,,https://hotelzz.in/property.html?id=the-aria-mansion-jaisalmer-in05794
emerald-heritage-inn-jaisalmer-in05795,Emerald Heritage Inn Jaisalmer,Jaisalmer,jaisalmer,"571, Patwon Ki Haveli, Gandhi Chowk, Jaisalmer, Rajasthan 345001",,,4.2,345001,,Hotel,yes,,,,,https://hotelzz.in/property.html?id=emerald-heritage-inn-jaisalmer-in05795
heritage-manor-jaisalmer-in05796,Heritage Manor Jaisalmer,Jaisalmer,jaisalmer,"227, Fort Rd, Sam Dunes, Jaisalmer, Rajasthan 345001",,,4.8,345001,,Hotel,yes,,,,,https://hotelzz.in/property.html?id=heritage-manor-jaisalmer-in05796
hotel-alpine-palace-jaisalmer-in05797,Hotel Alpine Palace Jaisalmer,Jaisalmer,jaisalmer,"287, Khuri, Golden City, Jaisalmer, Rajasthan 345001",,,4.8,345001,,Hotel,yes,,,,,https://hotelzz.in/property.html?id=hotel-alpine-palace-jaisalmer-in05797
aria-manor-jaisalmer-in05798,Aria Manor Jaisalmer,Jaisalmer,jaisalmer,"75, Khuri, Golden City, Jaisalmer, Rajasthan 345001",,,4.8,345001,,Hotel,yes,,,,,https://hotelzz.in/property.html?id=aria-manor-jaisalmer-in05798
hotel-wooden-palace-jaisalmer-in05799,Hotel Wooden Palace Jaisalmer,Jaisalmer,jaisalmer,"168, Bera Rd, Sam Dunes, Jaisalmer, Rajasthan 345001",,,4.8,345001,,Hotel,yes,,,,,https://hotelzz.in/property.html?id=hotel-wooden-palace-jaisalmer-in05799
sunrise-manor-jaisalmer-in05800,Sunrise Manor Jaisalmer,Jaisalmer,jaisalmer,"463, Bera Rd, near Patwon Ki Haveli, Jaisalmer, Rajasthan 345001",,,4.6,345001,,Hotel,yes,,,,,https://hotelzz.in/property.html?id=sunrise-manor-jaisalmer-in05800
the-maharajas-silver-jaisalmer-in05801,The Maharaja's Silver Jaisalmer,Jaisalmer,jaisalmer,"583, Sam Sand Dunes Rd, Gandhi Chowk, Jaisalmer, Rajasthan 345001",,,4.6,345001,,Hotel,yes,,,,,https://hotelzz.in/property.html?id=the-maharajas-silver-jaisalmer-in05801
the-maharajas-vintage-jaisalmer-in05802,The Maharaja's Vintage Jaisalmer,Jaisalmer,jaisalmer,"418, Khuri, Gandhi Chowk, Jaisalmer, Rajasthan 345001",,,4.7,345001,,Hotel,yes,,,,,https://hotelzz.in/property.html?id=the-maharajas-vintage-jaisalmer-in05802
aspen-heritage-inn-jaisalmer-in05803,Aspen Heritage Inn Jaisalmer,Jaisalmer,jaisalmer,"410, Gandhi Chowk, near Jaisalmer Fort, Jaisalmer, Rajasthan 345001",,,4.2,345001,,Hotel,yes,,,,,https://hotelzz.in/property.html?id=aspen-heritage-inn-jaisalmer-in05803
the-maharajas-maple-jaisalmer-in05804,The Maharaja's Maple Jaisalmer,Jaisalmer,jaisalmer,"82, Patwon Ki Haveli, Gandhi Chowk, Jaisalmer, Rajasthan 345001",,,4.9,345001,,Hotel,yes,,,,,https://hotelzz.in/property.html?id=the-maharajas-maple-jaisalmer-in05804
royal-manor-jaisalmer-in05805,Royal Manor Jaisalmer,Jaisalmer,jaisalmer,"581, Khuri, near Jaisalmer Fort, Jaisalmer, Rajasthan 345001",,,4.7,345001,,Hotel,yes,,,,,https://hotelzz.in/property.html?id=royal-manor-jaisalmer-in05805
crystal-niwas-boutique-jaisalmer-in05806,Crystal Niwas Boutique Jaisalmer,Jaisalmer,jaisalmer,"114, Patwon Ki Haveli, Golden City, Jaisalmer, Rajasthan 345001",,,4.8,345001,,Hotel,yes,,,,,https://hotelzz.in/property.html?id=crystal-niwas-boutique-jaisalmer-in05806
heritage-haveli-jaisalmer-in05807,Heritage Haveli Jaisalmer,Jaisalmer,jaisalmer,"235, Gandhi Chowk, near Patwon Ki Haveli, Jaisalmer, Rajasthan 345001",,,4.5,345001,,Hotel,yes,,,,,https://hotelzz.in/property.html?id=heritage-haveli-jaisalmer-in05807
the-heritage-mansion-jaisalmer-in05808,The Heritage Mansion Jaisalmer,Jaisalmer,jaisalmer,"90, Patwon Ki Haveli, Sam Dunes, Jaisalmer, Rajasthan 345001",,,4.6,345001,,Hotel,yes,,,,,https://hotelzz.in/property.html?id=the-heritage-mansion-jaisalmer-in05808
whispering-niwas-boutique-jaisalmer-in05809,Whispering Niwas Boutique Jaisalmer,Jaisalmer,jaisalmer,"73, Khuri, near Jaisalmer Fort, Jaisalmer, Rajasthan 345001",,,4.1,345001,,Hotel,yes,,,,,https://hotelzz.in/property.html?id=whispering-niwas-boutique-jaisalmer-in05809
hotel-sunrise-palace-jaisalmer-in05810,Hotel Sunrise Palace Jaisalmer,Jaisalmer,jaisalmer,"271, Sam Sand Dunes Rd, Sam Dunes, Jaisalmer, Rajasthan 345001",,,4.1,345001,,Hotel,yes,,,,,https://hotelzz.in/property.html?id=hotel-sunrise-palace-jaisalmer-in05810
hotel-casa-palace-jaisalmer-in05811,Hotel Casa Palace Jaisalmer,Jaisalmer,jaisalmer,"48, Khuri, near Patwon Ki Haveli, Jaisalmer, Rajasthan 345001",,,4.1,345001,,Hotel,yes,,,,,https://hotelzz.in/property.html?id=hotel-casa-palace-jaisalmer-in05811
azure-niwas-boutique-jaisalmer-in05812,Azure Niwas Boutique Jaisalmer,Jaisalmer,jaisalmer,"21, Bera Rd, Golden City, Jaisalmer, Rajasthan 345001",,,4.7,345001,,Hotel,yes,,,,,https://hotelzz.in/property.html?id=azure-niwas-boutique-jaisalmer-in05812
cosy-manor-jaisalmer-in05813,Cosy Manor Jaisalmer,Jaisalmer,jaisalmer,"316, Bera Rd, Gandhi Chowk, Jaisalmer, Rajasthan 345001",,,4.3,345001,,Hotel,yes,,,,,https://hotelzz.in/property.html?id=cosy-manor-jaisalmer-in05813
serene-manor-jaisalmer-in05814,Serene Manor Jaisalmer,Jaisalmer,jaisalmer,"260, Patwon Ki Haveli, near Jaisalmer Fort, Jaisalmer, Rajasthan 345001",,,4.7,345001,,Hotel,yes,,,,,https://hotelzz.in/property.html?id=serene-manor-jaisalmer-in05814
sapphire-niwas-boutique-jaisalmer-in05815,Sapphire Niwas Boutique Jaisalmer,Jaisalmer,jaisalmer,"158, Khuri, Golden City, Jaisalmer, Rajasthan 345001",,,4.3,345001,,Hotel,yes,,,,,https://hotelzz.in/property.html?id=sapphire-niwas-boutique-jaisalmer-in05815
the-maharajas-pearl-jaisalmer-in05816,The Maharaja's Pearl Jaisalmer,Jaisalmer,jaisalmer,"161, Sam Sand Dunes Rd, Gandhi Chowk, Jaisalmer, Rajasthan 345001",,,4.8,345001,,Hotel,yes,,,,,https://hotelzz.in/property.html?id=the-maharajas-pearl-jaisalmer-in05816
the-highland-mansion-jaisalmer-in05817,The Highland Mansion Jaisalmer,Jaisalmer,jaisalmer,"439, Gandhi Chowk, Golden City, Jaisalmer, Rajasthan 345001",,,4.6,345001,,Hotel,yes,,,,,https://hotelzz.in/property.html?id=the-highland-mansion-jaisalmer-in05817
aspen-niwas-boutique-jaisalmer-in05818,Aspen Niwas Boutique Jaisalmer,Jaisalmer,jaisalmer,"526, Patwon Ki Haveli, near Jaisalmer Fort, Jaisalmer, Rajasthan 345001",,,4.5,345001,,Hotel,yes,,,,,https://hotelzz.in/property.html?id=aspen-niwas-boutique-jaisalmer-in05818
the-maharajas-heritage-jaisalmer-in05819,The Maharaja's Heritage Jaisalmer,Jaisalmer,jaisalmer,"229, Sam Sand Dunes Rd, Gandhi Chowk, Jaisalmer, Rajasthan 345001",,,4.6,345001,,Hotel,yes,,,,,https://hotelzz.in/property.html?id=the-maharajas-heritage-jaisalmer-in05819
maple-haveli-jaisalmer-in05820,Maple Haveli Jaisalmer,Jaisalmer,jaisalmer,"545, Gandhi Chowk, near Jaisalmer Fort, Jaisalmer, Rajasthan 345001",,,4.2,345001,,Hotel,yes,,,,,https://hotelzz.in/property.html?id=maple-haveli-jaisalmer-in05820
himalayan-aurora-ooty-in05821,Himalayan Aurora Ooty,Ooty,ooty,"345, Charing Cross, Charing Cross, Ooty, Tamil Nadu 643005",,,4.3,643005,,Cottage,yes,,,,,https://hotelzz.in/property.html?id=himalayan-aurora-ooty-in05821
maple-hideaway-ooty-in05822,Maple Hideaway Ooty,Ooty,ooty,"271, Havelock Rd, Coonoor Road, Ooty, Tamil Nadu 643001",,,4.3,643001,,Cottage,yes,,,,,https://hotelzz.in/property.html?id=maple-hideaway-ooty-in05822
the-misty-cabin-ooty-in05823,The Misty Cabin Ooty,Ooty,ooty,"581, Coonoor Rd, near Botanical Garden, Ooty, Tamil Nadu 643001",,,4.9,643001,,Cottage,yes,,,,,https://hotelzz.in/property.html?id=the-misty-cabin-ooty-in05823
ooty-hills-resort-in05824,Ooty Hills Resort,Ooty,ooty,"127, Lovedale, Charing Cross, Ooty, Tamil Nadu 643002",,,4.8,643002,,Cottage,yes,,,,,https://hotelzz.in/property.html?id=ooty-hills-resort-in05824
apple-orchard-ooty-in05825,Apple Orchard Ooty,Ooty,ooty,"9, Fern Hill, Charing Cross, Ooty, Tamil Nadu 643002",,,4.6,643002,,Cottage,yes,,,,,https://hotelzz.in/property.html?id=apple-orchard-ooty-in05825
the-ooty-retreat-in05826,The Ooty Retreat,Ooty,ooty,"447, Coonoor Rd, Fern Hill, Ooty, Tamil Nadu 643002",,,4.7,643002,,Cottage,yes,,,,,https://hotelzz.in/property.html?id=the-ooty-retreat-in05826
pine-ooty-lodge-in05827,Pine Ooty Lodge,Ooty,ooty,"516, Ettines Rd, near Botanical Garden, Ooty, Tamil Nadu 643001",,,4.3,643001,,Cottage,yes,,,,,https://hotelzz.in/property.html?id=pine-ooty-lodge-in05827
ooty-mountain-inn-in05828,Ooty Mountain Inn,Ooty,ooty,"9, Lovedale, Coonoor Road, Ooty, Tamil Nadu 643005",,,4.4,643005,,Cottage,yes,,,,,https://hotelzz.in/property.html?id=ooty-mountain-inn-in05828
himalayan-misty-ooty-in05829,Himalayan Misty Ooty,Ooty,ooty,"18, Lovedale, near Botanical Garden, Ooty, Tamil Nadu 643005",,,4.5,643005,,Cottage,yes,,,,,https://hotelzz.in/property.html?id=himalayan-misty-ooty-in05829
crown-pines-ooty-in05830,Crown Pines Ooty,Ooty,ooty,"255, Fern Hill, Fern Hill, Ooty, Tamil Nadu 643005",,,4.4,643005,,Cottage,yes,,,,,https://hotelzz.in/property.html?id=crown-pines-ooty-in05830
the-wooden-cabin-ooty-in05831,The Wooden Cabin Ooty,Ooty,ooty,"488, Coonoor Rd, Coonoor Road, Ooty, Tamil Nadu 643002",,,4.7,643002,,Cottage,yes,,,,,https://hotelzz.in/property.html?id=the-wooden-cabin-ooty-in05831
snowline-ooty-cottage-in05832,Snowline Ooty Cottage,Ooty,ooty,"247, Charing Cross, Fern Hill, Ooty, Tamil Nadu 643005",,,4.3,643005,,Cottage,yes,,,,,https://hotelzz.in/property.html?id=snowline-ooty-cottage-in05832
cedar-ooty-lodge-in05833,Cedar Ooty Lodge,Ooty,ooty,"89, Ettines Rd, near Botanical Garden, Ooty, Tamil Nadu 643005",,,4.1,643005,,Cottage,yes,,,,,https://hotelzz.in/property.html?id=cedar-ooty-lodge-in05833
orchid-pines-ooty-in05834,Orchid Pines Ooty,Ooty,ooty,"491, Coonoor Rd, Fern Hill, Ooty, Tamil Nadu 643002",,,4.7,643002,,Cottage,yes,,,,,https://hotelzz.in/property.html?id=orchid-pines-ooty-in05834
hotel-silver-ooty-in05835,Hotel Silver Ooty,Ooty,ooty,"107, Charing Cross, Fern Hill, Ooty, Tamil Nadu 643001",,,4.6,643001,,Cottage,yes,,,,,https://hotelzz.in/property.html?id=hotel-silver-ooty-in05835
wooden-pines-ooty-in05836,Wooden Pines Ooty,Ooty,ooty,"537, Lovedale, Charing Cross, Ooty, Tamil Nadu 643005",,,4.3,643005,,Cottage,yes,,,,,https://hotelzz.in/property.html?id=wooden-pines-ooty-in05836
marigold-cottage-ooty-in05837,Marigold Cottage Ooty,Ooty,ooty,"131, Ettines Rd, Charing Cross, Ooty, Tamil Nadu 643005",,,4.8,643005,,Cottage,yes,,,,,https://hotelzz.in/property.html?id=marigold-cottage-ooty-in05837
cosy-valley-stay-ooty-in05838,Cosy Valley Stay Ooty,Ooty,ooty,"556, Fern Hill, Fern Hill, Ooty, Tamil Nadu 643002",,,4.9,643002,,Cottage,yes,,,,,https://hotelzz.in/property.html?id=cosy-valley-stay-ooty-in05838
the-aria-cabin-ooty-in05839,The Aria Cabin Ooty,Ooty,ooty,"526, Coonoor Rd, near Botanical Garden, Ooty, Tamil Nadu 643002",,,4.2,643002,,Cottage,yes,,,,,https://hotelzz.in/property.html?id=the-aria-cabin-ooty-in05839
himalayan-sapphire-ooty-in05840,Himalayan Sapphire Ooty,Ooty,ooty,"203, Charing Cross, near Botanical Garden, Ooty, Tamil Nadu 643002",,,4.2,643002,,Cottage,yes,,,,,https://hotelzz.in/property.html?id=himalayan-sapphire-ooty-in05840
crown-valley-stay-ooty-in05841,Crown Valley Stay Ooty,Ooty,ooty,"267, Coonoor Rd, Fern Hill, Ooty, Tamil Nadu 643005",,,4.0,643005,,Cottage,yes,,,,,https://hotelzz.in/property.html?id=crown-valley-stay-ooty-in05841
wood-house-ooty-in05842,Wood House Ooty,Ooty,ooty,"215, Coonoor Rd, near Botanical Garden, Ooty, Tamil Nadu 643005",,,4.3,643005,,Cottage,yes,,,,,https://hotelzz.in/property.html?id=wood-house-ooty-in05842
hotel-sapphire-ooty-in05843,Hotel Sapphire Ooty,Ooty,ooty,"42, Fern Hill, Charing Cross, Ooty, Tamil Nadu 643005",,,4.2,643005,,Cottage,yes,,,,,https://hotelzz.in/property.html?id=hotel-sapphire-ooty-in05843
velvet-view-resort-ooty-in05844,Velvet View Resort Ooty,Ooty,ooty,"519, Coonoor Rd, Charing Cross, Ooty, Tamil Nadu 643002",,,4.1,643002,,Cottage,yes,,,,,https://hotelzz.in/property.html?id=velvet-view-resort-ooty-in05844
himalayan-silver-ooty-in05845,Himalayan Silver Ooty,Ooty,ooty,"262, Ettines Rd, Fern Hill, Ooty, Tamil Nadu 643005",,,4.9,643005,,Cottage,yes,,,,,https://hotelzz.in/property.html?id=himalayan-silver-ooty-in05845
serene-cottage-ooty-in05846,Serene Cottage Ooty,Ooty,ooty,"151, Ettines Rd, Fern Hill, Ooty, Tamil Nadu 643001",,,4.7,643001,,Cottage,yes,,,,,https://hotelzz.in/property.html?id=serene-cottage-ooty-in05846
royal-valley-stay-ooty-in05847,Royal Valley Stay Ooty,Ooty,ooty,"45, Havelock Rd, Fern Hill, Ooty, Tamil Nadu 643005",,,4.3,643005,,Cottage,yes,,,,,https://hotelzz.in/property.html?id=royal-valley-stay-ooty-in05847
hotel-vintage-ooty-in05848,Hotel Vintage Ooty,Ooty,ooty,"178, Coonoor Rd, Fern Hill, Ooty, Tamil Nadu 643001",,,4.6,643001,,Cottage,yes,,,,,https://hotelzz.in/property.html?id=hotel-vintage-ooty-in05848
aria-hideaway-ooty-in05849,Aria Hideaway Ooty,Ooty,ooty,"135, Ettines Rd, near Botanical Garden, Ooty, Tamil Nadu 643005",,,4.1,643005,,Cottage,yes,,,,,https://hotelzz.in/property.html?id=aria-hideaway-ooty-in05849
emerald-hideaway-ooty-in05850,Emerald Hideaway Ooty,Ooty,ooty,"370, Havelock Rd, Coonoor Road, Ooty, Tamil Nadu 643005",,,4.5,643005,,Cottage,yes,,,,,https://hotelzz.in/property.html?id=emerald-hideaway-ooty-in05850
aurora-pines-ooty-in05851,Aurora Pines Ooty,Ooty,ooty,"205, Coonoor Rd, Coonoor Road, Ooty, Tamil Nadu 643005",,,4.0,643005,,Cottage,yes,,,,,https://hotelzz.in/property.html?id=aurora-pines-ooty-in05851
saffron-pines-ooty-in05852,Saffron Pines Ooty,Ooty,ooty,"169, Lovedale, Coonoor Road, Ooty, Tamil Nadu 643005",,,4.1,643005,,Cottage,yes,,,,,https://hotelzz.in/property.html?id=saffron-pines-ooty-in05852
orchid-view-resort-ooty-in05853,Orchid View Resort Ooty,Ooty,ooty,"435, Lovedale, Charing Cross, Ooty, Tamil Nadu 643005",,,4.1,643005,,Cottage,yes,,,,,https://hotelzz.in/property.html?id=orchid-view-resort-ooty-in05853
orchid-valley-stay-ooty-in05854,Orchid Valley Stay Ooty,Ooty,ooty,"412, Charing Cross, Coonoor Road, Ooty, Tamil Nadu 643002",,,4.4,643002,,Cottage,yes,,,,,https://hotelzz.in/property.html?id=orchid-valley-stay-ooty-in05854
cosy-cottage-ooty-in05855,Cosy Cottage Ooty,Ooty,ooty,"163, Charing Cross, Fern Hill, Ooty, Tamil Nadu 643005",,,4.1,643005,,Cottage,yes,,,,,https://hotelzz.in/property.html?id=cosy-cottage-ooty-in05855
the-aurora-cabin-ooty-in05856,The Aurora Cabin Ooty,Ooty,ooty,"580, Lovedale, Charing Cross, Ooty, Tamil Nadu 643002",,,4.1,643002,,Cottage,yes,,,,,https://hotelzz.in/property.html?id=the-aurora-cabin-ooty-in05856
whispering-view-resort-ooty-in05857,Whispering View Resort Ooty,Ooty,ooty,"555, Coonoor Rd, Fern Hill, Ooty, Tamil Nadu 643005",,,4.2,643005,,Cottage,yes,,,,,https://hotelzz.in/property.html?id=whispering-view-resort-ooty-in05857
the-emerald-cabin-ooty-in05858,The Emerald Cabin Ooty,Ooty,ooty,"204, Charing Cross, Coonoor Road, Ooty, Tamil Nadu 643002",,,4.8,643002,,Cottage,yes,,,,,https://hotelzz.in/property.html?id=the-emerald-cabin-ooty-in05858
himalayan-crystal-ooty-in05859,Himalayan Crystal Ooty,Ooty,ooty,"486, Lovedale, near Botanical Garden, Ooty, Tamil Nadu 643005",,,4.4,643005,,Cottage,yes,,,,,https://hotelzz.in/property.html?id=himalayan-crystal-ooty-in05859
the-serene-cabin-ooty-in05860,The Serene Cabin Ooty,Ooty,ooty,"309, Ettines Rd, Coonoor Road, Ooty, Tamil Nadu 643001",,,4.7,643001,,Cottage,yes,,,,,https://hotelzz.in/property.html?id=the-serene-cabin-ooty-in05860
alpine-hideaway-ooty-in05861,Alpine Hideaway Ooty,Ooty,ooty,"527, Charing Cross, Fern Hill, Ooty, Tamil Nadu 643001",,,4.8,643001,,Cottage,yes,,,,,https://hotelzz.in/property.html?id=alpine-hideaway-ooty-in05861
whispering-valley-stay-ooty-in05862,Whispering Valley Stay Ooty,Ooty,ooty,"451, Charing Cross, Coonoor Road, Ooty, Tamil Nadu 643002",,,4.3,643002,,Cottage,yes,,,,,https://hotelzz.in/property.html?id=whispering-valley-stay-ooty-in05862
casa-cottage-ooty-in05863,Casa Cottage Ooty,Ooty,ooty,"500, Ettines Rd, Coonoor Road, Ooty, Tamil Nadu 643005",,,4.4,643005,,Cottage,yes,,,,,https://hotelzz.in/property.html?id=casa-cottage-ooty-in05863
hotel-pearl-ooty-in05864,Hotel Pearl Ooty,Ooty,ooty,"294, Charing Cross, Fern Hill, Ooty, Tamil Nadu 643002",,,4.1,643002,,Cottage,yes,,,,,https://hotelzz.in/property.html?id=hotel-pearl-ooty-in05864
alpine-pines-ooty-in05865,Alpine Pines Ooty,Ooty,ooty,"326, Lovedale, Charing Cross, Ooty, Tamil Nadu 643005",,,4.8,643005,,Cottage,yes,,,,,https://hotelzz.in/property.html?id=alpine-pines-ooty-in05865
cosy-hideaway-ooty-in05866,Cosy Hideaway Ooty,Ooty,ooty,"472, Havelock Rd, Charing Cross, Ooty, Tamil Nadu 643005",,,4.5,643005,,Cottage,yes,,,,,https://hotelzz.in/property.html?id=cosy-hideaway-ooty-in05866
misty-view-resort-ooty-in05867,Misty View Resort Ooty,Ooty,ooty,"408, Charing Cross, Charing Cross, Ooty, Tamil Nadu 643005",,,4.6,643005,,Cottage,yes,,,,,https://hotelzz.in/property.html?id=misty-view-resort-ooty-in05867
casa-view-resort-ooty-in05868,Casa View Resort Ooty,Ooty,ooty,"350, Lovedale, Coonoor Road, Ooty, Tamil Nadu 643001",,,4.6,643001,,Cottage,yes,,,,,https://hotelzz.in/property.html?id=casa-view-resort-ooty-in05868
vintage-cottage-ooty-in05869,Vintage Cottage Ooty,Ooty,ooty,"28, Fern Hill, Coonoor Road, Ooty, Tamil Nadu 643001",,,4.8,643001,,Cottage,yes,,,,,https://hotelzz.in/property.html?id=vintage-cottage-ooty-in05869
imperial-view-resort-ooty-in05870,Imperial View Resort Ooty,Ooty,ooty,"395, Charing Cross, Charing Cross, Ooty, Tamil Nadu 643005",,,4.9,643005,,Cottage,yes,,,,,https://hotelzz.in/property.html?id=imperial-view-resort-ooty-in05870
the-whispering-cabin-ooty-in05871,The Whispering Cabin Ooty,Ooty,ooty,"276, Fern Hill, Coonoor Road, Ooty, Tamil Nadu 643005",,,4.4,643005,,Cottage,yes,,,,,https://hotelzz.in/property.html?id=the-whispering-cabin-ooty-in05871
himalayan-serene-ooty-in05872,Himalayan Serene Ooty,Ooty,ooty,"119, Fern Hill, Fern Hill, Ooty, Tamil Nadu 643005",,,4.3,643005,,Cottage,yes,,,,,https://hotelzz.in/property.html?id=himalayan-serene-ooty-in05872
himalayan-regal-ooty-in05873,Himalayan Regal Ooty,Ooty,ooty,"553, Fern Hill, Charing Cross, Ooty, Tamil Nadu 643005",,,4.6,643005,,Cottage,yes,,,,,https://hotelzz.in/property.html?id=himalayan-regal-ooty-in05873
wooden-valley-stay-ooty-in05874,Wooden Valley Stay Ooty,Ooty,ooty,"323, Coonoor Rd, near Botanical Garden, Ooty, Tamil Nadu 643005",,,4.6,643005,,Cottage,yes,,,,,https://hotelzz.in/property.html?id=wooden-valley-stay-ooty-in05874
silver-pines-ooty-in05875,Silver Pines Ooty,Ooty,ooty,"572, Ettines Rd, near Botanical Garden, Ooty, Tamil Nadu 643005",,,4.4,643005,,Cottage,yes,,,,,https://hotelzz.in/property.html?id=silver-pines-ooty-in05875
imperial-valley-stay-ooty-in05876,Imperial Valley Stay Ooty,Ooty,ooty,"323, Ettines Rd, near Botanical Garden, Ooty, Tamil Nadu 643001",,,4.4,643001,,Cottage,yes,,,,,https://hotelzz.in/property.html?id=imperial-valley-stay-ooty-in05876
crown-cottage-ooty-in05877,Crown Cottage Ooty,Ooty,ooty,"302, Lovedale, Fern Hill, Ooty, Tamil Nadu 643001",,,4.5,643001,,Cottage,yes,,,,,https://hotelzz.in/property.html?id=crown-cottage-ooty-in05877
himalayan-aspen-ooty-in05878,Himalayan Aspen Ooty,Ooty,ooty,"572, Ettines Rd, Fern Hill, Ooty, Tamil Nadu 643005",,,4.1,643005,,Cottage,yes,,,,,https://hotelzz.in/property.html?id=himalayan-aspen-ooty-in05878
ocean-pines-ooty-in05879,Ocean Pines Ooty,Ooty,ooty,"38, Havelock Rd, Fern Hill, Ooty, Tamil Nadu 643005",,,4.1,643005,,Cottage,yes,,,,,https://hotelzz.in/property.html?id=ocean-pines-ooty-in05879
vintage-valley-stay-ooty-in05880,Vintage Valley Stay Ooty,Ooty,ooty,"53, Coonoor Rd, Fern Hill, Ooty, Tamil Nadu 643001",,,4.0,643001,,Cottage,yes,,,,,https://hotelzz.in/property.html?id=vintage-valley-stay-ooty-in05880
aurora-view-resort-ooty-in05881,Aurora View Resort Ooty,Ooty,ooty,"570, Lovedale, near Botanical Garden, Ooty, Tamil Nadu 643001",,,4.4,643001,,Cottage,yes,,,,,https://hotelzz.in/property.html?id=aurora-view-resort-ooty-in05881
saffron-hideaway-ooty-in05882,Saffron Hideaway Ooty,Ooty,ooty,"371, Coonoor Rd, Charing Cross, Ooty, Tamil Nadu 643001",,,4.5,643001,,Cottage,yes,,,,,https://hotelzz.in/property.html?id=saffron-hideaway-ooty-in05882
himalayan-heritage-ooty-in05883,Himalayan Heritage Ooty,Ooty,ooty,"401, Ettines Rd, Fern Hill, Ooty, Tamil Nadu 643005",,,4.1,643005,,Cottage,yes,,,,,https://hotelzz.in/property.html?id=himalayan-heritage-ooty-in05883
himalayan-casa-ooty-in05884,Himalayan Casa Ooty,Ooty,ooty,"262, Lovedale, Coonoor Road, Ooty, Tamil Nadu 643002",,,4.6,643002,,Cottage,yes,,,,,https://hotelzz.in/property.html?id=himalayan-casa-ooty-in05884
himalayan-vintage-ooty-in05885,Himalayan Vintage Ooty,Ooty,ooty,"430, Charing Cross, near Botanical Garden, Ooty, Tamil Nadu 643005",,,4.1,643005,,Cottage,yes,,,,,https://hotelzz.in/property.html?id=himalayan-vintage-ooty-in05885
aria-pines-ooty-in05886,Aria Pines Ooty,Ooty,ooty,"242, Havelock Rd, Charing Cross, Ooty, Tamil Nadu 643001",,,4.1,643001,,Cottage,yes,,,,,https://hotelzz.in/property.html?id=aria-pines-ooty-in05886
hotel-regal-ooty-in05887,Hotel Regal Ooty,Ooty,ooty,"117, Havelock Rd, Fern Hill, Ooty, Tamil Nadu 643005",,,4.5,643005,,Cottage,yes,,,,,https://hotelzz.in/property.html?id=hotel-regal-ooty-in05887
aurora-valley-stay-ooty-in05888,Aurora Valley Stay Ooty,Ooty,ooty,"249, Havelock Rd, near Botanical Garden, Ooty, Tamil Nadu 643001",,,4.4,643001,,Cottage,yes,,,,,https://hotelzz.in/property.html?id=aurora-valley-stay-ooty-in05888
hotel-highland-ooty-in05889,Hotel Highland Ooty,Ooty,ooty,"126, Lovedale, near Botanical Garden, Ooty, Tamil Nadu 643001",,,4.1,643001,,Cottage,yes,,,,,https://hotelzz.in/property.html?id=hotel-highland-ooty-in05889
tranquil-hideaway-ooty-in05890,Tranquil Hideaway Ooty,Ooty,ooty,"473, Fern Hill, near Botanical Garden, Ooty, Tamil Nadu 643002",,,4.4,643002,,Cottage,yes,,,,,https://hotelzz.in/property.html?id=tranquil-hideaway-ooty-in05890
serene-pines-kodaikanal-in05891,Serene Pines Kodaikanal,Kodaikanal,kodaikanal,"196, Coaker's Walk, near Lake, Kodaikanal, Tamil Nadu 624101",,,4.7,624101,,Cottage,yes,,,,,https://hotelzz.in/property.html?id=serene-pines-kodaikanal-in05891
silver-cottage-kodaikanal-in05892,Silver Cottage Kodaikanal,Kodaikanal,kodaikanal,"187, Coaker's Walk, Observatory Road, Kodaikanal, Tamil Nadu 624101",,,4.4,624101,,Cottage,yes,,,,,https://hotelzz.in/property.html?id=silver-cottage-kodaikanal-in05892
kodaikanal-hills-resort-in05893,Kodaikanal Hills Resort,Kodaikanal,kodaikanal,"417, Lake Rd, Anna Salai, Kodaikanal, Tamil Nadu 624101",,,4.1,624101,,Cottage,yes,,,,,https://hotelzz.in/property.html?id=kodaikanal-hills-resort-in05893
cedar-kodaikanal-lodge-in05894,Cedar Kodaikanal Lodge,Kodaikanal,kodaikanal,"39, Pillar Rocks Rd, Observatory Road, Kodaikanal, Tamil Nadu 624101",,,4.8,624101,,Cottage,yes,,,,,https://hotelzz.in/property.html?id=cedar-kodaikanal-lodge-in05894
apple-orchard-kodaikanal-in05895,Apple Orchard Kodaikanal,Kodaikanal,kodaikanal,"324, Lake Rd, Observatory Road, Kodaikanal, Tamil Nadu 624101",,,4.2,624101,,Cottage,yes,,,,,https://hotelzz.in/property.html?id=apple-orchard-kodaikanal-in05895
maple-view-resort-kodaikanal-in05896,Maple View Resort Kodaikanal,Kodaikanal,kodaikanal,"166, Anna Salai, Coaker's Walk, Kodaikanal, Tamil Nadu 624101",,,4.8,624101,,Cottage,yes,,,,,https://hotelzz.in/property.html?id=maple-view-resort-kodaikanal-in05896
regal-hideaway-kodaikanal-in05897,Regal Hideaway Kodaikanal,Kodaikanal,kodaikanal,"543, Coaker's Walk, near Lake, Kodaikanal, Tamil Nadu 624101",,,4.8,624101,,Cottage,yes,,,,,https://hotelzz.in/property.html?id=regal-hideaway-kodaikanal-in05897
heritage-cottage-kodaikanal-in05898,Heritage Cottage Kodaikanal,Kodaikanal,kodaikanal,"268, Pillar Rocks Rd, Coaker's Walk, Kodaikanal, Tamil Nadu 624101",,,4.6,624101,,Cottage,yes,,,,,https://hotelzz.in/property.html?id=heritage-cottage-kodaikanal-in05898
aria-hideaway-kodaikanal-in05899,Aria Hideaway Kodaikanal,Kodaikanal,kodaikanal,"22, Lake Rd, near Lake, Kodaikanal, Tamil Nadu 624101",,,4.5,624101,,Cottage,yes,,,,,https://hotelzz.in/property.html?id=aria-hideaway-kodaikanal-in05899
marigold-cottage-kodaikanal-in05900,Marigold Cottage Kodaikanal,Kodaikanal,kodaikanal,"411, Pillar Rocks Rd, Coaker's Walk, Kodaikanal, Tamil Nadu 624101",,,4.0,624101,,Cottage,yes,,,,,https://hotelzz.in/property.html?id=marigold-cottage-kodaikanal-in05900
misty-pines-kodaikanal-in05901,Misty Pines Kodaikanal,Kodaikanal,kodaikanal,"482, Observatory Rd, Anna Salai, Kodaikanal, Tamil Nadu 624101",,,4.8,624101,,Cottage,yes,,,,,https://hotelzz.in/property.html?id=misty-pines-kodaikanal-in05901
the-saffron-cabin-kodaikanal-in05902,The Saffron Cabin Kodaikanal,Kodaikanal,kodaikanal,"184, Anna Salai, near Lake, Kodaikanal, Tamil Nadu 624101",,,4.8,624101,,Cottage,yes,,,,,https://hotelzz.in/property.html?id=the-saffron-cabin-kodaikanal-in05902
vintage-cottage-kodaikanal-in05903,Vintage Cottage Kodaikanal,Kodaikanal,kodaikanal,"191, Anna Salai, Coaker's Walk, Kodaikanal, Tamil Nadu 624101",,,4.7,624101,,Cottage,yes,,,,,https://hotelzz.in/property.html?id=vintage-cottage-kodaikanal-in05903
himalayan-sunrise-kodaikanal-in05904,Himalayan Sunrise Kodaikanal,Kodaikanal,kodaikanal,"416, Bryant Park, near Lake, Kodaikanal, Tamil Nadu 624101",,,4.7,624101,,Cottage,yes,,,,,https://hotelzz.in/property.html?id=himalayan-sunrise-kodaikanal-in05904
aurora-view-resort-kodaikanal-in05905,Aurora View Resort Kodaikanal,Kodaikanal,kodaikanal,"470, Anna Salai, Observatory Road, Kodaikanal, Tamil Nadu 624101",,,4.2,624101,,Cottage,yes,,,,,https://hotelzz.in/property.html?id=aurora-view-resort-kodaikanal-in05905
the-kodaikanal-retreat-in05906,The Kodaikanal Retreat,Kodaikanal,kodaikanal,"370, Anna Salai, near Lake, Kodaikanal, Tamil Nadu 624101",,,4.9,624101,,Cottage,yes,,,,,https://hotelzz.in/property.html?id=the-kodaikanal-retreat-in05906
hotel-casa-kodaikanal-in05907,Hotel Casa Kodaikanal,Kodaikanal,kodaikanal,"124, Lake Rd, Anna Salai, Kodaikanal, Tamil Nadu 624101",,,4.2,624101,,Cottage,yes,,,,,https://hotelzz.in/property.html?id=hotel-casa-kodaikanal-in05907
himalayan-crystal-kodaikanal-in05908,Himalayan Crystal Kodaikanal,Kodaikanal,kodaikanal,"481, Coaker's Walk, Anna Salai, Kodaikanal, Tamil Nadu 624101",,,4.6,624101,,Cottage,yes,,,,,https://hotelzz.in/property.html?id=himalayan-crystal-kodaikanal-in05908
snowline-kodaikanal-cottage-in05909,Snowline Kodaikanal Cottage,Kodaikanal,kodaikanal,"367, Bryant Park, Observatory Road, Kodaikanal, Tamil Nadu 624101",,,4.2,624101,,Cottage,yes,,,,,https://hotelzz.in/property.html?id=snowline-kodaikanal-cottage-in05909
regal-valley-stay-kodaikanal-in05910,Regal Valley Stay Kodaikanal,Kodaikanal,kodaikanal,"535, Bryant Park, Anna Salai, Kodaikanal, Tamil Nadu 624101",,,4.9,624101,,Cottage,yes,,,,,https://hotelzz.in/property.html?id=regal-valley-stay-kodaikanal-in05910
kodaikanal-mountain-inn-in05911,Kodaikanal Mountain Inn,Kodaikanal,kodaikanal,"36, Coaker's Walk, Coaker's Walk, Kodaikanal, Tamil Nadu 624101",,,4.2,624101,,Cottage,yes,,,,,https://hotelzz.in/property.html?id=kodaikanal-mountain-inn-in05911
crystal-cottage-kodaikanal-in05912,Crystal Cottage Kodaikanal,Kodaikanal,kodaikanal,"404, Pillar Rocks Rd, near Lake, Kodaikanal, Tamil Nadu 624101",,,4.5,624101,,Cottage,yes,,,,,https://hotelzz.in/property.html?id=crystal-cottage-kodaikanal-in05912
wooden-valley-stay-kodaikanal-in05913,Wooden Valley Stay Kodaikanal,Kodaikanal,kodaikanal,"236, Lake Rd, Coaker's Walk, Kodaikanal, Tamil Nadu 624101",,,4.8,624101,,Cottage,yes,,,,,https://hotelzz.in/property.html?id=wooden-valley-stay-kodaikanal-in05913
hotel-maple-kodaikanal-in05914,Hotel Maple Kodaikanal,Kodaikanal,kodaikanal,"132, Pillar Rocks Rd, Coaker's Walk, Kodaikanal, Tamil Nadu 624101",,,4.8,624101,,Cottage,yes,,,,,https://hotelzz.in/property.html?id=hotel-maple-kodaikanal-in05914
indigo-cottage-kodaikanal-in05915,Indigo Cottage Kodaikanal,Kodaikanal,kodaikanal,"525, Coaker's Walk, Observatory Road, Kodaikanal, Tamil Nadu 624101",,,4.6,624101,,Cottage,yes,,,,,https://hotelzz.in/property.html?id=indigo-cottage-kodaikanal-in05915
whispering-hideaway-kodaikanal-in05916,Whispering Hideaway Kodaikanal,Kodaikanal,kodaikanal,"216, Anna Salai, Anna Salai, Kodaikanal, Tamil Nadu 624101",,,4.8,624101,,Cottage,yes,,,,,https://hotelzz.in/property.html?id=whispering-hideaway-kodaikanal-in05916
the-royal-cabin-kodaikanal-in05917,The Royal Cabin Kodaikanal,Kodaikanal,kodaikanal,"85, Pillar Rocks Rd, Coaker's Walk, Kodaikanal, Tamil Nadu 624101",,,4.6,624101,,Cottage,yes,,,,,https://hotelzz.in/property.html?id=the-royal-cabin-kodaikanal-in05917
himalayan-aria-kodaikanal-in05918,Himalayan Aria Kodaikanal,Kodaikanal,kodaikanal,"209, Coaker's Walk, Coaker's Walk, Kodaikanal, Tamil Nadu 624101",,,4.3,624101,,Cottage,yes,,,,,https://hotelzz.in/property.html?id=himalayan-aria-kodaikanal-in05918
aspen-valley-stay-kodaikanal-in05919,Aspen Valley Stay Kodaikanal,Kodaikanal,kodaikanal,"276, Anna Salai, Observatory Road, Kodaikanal, Tamil Nadu 624101",,,4.5,624101,,Cottage,yes,,,,,https://hotelzz.in/property.html?id=aspen-valley-stay-kodaikanal-in05919
ocean-view-resort-kodaikanal-in05920,Ocean View Resort Kodaikanal,Kodaikanal,kodaikanal,"163, Pillar Rocks Rd, near Lake, Kodaikanal, Tamil Nadu 624101",,,4.7,624101,,Cottage,yes,,,,,https://hotelzz.in/property.html?id=ocean-view-resort-kodaikanal-in05920
wood-house-kodaikanal-in05921,Wood House Kodaikanal,Kodaikanal,kodaikanal,"57, Observatory Rd, Coaker's Walk, Kodaikanal, Tamil Nadu 624101",,,4.8,624101,,Cottage,yes,,,,,https://hotelzz.in/property.html?id=wood-house-kodaikanal-in05921
vintage-valley-stay-kodaikanal-in05922,Vintage Valley Stay Kodaikanal,Kodaikanal,kodaikanal,"399, Bryant Park, Observatory Road, Kodaikanal, Tamil Nadu 624101",,,4.8,624101,,Cottage,yes,,,,,https://hotelzz.in/property.html?id=vintage-valley-stay-kodaikanal-in05922
azure-pines-kodaikanal-in05923,Azure Pines Kodaikanal,Kodaikanal,kodaikanal,"480, Observatory Rd, Coaker's Walk, Kodaikanal, Tamil Nadu 624101",,,4.9,624101,,Cottage,yes,,,,,https://hotelzz.in/property.html?id=azure-pines-kodaikanal-in05923
the-orchid-cabin-kodaikanal-in05924,The Orchid Cabin Kodaikanal,Kodaikanal,kodaikanal,"457, Anna Salai, Anna Salai, Kodaikanal, Tamil Nadu 624101",,,4.5,624101,,Cottage,yes,,,,,https://hotelzz.in/property.html?id=the-orchid-cabin-kodaikanal-in05924
alpine-pines-kodaikanal-in05925,Alpine Pines Kodaikanal,Kodaikanal,kodaikanal,"332, Coaker's Walk, Observatory Road, Kodaikanal, Tamil Nadu 624101",,,4.9,624101,,Cottage,yes,,,,,https://hotelzz.in/property.html?id=alpine-pines-kodaikanal-in05925
himalayan-whispering-kodaikanal-in05926,Himalayan Whispering Kodaikanal,Kodaikanal,kodaikanal,"116, Pillar Rocks Rd, near Lake, Kodaikanal, Tamil Nadu 624101",,,4.0,624101,,Cottage,yes,,,,,https://hotelzz.in/property.html?id=himalayan-whispering-kodaikanal-in05926
emerald-pines-kodaikanal-in05927,Emerald Pines Kodaikanal,Kodaikanal,kodaikanal,"450, Pillar Rocks Rd, near Lake, Kodaikanal, Tamil Nadu 624101",,,4.8,624101,,Cottage,yes,,,,,https://hotelzz.in/property.html?id=emerald-pines-kodaikanal-in05927
the-cosy-cabin-kodaikanal-in05928,The Cosy Cabin Kodaikanal,Kodaikanal,kodaikanal,"219, Pillar Rocks Rd, Coaker's Walk, Kodaikanal, Tamil Nadu 624101",,,4.4,624101,,Cottage,yes,,,,,https://hotelzz.in/property.html?id=the-cosy-cabin-kodaikanal-in05928
silver-hideaway-kodaikanal-in05929,Silver Hideaway Kodaikanal,Kodaikanal,kodaikanal,"315, Bryant Park, Coaker's Walk, Kodaikanal, Tamil Nadu 624101",,,4.6,624101,,Cottage,yes,,,,,https://hotelzz.in/property.html?id=silver-hideaway-kodaikanal-in05929
the-pearl-cabin-kodaikanal-in05930,The Pearl Cabin Kodaikanal,Kodaikanal,kodaikanal,"139, Anna Salai, Anna Salai, Kodaikanal, Tamil Nadu 624101",,,4.2,624101,,Cottage,yes,,,,,https://hotelzz.in/property.html?id=the-pearl-cabin-kodaikanal-in05930
pine-kodaikanal-lodge-in05931,Pine Kodaikanal Lodge,Kodaikanal,kodaikanal,"120, Anna Salai, near Lake, Kodaikanal, Tamil Nadu 624101",,,4.4,624101,,Cottage,yes,,,,,https://hotelzz.in/property.html?id=pine-kodaikanal-lodge-in05931
maple-valley-stay-kodaikanal-in05932,Maple Valley Stay Kodaikanal,Kodaikanal,kodaikanal,"347, Bryant Park, Anna Salai, Kodaikanal, Tamil Nadu 624101",,,4.2,624101,,Cottage,yes,,,,,https://hotelzz.in/property.html?id=maple-valley-stay-kodaikanal-in05932
serene-view-resort-kodaikanal-in05933,Serene View Resort Kodaikanal,Kodaikanal,kodaikanal,"373, Lake Rd, Coaker's Walk, Kodaikanal, Tamil Nadu 624101",,,4.6,624101,,Cottage,yes,,,,,https://hotelzz.in/property.html?id=serene-view-resort-kodaikanal-in05933
himalayan-regal-kodaikanal-in05934,Himalayan Regal Kodaikanal,Kodaikanal,kodaikanal,"80, Observatory Rd, Anna Salai, Kodaikanal, Tamil Nadu 624101",,,4.4,624101,,Cottage,yes,,,,,https://hotelzz.in/property.html?id=himalayan-regal-kodaikanal-in05934
misty-valley-stay-kodaikanal-in05935,Misty Valley Stay Kodaikanal,Kodaikanal,kodaikanal,"553, Pillar Rocks Rd, near Lake, Kodaikanal, Tamil Nadu 624101",,,4.6,624101,,Cottage,yes,,,,,https://hotelzz.in/property.html?id=misty-valley-stay-kodaikanal-in05935
royal-valley-stay-kodaikanal-in05936,Royal Valley Stay Kodaikanal,Kodaikanal,kodaikanal,"192, Bryant Park, Observatory Road, Kodaikanal, Tamil Nadu 624101",,,4.5,624101,,Cottage,yes,,,,,https://hotelzz.in/property.html?id=royal-valley-stay-kodaikanal-in05936
tranquil-hideaway-kodaikanal-in05937,Tranquil Hideaway Kodaikanal,Kodaikanal,kodaikanal,"547, Coaker's Walk, Coaker's Walk, Kodaikanal, Tamil Nadu 624101",,,4.3,624101,,Cottage,yes,,,,,https://hotelzz.in/property.html?id=tranquil-hideaway-kodaikanal-in05937
wooden-hideaway-kodaikanal-in05938,Wooden Hideaway Kodaikanal,Kodaikanal,kodaikanal,"531, Lake Rd, Coaker's Walk, Kodaikanal, Tamil Nadu 624101",,,4.7,624101,,Cottage,yes,,,,,https://hotelzz.in/property.html?id=wooden-hideaway-kodaikanal-in05938
aria-valley-stay-kodaikanal-in05939,Aria Valley Stay Kodaikanal,Kodaikanal,kodaikanal,"483, Lake Rd, Coaker's Walk, Kodaikanal, Tamil Nadu 624101",,,4.5,624101,,Cottage,yes,,,,,https://hotelzz.in/property.html?id=aria-valley-stay-kodaikanal-in05939
alpine-cottage-kodaikanal-in05940,Alpine Cottage Kodaikanal,Kodaikanal,kodaikanal,"329, Lake Rd, Anna Salai, Kodaikanal, Tamil Nadu 624101",,,4.2,624101,,Cottage,yes,,,,,https://hotelzz.in/property.html?id=alpine-cottage-kodaikanal-in05940
hotel-wooden-kodaikanal-in05941,Hotel Wooden Kodaikanal,Kodaikanal,kodaikanal,"480, Lake Rd, Anna Salai, Kodaikanal, Tamil Nadu 624101",,,4.5,624101,,Cottage,yes,,,,,https://hotelzz.in/property.html?id=hotel-wooden-kodaikanal-in05941
himalayan-aspen-kodaikanal-in05942,Himalayan Aspen Kodaikanal,Kodaikanal,kodaikanal,"432, Lake Rd, Anna Salai, Kodaikanal, Tamil Nadu 624101",,,4.7,624101,,Cottage,yes,,,,,https://hotelzz.in/property.html?id=himalayan-aspen-kodaikanal-in05942
aria-view-resort-kodaikanal-in05943,Aria View Resort Kodaikanal,Kodaikanal,kodaikanal,"127, Pillar Rocks Rd, Coaker's Walk, Kodaikanal, Tamil Nadu 624101",,,4.1,624101,,Cottage,yes,,,,,https://hotelzz.in/property.html?id=aria-view-resort-kodaikanal-in05943
azure-view-resort-kodaikanal-in05944,Azure View Resort Kodaikanal,Kodaikanal,kodaikanal,"51, Lake Rd, Anna Salai, Kodaikanal, Tamil Nadu 624101",,,4.1,624101,,Cottage,yes,,,,,https://hotelzz.in/property.html?id=azure-view-resort-kodaikanal-in05944
the-vintage-cabin-kodaikanal-in05945,The Vintage Cabin Kodaikanal,Kodaikanal,kodaikanal,"445, Coaker's Walk, near Lake, Kodaikanal, Tamil Nadu 624101",,,4.6,624101,,Cottage,yes,,,,,https://hotelzz.in/property.html?id=the-vintage-cabin-kodaikanal-in05945
hotel-emerald-kodaikanal-in05946,Hotel Emerald Kodaikanal,Kodaikanal,kodaikanal,"218, Bryant Park, Observatory Road, Kodaikanal, Tamil Nadu 624101",,,4.8,624101,,Cottage,yes,,,,,https://hotelzz.in/property.html?id=hotel-emerald-kodaikanal-in05946
highland-view-resort-kodaikanal-in05947,Highland View Resort Kodaikanal,Kodaikanal,kodaikanal,"465, Pillar Rocks Rd, near Lake, Kodaikanal, Tamil Nadu 624101",,,4.3,624101,,Cottage,yes,,,,,https://hotelzz.in/property.html?id=highland-view-resort-kodaikanal-in05947
himalayan-orchid-kodaikanal-in05948,Himalayan Orchid Kodaikanal,Kodaikanal,kodaikanal,"536, Anna Salai, Anna Salai, Kodaikanal, Tamil Nadu 624101",,,4.5,624101,,Cottage,yes,,,,,https://hotelzz.in/property.html?id=himalayan-orchid-kodaikanal-in05948
maple-cottage-kodaikanal-in05949,Maple Cottage Kodaikanal,Kodaikanal,kodaikanal,"24, Anna Salai, Observatory Road, Kodaikanal, Tamil Nadu 624101",,,4.4,624101,,Cottage,yes,,,,,https://hotelzz.in/property.html?id=maple-cottage-kodaikanal-in05949
crystal-valley-stay-kodaikanal-in05950,Crystal Valley Stay Kodaikanal,Kodaikanal,kodaikanal,"420, Anna Salai, near Lake, Kodaikanal, Tamil Nadu 624101",,,4.3,624101,,Cottage,yes,,,,,https://hotelzz.in/property.html?id=crystal-valley-stay-kodaikanal-in05950
royal-hideaway-kodaikanal-in05951,Royal Hideaway Kodaikanal,Kodaikanal,kodaikanal,"14, Observatory Rd, Observatory Road, Kodaikanal, Tamil Nadu 624101",,,4.4,624101,,Cottage,yes,,,,,https://hotelzz.in/property.html?id=royal-hideaway-kodaikanal-in05951
wooden-view-resort-kodaikanal-in05952,Wooden View Resort Kodaikanal,Kodaikanal,kodaikanal,"197, Pillar Rocks Rd, near Lake, Kodaikanal, Tamil Nadu 624101",,,4.1,624101,,Cottage,yes,,,,,https://hotelzz.in/property.html?id=wooden-view-resort-kodaikanal-in05952
the-aria-cabin-kodaikanal-in05953,The Aria Cabin Kodaikanal,Kodaikanal,kodaikanal,"89, Observatory Rd, Anna Salai, Kodaikanal, Tamil Nadu 624101",,,4.1,624101,,Cottage,yes,,,,,https://hotelzz.in/property.html?id=the-aria-cabin-kodaikanal-in05953
the-serene-cabin-kodaikanal-in05954,The Serene Cabin Kodaikanal,Kodaikanal,kodaikanal,"3, Pillar Rocks Rd, Observatory Road, Kodaikanal, Tamil Nadu 624101",,,4.8,624101,,Cottage,yes,,,,,https://hotelzz.in/property.html?id=the-serene-cabin-kodaikanal-in05954
indigo-view-resort-kodaikanal-in05955,Indigo View Resort Kodaikanal,Kodaikanal,kodaikanal,"474, Coaker's Walk, near Lake, Kodaikanal, Tamil Nadu 624101",,,4.4,624101,,Cottage,yes,,,,,https://hotelzz.in/property.html?id=indigo-view-resort-kodaikanal-in05955
casa-view-resort-kodaikanal-in05956,Casa View Resort Kodaikanal,Kodaikanal,kodaikanal,"467, Observatory Rd, Observatory Road, Kodaikanal, Tamil Nadu 624101",,,4.6,624101,,Cottage,yes,,,,,https://hotelzz.in/property.html?id=casa-view-resort-kodaikanal-in05956
himalayan-imperial-kodaikanal-in05957,Himalayan Imperial Kodaikanal,Kodaikanal,kodaikanal,"337, Lake Rd, Anna Salai, Kodaikanal, Tamil Nadu 624101",,,4.3,624101,,Cottage,yes,,,,,https://hotelzz.in/property.html?id=himalayan-imperial-kodaikanal-in05957
indigo-valley-stay-kodaikanal-in05958,Indigo Valley Stay Kodaikanal,Kodaikanal,kodaikanal,"406, Observatory Rd, Observatory Road, Kodaikanal, Tamil Nadu 624101",,,4.6,624101,,Cottage,yes,,,,,https://hotelzz.in/property.html?id=indigo-valley-stay-kodaikanal-in05958
the-highland-cabin-kodaikanal-in05959,The Highland Cabin Kodaikanal,Kodaikanal,kodaikanal,"133, Bryant Park, Observatory Road, Kodaikanal, Tamil Nadu 624101",,,4.5,624101,,Cottage,yes,,,,,https://hotelzz.in/property.html?id=the-highland-cabin-kodaikanal-in05959
hotel-sapphire-kodaikanal-in05960,Hotel Sapphire Kodaikanal,Kodaikanal,kodaikanal,"526, Pillar Rocks Rd, near Lake, Kodaikanal, Tamil Nadu 624101",,,4.4,624101,,Cottage,yes,,,,,https://hotelzz.in/property.html?id=hotel-sapphire-kodaikanal-in05960
the-mahabaleshwar-retreat-in05961,The Mahabaleshwar Retreat,Mahabaleshwar,mahabaleshwar,"496, Main Market, Old Mahabaleshwar, Mahabaleshwar, Maharashtra 412806",,,4.8,412806,,Cottage,yes,,,,,https://hotelzz.in/property.html?id=the-mahabaleshwar-retreat-in05961
snowline-mahabaleshwar-cottage-in05962,Snowline Mahabaleshwar Cottage,Mahabaleshwar,mahabaleshwar,"505, Panchgani Rd, near Venna Lake, Mahabaleshwar, Maharashtra 412806",,,4.6,412806,,Cottage,yes,,,,,https://hotelzz.in/property.html?id=snowline-mahabaleshwar-cottage-in05962
aria-pines-mahabaleshwar-in05963,Aria Pines Mahabaleshwar,Mahabaleshwar,mahabaleshwar,"22, MTDC Resort, Old Mahabaleshwar, Mahabaleshwar, Maharashtra 412806",,,4.2,412806,,Cottage,yes,,,,,https://hotelzz.in/property.html?id=aria-pines-mahabaleshwar-in05963
pine-mahabaleshwar-lodge-in05964,Pine Mahabaleshwar Lodge,Mahabaleshwar,mahabaleshwar,"158, Old Mahabaleshwar, Old Mahabaleshwar, Mahabaleshwar, Maharashtra 412806",,,4.4,412806,,Cottage,yes,,,,,https://hotelzz.in/property.html?id=pine-mahabaleshwar-lodge-in05964
himalayan-crystal-mahabaleshwar-in05965,Himalayan Crystal Mahabaleshwar,Mahabaleshwar,mahabaleshwar,"113, MTDC Resort, Main Market, Mahabaleshwar, Maharashtra 412806",,,4.4,412806,,Cottage,yes,,,,,https://hotelzz.in/property.html?id=himalayan-crystal-mahabaleshwar-in05965
himalayan-sunrise-mahabaleshwar-in05966,Himalayan Sunrise Mahabaleshwar,Mahabaleshwar,mahabaleshwar,"385, MTDC Resort, Panchgani Rd, Mahabaleshwar, Maharashtra 412806",,,4.9,412806,,Cottage,yes,,,,,https://hotelzz.in/property.html?id=himalayan-sunrise-mahabaleshwar-in05966
apple-orchard-mahabaleshwar-in05967,Apple Orchard Mahabaleshwar,Mahabaleshwar,mahabaleshwar,"311, Wilson Point Rd, Old Mahabaleshwar, Mahabaleshwar, Maharashtra 412806",,,4.6,412806,,Cottage,yes,,,,,https://hotelzz.in/property.html?id=apple-orchard-mahabaleshwar-in05967
wood-house-mahabaleshwar-in05968,Wood House Mahabaleshwar,Mahabaleshwar,mahabaleshwar,"496, Old Mahabaleshwar, Old Mahabaleshwar, Mahabaleshwar, Maharashtra 412806",,,4.1,412806,,Cottage,yes,,,,,https://hotelzz.in/property.html?id=wood-house-mahabaleshwar-in05968
the-silver-cabin-mahabaleshwar-in05969,The Silver Cabin Mahabaleshwar,Mahabaleshwar,mahabaleshwar,"251, Venna Lake, Old Mahabaleshwar, Mahabaleshwar, Maharashtra 412806",,,4.3,412806,,Cottage,yes,,,,,https://hotelzz.in/property.html?id=the-silver-cabin-mahabaleshwar-in05969
hotel-vintage-mahabaleshwar-in05970,Hotel Vintage Mahabaleshwar,Mahabaleshwar,mahabaleshwar,"468, Wilson Point Rd, Main Market, Mahabaleshwar, Maharashtra 412806",,,4.5,412806,,Cottage,yes,,,,,https://hotelzz.in/property.html?id=hotel-vintage-mahabaleshwar-in05970
sunrise-pines-mahabaleshwar-in05971,Sunrise Pines Mahabaleshwar,Mahabaleshwar,mahabaleshwar,"497, MTDC Resort, Old Mahabaleshwar, Mahabaleshwar, Maharashtra 412806",,,4.1,412806,,Cottage,yes,,,,,https://hotelzz.in/property.html?id=sunrise-pines-mahabaleshwar-in05971
mahabaleshwar-mountain-inn-in05972,Mahabaleshwar Mountain Inn,Mahabaleshwar,mahabaleshwar,"274, MTDC Resort, Main Market, Mahabaleshwar, Maharashtra 412806",,,4.9,412806,,Cottage,yes,,,,,https://hotelzz.in/property.html?id=mahabaleshwar-mountain-inn-in05972
the-misty-cabin-mahabaleshwar-in05973,The Misty Cabin Mahabaleshwar,Mahabaleshwar,mahabaleshwar,"503, Panchgani Rd, Panchgani Rd, Mahabaleshwar, Maharashtra 412806",,,4.8,412806,,Cottage,yes,,,,,https://hotelzz.in/property.html?id=the-misty-cabin-mahabaleshwar-in05973
serene-valley-stay-mahabaleshwar-in05974,Serene Valley Stay Mahabaleshwar,Mahabaleshwar,mahabaleshwar,"349, Venna Lake, Panchgani Rd, Mahabaleshwar, Maharashtra 412806",,,4.4,412806,,Cottage,yes,,,,,https://hotelzz.in/property.html?id=serene-valley-stay-mahabaleshwar-in05974
casa-view-resort-mahabaleshwar-in05975,Casa View Resort Mahabaleshwar,Mahabaleshwar,mahabaleshwar,"341, Old Mahabaleshwar, Old Mahabaleshwar, Mahabaleshwar, Maharashtra 412806",,,4.7,412806,,Cottage,yes,,,,,https://hotelzz.in/property.html?id=casa-view-resort-mahabaleshwar-in05975
cedar-mahabaleshwar-lodge-in05976,Cedar Mahabaleshwar Lodge,Mahabaleshwar,mahabaleshwar,"206, Old Mahabaleshwar, Panchgani Rd, Mahabaleshwar, Maharashtra 412806",,,4.4,412806,,Cottage,yes,,,,,https://hotelzz.in/property.html?id=cedar-mahabaleshwar-lodge-in05976
sapphire-pines-mahabaleshwar-in05977,Sapphire Pines Mahabaleshwar,Mahabaleshwar,mahabaleshwar,"500, Main Market, Panchgani Rd, Mahabaleshwar, Maharashtra 412806",,,4.8,412806,,Cottage,yes,,,,,https://hotelzz.in/property.html?id=sapphire-pines-mahabaleshwar-in05977
aurora-hideaway-mahabaleshwar-in05978,Aurora Hideaway Mahabaleshwar,Mahabaleshwar,mahabaleshwar,"414, MTDC Resort, near Venna Lake, Mahabaleshwar, Maharashtra 412806",,,4.1,412806,,Cottage,yes,,,,,https://hotelzz.in/property.html?id=aurora-hideaway-mahabaleshwar-in05978
vintage-pines-mahabaleshwar-in05979,Vintage Pines Mahabaleshwar,Mahabaleshwar,mahabaleshwar,"454, Panchgani Rd, Main Market, Mahabaleshwar, Maharashtra 412806",,,4.4,412806,,Cottage,yes,,,,,https://hotelzz.in/property.html?id=vintage-pines-mahabaleshwar-in05979
the-saffron-cabin-mahabaleshwar-in05980,The Saffron Cabin Mahabaleshwar,Mahabaleshwar,mahabaleshwar,"26, Main Market, Main Market, Mahabaleshwar, Maharashtra 412806",,,4.1,412806,,Cottage,yes,,,,,https://hotelzz.in/property.html?id=the-saffron-cabin-mahabaleshwar-in05980
himalayan-sapphire-mahabaleshwar-in05981,Himalayan Sapphire Mahabaleshwar,Mahabaleshwar,mahabaleshwar,"386, Main Market, near Venna Lake, Mahabaleshwar, Maharashtra 412806",,,4.8,412806,,Cottage,yes,,,,,https://hotelzz.in/property.html?id=himalayan-sapphire-mahabaleshwar-in05981
mahabaleshwar-hills-resort-in05982,Mahabaleshwar Hills Resort,Mahabaleshwar,mahabaleshwar,"385, Venna Lake, near Venna Lake, Mahabaleshwar, Maharashtra 412806",,,4.7,412806,,Cottage,yes,,,,,https://hotelzz.in/property.html?id=mahabaleshwar-hills-resort-in05982
casa-pines-mahabaleshwar-in05983,Casa Pines Mahabaleshwar,Mahabaleshwar,mahabaleshwar,"85, Panchgani Rd, Main Market, Mahabaleshwar, Maharashtra 412806",,,4.4,412806,,Cottage,yes,,,,,https://hotelzz.in/property.html?id=casa-pines-mahabaleshwar-in05983
himalayan-saffron-mahabaleshwar-in05984,Himalayan Saffron Mahabaleshwar,Mahabaleshwar,mahabaleshwar,"182, Panchgani Rd, near Venna Lake, Mahabaleshwar, Maharashtra 412806",,,4.0,412806,,Cottage,yes,,,,,https://hotelzz.in/property.html?id=himalayan-saffron-mahabaleshwar-in05984
silver-view-resort-mahabaleshwar-in05985,Silver View Resort Mahabaleshwar,Mahabaleshwar,mahabaleshwar,"294, Wilson Point Rd, near Venna Lake, Mahabaleshwar, Maharashtra 412806",,,4.9,412806,,Cottage,yes,,,,,https://hotelzz.in/property.html?id=silver-view-resort-mahabaleshwar-in05985
velvet-valley-stay-mahabaleshwar-in05986,Velvet Valley Stay Mahabaleshwar,Mahabaleshwar,mahabaleshwar,"117, Panchgani Rd, near Venna Lake, Mahabaleshwar, Maharashtra 412806",,,4.6,412806,,Cottage,yes,,,,,https://hotelzz.in/property.html?id=velvet-valley-stay-mahabaleshwar-in05986
heritage-pines-mahabaleshwar-in05987,Heritage Pines Mahabaleshwar,Mahabaleshwar,mahabaleshwar,"307, Panchgani Rd, Old Mahabaleshwar, Mahabaleshwar, Maharashtra 412806",,,4.3,412806,,Cottage,yes,,,,,https://hotelzz.in/property.html?id=heritage-pines-mahabaleshwar-in05987
himalayan-velvet-mahabaleshwar-in05988,Himalayan Velvet Mahabaleshwar,Mahabaleshwar,mahabaleshwar,"357, MTDC Resort, Main Market, Mahabaleshwar, Maharashtra 412806",,,4.1,412806,,Cottage,yes,,,,,https://hotelzz.in/property.html?id=himalayan-velvet-mahabaleshwar-in05988
hotel-ocean-mahabaleshwar-in05989,Hotel Ocean Mahabaleshwar,Mahabaleshwar,mahabaleshwar,"270, Main Market, Panchgani Rd, Mahabaleshwar, Maharashtra 412806",,,4.6,412806,,Cottage,yes,,,,,https://hotelzz.in/property.html?id=hotel-ocean-mahabaleshwar-in05989
crown-pines-mahabaleshwar-in05990,Crown Pines Mahabaleshwar,Mahabaleshwar,mahabaleshwar,"246, Main Market, Old Mahabaleshwar, Mahabaleshwar, Maharashtra 412806",,,4.2,412806,,Cottage,yes,,,,,https://hotelzz.in/property.html?id=crown-pines-mahabaleshwar-in05990
the-whispering-cabin-mahabaleshwar-in05991,The Whispering Cabin Mahabaleshwar,Mahabaleshwar,mahabaleshwar,"309, Wilson Point Rd, near Venna Lake, Mahabaleshwar, Maharashtra 412806",,,4.3,412806,,Cottage,yes,,,,,https://hotelzz.in/property.html?id=the-whispering-cabin-mahabaleshwar-in05991
regal-hideaway-mahabaleshwar-in05992,Regal Hideaway Mahabaleshwar,Mahabaleshwar,mahabaleshwar,"534, Old Mahabaleshwar, near Venna Lake, Mahabaleshwar, Maharashtra 412806",,,4.5,412806,,Cottage,yes,,,,,https://hotelzz.in/property.html?id=regal-hideaway-mahabaleshwar-in05992
hotel-azure-mahabaleshwar-in05993,Hotel Azure Mahabaleshwar,Mahabaleshwar,mahabaleshwar,"129, Panchgani Rd, near Venna Lake, Mahabaleshwar, Maharashtra 412806",,,4.4,412806,,Cottage,yes,,,,,https://hotelzz.in/property.html?id=hotel-azure-mahabaleshwar-in05993
regal-valley-stay-mahabaleshwar-in05994,Regal Valley Stay Mahabaleshwar,Mahabaleshwar,mahabaleshwar,"516, MTDC Resort, near Venna Lake, Mahabaleshwar, Maharashtra 412806",,,4.7,412806,,Cottage,yes,,,,,https://hotelzz.in/property.html?id=regal-valley-stay-mahabaleshwar-in05994
orchid-cottage-mahabaleshwar-in05995,Orchid Cottage Mahabaleshwar,Mahabaleshwar,mahabaleshwar,"301, Wilson Point Rd, Main Market, Mahabaleshwar, Maharashtra 412806",,,4.1,412806,,Cottage,yes,,,,,https://hotelzz.in/property.html?id=orchid-cottage-mahabaleshwar-in05995
imperial-view-resort-mahabaleshwar-in05996,Imperial View Resort Mahabaleshwar,Mahabaleshwar,mahabaleshwar,"408, Old Mahabaleshwar, Panchgani Rd, Mahabaleshwar, Maharashtra 412806",,,4.9,412806,,Cottage,yes,,,,,https://hotelzz.in/property.html?id=imperial-view-resort-mahabaleshwar-in05996
aurora-valley-stay-mahabaleshwar-in05997,Aurora Valley Stay Mahabaleshwar,Mahabaleshwar,mahabaleshwar,"543, Main Market, Panchgani Rd, Mahabaleshwar, Maharashtra 412806",,,4.3,412806,,Cottage,yes,,,,,https://hotelzz.in/property.html?id=aurora-valley-stay-mahabaleshwar-in05997
regal-cottage-mahabaleshwar-in05998,Regal Cottage Mahabaleshwar,Mahabaleshwar,mahabaleshwar,"463, Wilson Point Rd, Old Mahabaleshwar, Mahabaleshwar, Maharashtra 412806",,,4.4,412806,,Cottage,yes,,,,,https://hotelzz.in/property.html?id=regal-cottage-mahabaleshwar-in05998
the-ocean-cabin-mahabaleshwar-in05999,The Ocean Cabin Mahabaleshwar,Mahabaleshwar,mahabaleshwar,"294, MTDC Resort, Old Mahabaleshwar, Mahabaleshwar, Maharashtra 412806",,,4.3,412806,,Cottage,yes,,,,,https://hotelzz.in/property.html?id=the-ocean-cabin-mahabaleshwar-in05999
crown-view-resort-mahabaleshwar-in06000,Crown View Resort Mahabaleshwar,Mahabaleshwar,mahabaleshwar,"86, Panchgani Rd, Main Market, Mahabaleshwar, Maharashtra 412806",,,4.4,412806,,Cottage,yes,,,,,https://hotelzz.in/property.html?id=crown-view-resort-mahabaleshwar-in06000
indigo-view-resort-mahabaleshwar-in06001,Indigo View Resort Mahabaleshwar,Mahabaleshwar,mahabaleshwar,"329, Panchgani Rd, near Venna Lake, Mahabaleshwar, Maharashtra 412806",,,4.1,412806,,Cottage,yes,,,,,https://hotelzz.in/property.html?id=indigo-view-resort-mahabaleshwar-in06001
maple-valley-stay-mahabaleshwar-in06002,Maple Valley Stay Mahabaleshwar,Mahabaleshwar,mahabaleshwar,"451, Panchgani Rd, Panchgani Rd, Mahabaleshwar, Maharashtra 412806",,,4.1,412806,,Cottage,yes,,,,,https://hotelzz.in/property.html?id=maple-valley-stay-mahabaleshwar-in06002
velvet-pines-mahabaleshwar-in06003,Velvet Pines Mahabaleshwar,Mahabaleshwar,mahabaleshwar,"356, MTDC Resort, Old Mahabaleshwar, Mahabaleshwar, Maharashtra 412806",,,4.3,412806,,Cottage,yes,,,,,https://hotelzz.in/property.html?id=velvet-pines-mahabaleshwar-in06003
misty-cottage-mahabaleshwar-in06004,Misty Cottage Mahabaleshwar,Mahabaleshwar,mahabaleshwar,"58, MTDC Resort, Main Market, Mahabaleshwar, Maharashtra 412806",,,4.3,412806,,Cottage,yes,,,,,https://hotelzz.in/property.html?id=misty-cottage-mahabaleshwar-in06004
the-alpine-cabin-mahabaleshwar-in06005,The Alpine Cabin Mahabaleshwar,Mahabaleshwar,mahabaleshwar,"574, Panchgani Rd, Old Mahabaleshwar, Mahabaleshwar, Maharashtra 412806",,,4.6,412806,,Cottage,yes,,,,,https://hotelzz.in/property.html?id=the-alpine-cabin-mahabaleshwar-in06005
heritage-view-resort-mahabaleshwar-in06006,Heritage View Resort Mahabaleshwar,Mahabaleshwar,mahabaleshwar,"401, MTDC Resort, Panchgani Rd, Mahabaleshwar, Maharashtra 412806",,,4.2,412806,,Cottage,yes,,,,,https://hotelzz.in/property.html?id=heritage-view-resort-mahabaleshwar-in06006
saffron-view-resort-mahabaleshwar-in06007,Saffron View Resort Mahabaleshwar,Mahabaleshwar,mahabaleshwar,"483, MTDC Resort, near Venna Lake, Mahabaleshwar, Maharashtra 412806",,,4.3,412806,,Cottage,yes,,,,,https://hotelzz.in/property.html?id=saffron-view-resort-mahabaleshwar-in06007
hotel-casa-mahabaleshwar-in06008,Hotel Casa Mahabaleshwar,Mahabaleshwar,mahabaleshwar,"447, Panchgani Rd, Main Market, Mahabaleshwar, Maharashtra 412806",,,4.9,412806,,Cottage,yes,,,,,https://hotelzz.in/property.html?id=hotel-casa-mahabaleshwar-in06008
indigo-cottage-mahabaleshwar-in06009,Indigo Cottage Mahabaleshwar,Mahabaleshwar,mahabaleshwar,"142, Old Mahabaleshwar, Main Market, Mahabaleshwar, Maharashtra 412806",,,4.5,412806,,Cottage,yes,,,,,https://hotelzz.in/property.html?id=indigo-cottage-mahabaleshwar-in06009
serene-view-resort-mahabaleshwar-in06010,Serene View Resort Mahabaleshwar,Mahabaleshwar,mahabaleshwar,"402, Main Market, near Venna Lake, Mahabaleshwar, Maharashtra 412806",,,4.2,412806,,Cottage,yes,,,,,https://hotelzz.in/property.html?id=serene-view-resort-mahabaleshwar-in06010
hotel-aria-mahabaleshwar-in06011,Hotel Aria Mahabaleshwar,Mahabaleshwar,mahabaleshwar,"15, Main Market, near Venna Lake, Mahabaleshwar, Maharashtra 412806",,,4.3,412806,,Cottage,yes,,,,,https://hotelzz.in/property.html?id=hotel-aria-mahabaleshwar-in06011
royal-view-resort-mahabaleshwar-in06012,Royal View Resort Mahabaleshwar,Mahabaleshwar,mahabaleshwar,"297, MTDC Resort, near Venna Lake, Mahabaleshwar, Maharashtra 412806",,,4.8,412806,,Cottage,yes,,,,,https://hotelzz.in/property.html?id=royal-view-resort-mahabaleshwar-in06012
indigo-pines-mahabaleshwar-in06013,Indigo Pines Mahabaleshwar,Mahabaleshwar,mahabaleshwar,"75, Old Mahabaleshwar, near Venna Lake, Mahabaleshwar, Maharashtra 412806",,,4.3,412806,,Cottage,yes,,,,,https://hotelzz.in/property.html?id=indigo-pines-mahabaleshwar-in06013
sapphire-view-resort-mahabaleshwar-in06014,Sapphire View Resort Mahabaleshwar,Mahabaleshwar,mahabaleshwar,"422, Venna Lake, near Venna Lake, Mahabaleshwar, Maharashtra 412806",,,4.6,412806,,Cottage,yes,,,,,https://hotelzz.in/property.html?id=sapphire-view-resort-mahabaleshwar-in06014
marigold-hideaway-mahabaleshwar-in06015,Marigold Hideaway Mahabaleshwar,Mahabaleshwar,mahabaleshwar,"358, Venna Lake, Old Mahabaleshwar, Mahabaleshwar, Maharashtra 412806",,,4.1,412806,,Cottage,yes,,,,,https://hotelzz.in/property.html?id=marigold-hideaway-mahabaleshwar-in06015
aria-hideaway-mahabaleshwar-in06016,Aria Hideaway Mahabaleshwar,Mahabaleshwar,mahabaleshwar,"222, Panchgani Rd, near Venna Lake, Mahabaleshwar, Maharashtra 412806",,,4.8,412806,,Cottage,yes,,,,,https://hotelzz.in/property.html?id=aria-hideaway-mahabaleshwar-in06016
marigold-pines-mahabaleshwar-in06017,Marigold Pines Mahabaleshwar,Mahabaleshwar,mahabaleshwar,"328, Main Market, Panchgani Rd, Mahabaleshwar, Maharashtra 412806",,,4.4,412806,,Cottage,yes,,,,,https://hotelzz.in/property.html?id=marigold-pines-mahabaleshwar-in06017
azure-view-resort-mahabaleshwar-in06018,Azure View Resort Mahabaleshwar,Mahabaleshwar,mahabaleshwar,"508, MTDC Resort, Panchgani Rd, Mahabaleshwar, Maharashtra 412806",,,4.0,412806,,Cottage,yes,,,,,https://hotelzz.in/property.html?id=azure-view-resort-mahabaleshwar-in06018
alpine-view-resort-mahabaleshwar-in06019,Alpine View Resort Mahabaleshwar,Mahabaleshwar,mahabaleshwar,"124, MTDC Resort, Panchgani Rd, Mahabaleshwar, Maharashtra 412806",,,4.6,412806,,Cottage,yes,,,,,https://hotelzz.in/property.html?id=alpine-view-resort-mahabaleshwar-in06019
hotel-crown-mahabaleshwar-in06020,Hotel Crown Mahabaleshwar,Mahabaleshwar,mahabaleshwar,"398, MTDC Resort, Old Mahabaleshwar, Mahabaleshwar, Maharashtra 412806",,,4.8,412806,,Cottage,yes,,,,,https://hotelzz.in/property.html?id=hotel-crown-mahabaleshwar-in06020
saffron-valley-stay-mahabaleshwar-in06021,Saffron Valley Stay Mahabaleshwar,Mahabaleshwar,mahabaleshwar,"60, Old Mahabaleshwar, Old Mahabaleshwar, Mahabaleshwar, Maharashtra 412806",,,4.2,412806,,Cottage,yes,,,,,https://hotelzz.in/property.html?id=saffron-valley-stay-mahabaleshwar-in06021
velvet-hideaway-mahabaleshwar-in06022,Velvet Hideaway Mahabaleshwar,Mahabaleshwar,mahabaleshwar,"62, Venna Lake, Main Market, Mahabaleshwar, Maharashtra 412806",,,4.9,412806,,Cottage,yes,,,,,https://hotelzz.in/property.html?id=velvet-hideaway-mahabaleshwar-in06022
aria-cottage-mahabaleshwar-in06023,Aria Cottage Mahabaleshwar,Mahabaleshwar,mahabaleshwar,"91, Main Market, near Venna Lake, Mahabaleshwar, Maharashtra 412806",,,4.1,412806,,Cottage,yes,,,,,https://hotelzz.in/property.html?id=aria-cottage-mahabaleshwar-in06023
the-vintage-cabin-mahabaleshwar-in06024,The Vintage Cabin Mahabaleshwar,Mahabaleshwar,mahabaleshwar,"106, MTDC Resort, Main Market, Mahabaleshwar, Maharashtra 412806",,,4.6,412806,,Cottage,yes,,,,,https://hotelzz.in/property.html?id=the-vintage-cabin-mahabaleshwar-in06024
tranquil-valley-stay-mahabaleshwar-in06025,Tranquil Valley Stay Mahabaleshwar,Mahabaleshwar,mahabaleshwar,"419, Venna Lake, Main Market, Mahabaleshwar, Maharashtra 412806",,,4.8,412806,,Cottage,yes,,,,,https://hotelzz.in/property.html?id=tranquil-valley-stay-mahabaleshwar-in06025
heritage-valley-stay-mahabaleshwar-in06026,Heritage Valley Stay Mahabaleshwar,Mahabaleshwar,mahabaleshwar,"504, Panchgani Rd, Old Mahabaleshwar, Mahabaleshwar, Maharashtra 412806",,,4.8,412806,,Cottage,yes,,,,,https://hotelzz.in/property.html?id=heritage-valley-stay-mahabaleshwar-in06026
hotel-indigo-mahabaleshwar-in06027,Hotel Indigo Mahabaleshwar,Mahabaleshwar,mahabaleshwar,"420, Venna Lake, Panchgani Rd, Mahabaleshwar, Maharashtra 412806",,,4.1,412806,,Cottage,yes,,,,,https://hotelzz.in/property.html?id=hotel-indigo-mahabaleshwar-in06027
wooden-pines-mahabaleshwar-in06028,Wooden Pines Mahabaleshwar,Mahabaleshwar,mahabaleshwar,"281, Panchgani Rd, Panchgani Rd, Mahabaleshwar, Maharashtra 412806",,,4.7,412806,,Cottage,yes,,,,,https://hotelzz.in/property.html?id=wooden-pines-mahabaleshwar-in06028
vintage-view-resort-mahabaleshwar-in06029,Vintage View Resort Mahabaleshwar,Mahabaleshwar,mahabaleshwar,"265, Main Market, Panchgani Rd, Mahabaleshwar, Maharashtra 412806",,,4.6,412806,,Cottage,yes,,,,,https://hotelzz.in/property.html?id=vintage-view-resort-mahabaleshwar-in06029
alpine-pines-mahabaleshwar-in06030,Alpine Pines Mahabaleshwar,Mahabaleshwar,mahabaleshwar,"479, Panchgani Rd, Main Market, Mahabaleshwar, Maharashtra 412806",,,4.7,412806,,Cottage,yes,,,,,https://hotelzz.in/property.html?id=alpine-pines-mahabaleshwar-in06030
cedar-lonavala-lodge-in06031,Cedar Lonavala Lodge,Lonavala,lonavala,"311, Kumar Resort Rd, Della, Lonavala, Maharashtra 410401",,,4.6,410401,,Cottage,yes,,,,,https://hotelzz.in/property.html?id=cedar-lonavala-lodge-in06031
azure-view-resort-lonavala-in06032,Azure View Resort Lonavala,Lonavala,lonavala,"77, Lion's Point Rd, Lion's Point, Lonavala, Maharashtra 410403",,,4.5,410403,,Cottage,yes,,,,,https://hotelzz.in/property.html?id=azure-view-resort-lonavala-in06032
emerald-valley-stay-lonavala-in06033,Emerald Valley Stay Lonavala,Lonavala,lonavala,"253, Tata Wisteria, near Tiger Point, Lonavala, Maharashtra 410401",,,4.4,410401,,Cottage,yes,,,,,https://hotelzz.in/property.html?id=emerald-valley-stay-lonavala-in06033
hotel-misty-lonavala-in06034,Hotel Misty Lonavala,Lonavala,lonavala,"304, Tata Wisteria, Della, Lonavala, Maharashtra 410403",,,4.3,410403,,Cottage,yes,,,,,https://hotelzz.in/property.html?id=hotel-misty-lonavala-in06034
wood-house-lonavala-in06035,Wood House Lonavala,Lonavala,lonavala,"51, Kumar Resort Rd, Khopoli Road, Lonavala, Maharashtra 410401",,,4.7,410401,,Cottage,yes,,,,,https://hotelzz.in/property.html?id=wood-house-lonavala-in06035
vintage-hideaway-lonavala-in06036,Vintage Hideaway Lonavala,Lonavala,lonavala,"584, Tata Wisteria, Della, Lonavala, Maharashtra 410403",,,4.1,410403,,Cottage,yes,,,,,https://hotelzz.in/property.html?id=vintage-hideaway-lonavala-in06036
crystal-valley-stay-lonavala-in06037,Crystal Valley Stay Lonavala,Lonavala,lonavala,"425, Khopoli Rd, Della, Lonavala, Maharashtra 410401",,,4.6,410401,,Cottage,yes,,,,,https://hotelzz.in/property.html?id=crystal-valley-stay-lonavala-in06037
casa-valley-stay-lonavala-in06038,Casa Valley Stay Lonavala,Lonavala,lonavala,"24, Kumar Resort Rd, near Tiger Point, Lonavala, Maharashtra 410401",,,4.8,410401,,Cottage,yes,,,,,https://hotelzz.in/property.html?id=casa-valley-stay-lonavala-in06038
misty-hideaway-lonavala-in06039,Misty Hideaway Lonavala,Lonavala,lonavala,"241, Kumar Resort Rd, near Tiger Point, Lonavala, Maharashtra 410401",,,4.8,410401,,Cottage,yes,,,,,https://hotelzz.in/property.html?id=misty-hideaway-lonavala-in06039
sunrise-pines-lonavala-in06040,Sunrise Pines Lonavala,Lonavala,lonavala,"269, Tungarli, near Tiger Point, Lonavala, Maharashtra 410401",,,4.7,410401,,Cottage,yes,,,,,https://hotelzz.in/property.html?id=sunrise-pines-lonavala-in06040
the-whispering-cabin-lonavala-in06041,The Whispering Cabin Lonavala,Lonavala,lonavala,"496, Khopoli Rd, near Tiger Point, Lonavala, Maharashtra 410403",,,4.7,410403,,Cottage,yes,,,,,https://hotelzz.in/property.html?id=the-whispering-cabin-lonavala-in06041
marigold-pines-lonavala-in06042,Marigold Pines Lonavala,Lonavala,lonavala,"358, Tata Wisteria, Tungarli, Lonavala, Maharashtra 410401",,,4.1,410401,,Cottage,yes,,,,,https://hotelzz.in/property.html?id=marigold-pines-lonavala-in06042
silver-valley-stay-lonavala-in06043,Silver Valley Stay Lonavala,Lonavala,lonavala,"259, Tungarli, Della, Lonavala, Maharashtra 410401",,,4.3,410401,,Cottage,yes,,,,,https://hotelzz.in/property.html?id=silver-valley-stay-lonavala-in06043
apple-orchard-lonavala-in06044,Apple Orchard Lonavala,Lonavala,lonavala,"449, Lion's Point Rd, Lion's Point, Lonavala, Maharashtra 410403",,,4.2,410403,,Cottage,yes,,,,,https://hotelzz.in/property.html?id=apple-orchard-lonavala-in06044
ocean-pines-lonavala-in06045,Ocean Pines Lonavala,Lonavala,lonavala,"590, Della, Khopoli Road, Lonavala, Maharashtra 410401",,,4.3,410401,,Cottage,yes,,,,,https://hotelzz.in/property.html?id=ocean-pines-lonavala-in06045
lonavala-mountain-inn-in06046,Lonavala Mountain Inn,Lonavala,lonavala,"360, Kumar Resort Rd, Khopoli Road, Lonavala, Maharashtra 410401",,,4.9,410401,,Cottage,yes,,,,,https://hotelzz.in/property.html?id=lonavala-mountain-inn-in06046
indigo-valley-stay-lonavala-in06047,Indigo Valley Stay Lonavala,Lonavala,lonavala,"106, Della, Della, Lonavala, Maharashtra 410401",,,4.5,410401,,Cottage,yes,,,,,https://hotelzz.in/property.html?id=indigo-valley-stay-lonavala-in06047
maple-view-resort-lonavala-in06048,Maple View Resort Lonavala,Lonavala,lonavala,"473, Della, near Tiger Point, Lonavala, Maharashtra 410403",,,4.2,410403,,Cottage,yes,,,,,https://hotelzz.in/property.html?id=maple-view-resort-lonavala-in06048
regal-pines-lonavala-in06049,Regal Pines Lonavala,Lonavala,lonavala,"192, Khopoli Rd, near Tiger Point, Lonavala, Maharashtra 410403",,,4.2,410403,,Cottage,yes,,,,,https://hotelzz.in/property.html?id=regal-pines-lonavala-in06049
himalayan-alpine-lonavala-in06050,Himalayan Alpine Lonavala,Lonavala,lonavala,"243, Khopoli Rd, Della, Lonavala, Maharashtra 410401",,,4.1,410401,,Cottage,yes,,,,,https://hotelzz.in/property.html?id=himalayan-alpine-lonavala-in06050
hotel-azure-lonavala-in06051,Hotel Azure Lonavala,Lonavala,lonavala,"395, Khopoli Rd, Khopoli Road, Lonavala, Maharashtra 410403",,,4.6,410403,,Cottage,yes,,,,,https://hotelzz.in/property.html?id=hotel-azure-lonavala-in06051
tranquil-hideaway-lonavala-in06052,Tranquil Hideaway Lonavala,Lonavala,lonavala,"271, Kumar Resort Rd, Della, Lonavala, Maharashtra 410401",,,4.8,410401,,Cottage,yes,,,,,https://hotelzz.in/property.html?id=tranquil-hideaway-lonavala-in06052
imperial-cottage-lonavala-in06053,Imperial Cottage Lonavala,Lonavala,lonavala,"503, Lion's Point Rd, near Tiger Point, Lonavala, Maharashtra 410401",,,4.8,410401,,Cottage,yes,,,,,https://hotelzz.in/property.html?id=imperial-cottage-lonavala-in06053
serene-hideaway-lonavala-in06054,Serene Hideaway Lonavala,Lonavala,lonavala,"89, Kumar Resort Rd, Khopoli Road, Lonavala, Maharashtra 410403",,,4.5,410403,,Cottage,yes,,,,,https://hotelzz.in/property.html?id=serene-hideaway-lonavala-in06054
pearl-hideaway-lonavala-in06055,Pearl Hideaway Lonavala,Lonavala,lonavala,"357, Lion's Point Rd, Della, Lonavala, Maharashtra 410403",,,4.2,410403,,Cottage,yes,,,,,https://hotelzz.in/property.html?id=pearl-hideaway-lonavala-in06055
the-lonavala-retreat-in06056,The Lonavala Retreat,Lonavala,lonavala,"299, Kumar Resort Rd, Tungarli, Lonavala, Maharashtra 410401",,,4.4,410401,,Cottage,yes,,,,,https://hotelzz.in/property.html?id=the-lonavala-retreat-in06056
saffron-cottage-lonavala-in06057,Saffron Cottage Lonavala,Lonavala,lonavala,"170, Kumar Resort Rd, Della, Lonavala, Maharashtra 410403",,,4.0,410403,,Cottage,yes,,,,,https://hotelzz.in/property.html?id=saffron-cottage-lonavala-in06057
aspen-hideaway-lonavala-in06058,Aspen Hideaway Lonavala,Lonavala,lonavala,"127, Khopoli Rd, Khopoli Road, Lonavala, Maharashtra 410403",,,4.9,410403,,Cottage,yes,,,,,https://hotelzz.in/property.html?id=aspen-hideaway-lonavala-in06058
aria-hideaway-lonavala-in06059,Aria Hideaway Lonavala,Lonavala,lonavala,"298, Tungarli, Khopoli Road, Lonavala, Maharashtra 410403",,,4.4,410403,,Cottage,yes,,,,,https://hotelzz.in/property.html?id=aria-hideaway-lonavala-in06059
snowline-lonavala-cottage-in06060,Snowline Lonavala Cottage,Lonavala,lonavala,"46, Khopoli Rd, near Tiger Point, Lonavala, Maharashtra 410403",,,4.7,410403,,Cottage,yes,,,,,https://hotelzz.in/property.html?id=snowline-lonavala-cottage-in06060
lonavala-hills-resort-in06061,Lonavala Hills Resort,Lonavala,lonavala,"347, Kumar Resort Rd, Lion's Point, Lonavala, Maharashtra 410403",,,4.6,410403,,Cottage,yes,,,,,https://hotelzz.in/property.html?id=lonavala-hills-resort-in06061
velvet-hideaway-lonavala-in06062,Velvet Hideaway Lonavala,Lonavala,lonavala,"169, Khopoli Rd, Della, Lonavala, Maharashtra 410401",,,4.0,410401,,Cottage,yes,,,,,https://hotelzz.in/property.html?id=velvet-hideaway-lonavala-in06062
indigo-pines-lonavala-in06063,Indigo Pines Lonavala,Lonavala,lonavala,"316, Tata Wisteria, near Tiger Point, Lonavala, Maharashtra 410401",,,4.5,410401,,Cottage,yes,,,,,https://hotelzz.in/property.html?id=indigo-pines-lonavala-in06063
silver-view-resort-lonavala-in06064,Silver View Resort Lonavala,Lonavala,lonavala,"427, Lion's Point Rd, near Tiger Point, Lonavala, Maharashtra 410403",,,4.3,410403,,Cottage,yes,,,,,https://hotelzz.in/property.html?id=silver-view-resort-lonavala-in06064
hotel-aspen-lonavala-in06065,Hotel Aspen Lonavala,Lonavala,lonavala,"160, Khopoli Rd, Khopoli Road, Lonavala, Maharashtra 410403",,,4.1,410403,,Cottage,yes,,,,,https://hotelzz.in/property.html?id=hotel-aspen-lonavala-in06065
ocean-cottage-lonavala-in06066,Ocean Cottage Lonavala,Lonavala,lonavala,"354, Kumar Resort Rd, Lion's Point, Lonavala, Maharashtra 410403",,,4.4,410403,,Cottage,yes,,,,,https://hotelzz.in/property.html?id=ocean-cottage-lonavala-in06066
crown-view-resort-lonavala-in06067,Crown View Resort Lonavala,Lonavala,lonavala,"480, Tata Wisteria, Della, Lonavala, Maharashtra 410403",,,4.3,410403,,Cottage,yes,,,,,https://hotelzz.in/property.html?id=crown-view-resort-lonavala-in06067
ocean-hideaway-lonavala-in06068,Ocean Hideaway Lonavala,Lonavala,lonavala,"198, Lion's Point Rd, near Tiger Point, Lonavala, Maharashtra 410401",,,4.2,410401,,Cottage,yes,,,,,https://hotelzz.in/property.html?id=ocean-hideaway-lonavala-in06068
sunrise-cottage-lonavala-in06069,Sunrise Cottage Lonavala,Lonavala,lonavala,"298, Kumar Resort Rd, Khopoli Road, Lonavala, Maharashtra 410401",,,4.5,410401,,Cottage,yes,,,,,https://hotelzz.in/property.html?id=sunrise-cottage-lonavala-in06069
aspen-valley-stay-lonavala-in06070,Aspen Valley Stay Lonavala,Lonavala,lonavala,"574, Lion's Point Rd, Khopoli Road, Lonavala, Maharashtra 410401",,,4.2,410401,,Cottage,yes,,,,,https://hotelzz.in/property.html?id=aspen-valley-stay-lonavala-in06070
pine-lonavala-lodge-in06071,Pine Lonavala Lodge,Lonavala,lonavala,"67, Lion's Point Rd, Lion's Point, Lonavala, Maharashtra 410401",,,4.3,410401,,Cottage,yes,,,,,https://hotelzz.in/property.html?id=pine-lonavala-lodge-in06071
serene-valley-stay-lonavala-in06072,Serene Valley Stay Lonavala,Lonavala,lonavala,"411, Lion's Point Rd, Lion's Point, Lonavala, Maharashtra 410401",,,4.2,410401,,Cottage,yes,,,,,https://hotelzz.in/property.html?id=serene-valley-stay-lonavala-in06072
himalayan-vintage-lonavala-in06073,Himalayan Vintage Lonavala,Lonavala,lonavala,"441, Khopoli Rd, Khopoli Road, Lonavala, Maharashtra 410401",,,4.3,410401,,Cottage,yes,,,,,https://hotelzz.in/property.html?id=himalayan-vintage-lonavala-in06073
velvet-view-resort-lonavala-in06074,Velvet View Resort Lonavala,Lonavala,lonavala,"96, Khopoli Rd, Tungarli, Lonavala, Maharashtra 410403",,,4.1,410403,,Cottage,yes,,,,,https://hotelzz.in/property.html?id=velvet-view-resort-lonavala-in06074
himalayan-wooden-lonavala-in06075,Himalayan Wooden Lonavala,Lonavala,lonavala,"483, Khopoli Rd, Khopoli Road, Lonavala, Maharashtra 410403",,,4.6,410403,,Cottage,yes,,,,,https://hotelzz.in/property.html?id=himalayan-wooden-lonavala-in06075
wooden-cottage-lonavala-in06076,Wooden Cottage Lonavala,Lonavala,lonavala,"32, Khopoli Rd, Khopoli Road, Lonavala, Maharashtra 410401",,,4.1,410401,,Cottage,yes,,,,,https://hotelzz.in/property.html?id=wooden-cottage-lonavala-in06076
himalayan-aria-lonavala-in06077,Himalayan Aria Lonavala,Lonavala,lonavala,"598, Lion's Point Rd, Della, Lonavala, Maharashtra 410403",,,4.5,410403,,Cottage,yes,,,,,https://hotelzz.in/property.html?id=himalayan-aria-lonavala-in06077
marigold-hideaway-lonavala-in06078,Marigold Hideaway Lonavala,Lonavala,lonavala,"382, Khopoli Rd, Della, Lonavala, Maharashtra 410401",,,4.4,410401,,Cottage,yes,,,,,https://hotelzz.in/property.html?id=marigold-hideaway-lonavala-in06078
himalayan-saffron-lonavala-in06079,Himalayan Saffron Lonavala,Lonavala,lonavala,"460, Khopoli Rd, Tungarli, Lonavala, Maharashtra 410403",,,4.6,410403,,Cottage,yes,,,,,https://hotelzz.in/property.html?id=himalayan-saffron-lonavala-in06079
himalayan-cosy-lonavala-in06080,Himalayan Cosy Lonavala,Lonavala,lonavala,"472, Khopoli Rd, Tungarli, Lonavala, Maharashtra 410401",,,4.8,410401,,Cottage,yes,,,,,https://hotelzz.in/property.html?id=himalayan-cosy-lonavala-in06080
the-imperial-cabin-lonavala-in06081,The Imperial Cabin Lonavala,Lonavala,lonavala,"382, Tata Wisteria, near Tiger Point, Lonavala, Maharashtra 410403",,,4.3,410403,,Cottage,yes,,,,,https://hotelzz.in/property.html?id=the-imperial-cabin-lonavala-in06081
aurora-hideaway-lonavala-in06082,Aurora Hideaway Lonavala,Lonavala,lonavala,"463, Lion's Point Rd, Lion's Point, Lonavala, Maharashtra 410403",,,4.2,410403,,Cottage,yes,,,,,https://hotelzz.in/property.html?id=aurora-hideaway-lonavala-in06082
whispering-valley-stay-lonavala-in06083,Whispering Valley Stay Lonavala,Lonavala,lonavala,"185, Della, Tungarli, Lonavala, Maharashtra 410401",,,4.5,410401,,Cottage,yes,,,,,https://hotelzz.in/property.html?id=whispering-valley-stay-lonavala-in06083
velvet-valley-stay-lonavala-in06084,Velvet Valley Stay Lonavala,Lonavala,lonavala,"374, Kumar Resort Rd, near Tiger Point, Lonavala, Maharashtra 410401",,,4.2,410401,,Cottage,yes,,,,,https://hotelzz.in/property.html?id=velvet-valley-stay-lonavala-in06084
hotel-silver-lonavala-in06085,Hotel Silver Lonavala,Lonavala,lonavala,"449, Lion's Point Rd, near Tiger Point, Lonavala, Maharashtra 410403",,,4.7,410403,,Cottage,yes,,,,,https://hotelzz.in/property.html?id=hotel-silver-lonavala-in06085
hotel-casa-lonavala-in06086,Hotel Casa Lonavala,Lonavala,lonavala,"540, Tata Wisteria, Khopoli Road, Lonavala, Maharashtra 410403",,,4.3,410403,,Cottage,yes,,,,,https://hotelzz.in/property.html?id=hotel-casa-lonavala-in06086
indigo-view-resort-lonavala-in06087,Indigo View Resort Lonavala,Lonavala,lonavala,"491, Lion's Point Rd, Tungarli, Lonavala, Maharashtra 410401",,,4.3,410401,,Cottage,yes,,,,,https://hotelzz.in/property.html?id=indigo-view-resort-lonavala-in06087
casa-cottage-lonavala-in06088,Casa Cottage Lonavala,Lonavala,lonavala,"82, Kumar Resort Rd, Tungarli, Lonavala, Maharashtra 410401",,,4.5,410401,,Cottage,yes,,,,,https://hotelzz.in/property.html?id=casa-cottage-lonavala-in06088
himalayan-velvet-lonavala-in06089,Himalayan Velvet Lonavala,Lonavala,lonavala,"423, Khopoli Rd, Tungarli, Lonavala, Maharashtra 410401",,,4.1,410401,,Cottage,yes,,,,,https://hotelzz.in/property.html?id=himalayan-velvet-lonavala-in06089
crystal-hideaway-lonavala-in06090,Crystal Hideaway Lonavala,Lonavala,lonavala,"458, Della, Della, Lonavala, Maharashtra 410403",,,4.1,410403,,Cottage,yes,,,,,https://hotelzz.in/property.html?id=crystal-hideaway-lonavala-in06090
hotel-regal-lonavala-in06091,Hotel Regal Lonavala,Lonavala,lonavala,"316, Kumar Resort Rd, Lion's Point, Lonavala, Maharashtra 410403",,,4.4,410403,,Cottage,yes,,,,,https://hotelzz.in/property.html?id=hotel-regal-lonavala-in06091
orchid-pines-lonavala-in06092,Orchid Pines Lonavala,Lonavala,lonavala,"380, Kumar Resort Rd, Khopoli Road, Lonavala, Maharashtra 410401",,,4.8,410401,,Cottage,yes,,,,,https://hotelzz.in/property.html?id=orchid-pines-lonavala-in06092
crystal-pines-lonavala-in06093,Crystal Pines Lonavala,Lonavala,lonavala,"184, Lion's Point Rd, near Tiger Point, Lonavala, Maharashtra 410401",,,4.0,410401,,Cottage,yes,,,,,https://hotelzz.in/property.html?id=crystal-pines-lonavala-in06093
hotel-heritage-lonavala-in06094,Hotel Heritage Lonavala,Lonavala,lonavala,"340, Tungarli, Lion's Point, Lonavala, Maharashtra 410401",,,4.4,410401,,Cottage,yes,,,,,https://hotelzz.in/property.html?id=hotel-heritage-lonavala-in06094
himalayan-pearl-lonavala-in06095,Himalayan Pearl Lonavala,Lonavala,lonavala,"483, Khopoli Rd, Tungarli, Lonavala, Maharashtra 410403",,,4.1,410403,,Cottage,yes,,,,,https://hotelzz.in/property.html?id=himalayan-pearl-lonavala-in06095
highland-pines-lonavala-in06096,Highland Pines Lonavala,Lonavala,lonavala,"324, Lion's Point Rd, Tungarli, Lonavala, Maharashtra 410401",,,4.5,410401,,Cottage,yes,,,,,https://hotelzz.in/property.html?id=highland-pines-lonavala-in06096
the-wooden-cabin-lonavala-in06097,The Wooden Cabin Lonavala,Lonavala,lonavala,"159, Della, Lion's Point, Lonavala, Maharashtra 410403",,,4.8,410403,,Cottage,yes,,,,,https://hotelzz.in/property.html?id=the-wooden-cabin-lonavala-in06097
hotel-highland-lonavala-in06098,Hotel Highland Lonavala,Lonavala,lonavala,"182, Tungarli, Tungarli, Lonavala, Maharashtra 410403",,,4.7,410403,,Cottage,yes,,,,,https://hotelzz.in/property.html?id=hotel-highland-lonavala-in06098
whispering-pines-lonavala-in06099,Whispering Pines Lonavala,Lonavala,lonavala,"316, Khopoli Rd, Della, Lonavala, Maharashtra 410401",,,4.3,410401,,Cottage,yes,,,,,https://hotelzz.in/property.html?id=whispering-pines-lonavala-in06099
regal-valley-stay-lonavala-in06100,Regal Valley Stay Lonavala,Lonavala,lonavala,"114, Lion's Point Rd, Tungarli, Lonavala, Maharashtra 410401",,,4.7,410401,,Cottage,yes,,,,,https://hotelzz.in/property.html?id=regal-valley-stay-lonavala-in06100
pine-gangtok-lodge-in06101,Pine Gangtok Lodge,Gangtok,gangtok,"204, Tadong, Development Area, Gangtok, Sikkim 737102",,,4.2,737102,,Cottage,yes,,,,,https://hotelzz.in/property.html?id=pine-gangtok-lodge-in06101
aurora-hideaway-gangtok-in06102,Aurora Hideaway Gangtok,Gangtok,gangtok,"303, Deorali, Tibet Road, Gangtok, Sikkim 737102",,,4.1,737102,,Cottage,yes,,,,,https://hotelzz.in/property.html?id=aurora-hideaway-gangtok-in06102
himalayan-aurora-gangtok-in06103,Himalayan Aurora Gangtok,Gangtok,gangtok,"441, Development Area, Deorali, Gangtok, Sikkim 737102",,,4.3,737102,,Cottage,yes,,,,,https://hotelzz.in/property.html?id=himalayan-aurora-gangtok-in06103
gangtok-hills-resort-in06104,Gangtok Hills Resort,Gangtok,gangtok,"166, Tibet Rd, Development Area, Gangtok, Sikkim 737101",,,4.1,737101,,Cottage,yes,,,,,https://hotelzz.in/property.html?id=gangtok-hills-resort-in06104
cedar-gangtok-lodge-in06105,Cedar Gangtok Lodge,Gangtok,gangtok,"534, Deorali, Development Area, Gangtok, Sikkim 737102",,,4.7,737102,,Cottage,yes,,,,,https://hotelzz.in/property.html?id=cedar-gangtok-lodge-in06105
highland-view-resort-gangtok-in06106,Highland View Resort Gangtok,Gangtok,gangtok,"579, MG Marg, Deorali, Gangtok, Sikkim 737102",,,4.4,737102,,Cottage,yes,,,,,https://hotelzz.in/property.html?id=highland-view-resort-gangtok-in06106
gangtok-mountain-inn-in06107,Gangtok Mountain Inn,Gangtok,gangtok,"448, Pelling Rd, Tadong, Gangtok, Sikkim 737102",,,4.1,737102,,Cottage,yes,,,,,https://hotelzz.in/property.html?id=gangtok-mountain-inn-in06107
maple-hideaway-gangtok-in06108,Maple Hideaway Gangtok,Gangtok,gangtok,"272, Pelling Rd, Development Area, Gangtok, Sikkim 737101",,,4.7,737101,,Cottage,yes,,,,,https://hotelzz.in/property.html?id=maple-hideaway-gangtok-in06108
the-gangtok-retreat-in06109,The Gangtok Retreat,Gangtok,gangtok,"319, Development Area, Development Area, Gangtok, Sikkim 737102",,,4.9,737102,,Cottage,yes,,,,,https://hotelzz.in/property.html?id=the-gangtok-retreat-in06109
alpine-valley-stay-gangtok-in06110,Alpine Valley Stay Gangtok,Gangtok,gangtok,"375, Tadong, Tadong, Gangtok, Sikkim 737102",,,4.7,737102,,Cottage,yes,,,,,https://hotelzz.in/property.html?id=alpine-valley-stay-gangtok-in06110
velvet-hideaway-gangtok-in06111,Velvet Hideaway Gangtok,Gangtok,gangtok,"522, Ranipool, Tibet Road, Gangtok, Sikkim 737102",,,4.2,737102,,Cottage,yes,,,,,https://hotelzz.in/property.html?id=velvet-hideaway-gangtok-in06111
velvet-valley-stay-gangtok-in06112,Velvet Valley Stay Gangtok,Gangtok,gangtok,"395, Deorali, Tadong, Gangtok, Sikkim 737101",,,4.1,737101,,Cottage,yes,,,,,https://hotelzz.in/property.html?id=velvet-valley-stay-gangtok-in06112
wood-house-gangtok-in06113,Wood House Gangtok,Gangtok,gangtok,"513, Pelling Rd, Tadong, Gangtok, Sikkim 737102",,,4.2,737102,,Cottage,yes,,,,,https://hotelzz.in/property.html?id=wood-house-gangtok-in06113
hotel-aspen-gangtok-in06114,Hotel Aspen Gangtok,Gangtok,gangtok,"468, Tadong, Tibet Road, Gangtok, Sikkim 737102",,,4.2,737102,,Cottage,yes,,,,,https://hotelzz.in/property.html?id=hotel-aspen-gangtok-in06114
whispering-hideaway-gangtok-in06115,Whispering Hideaway Gangtok,Gangtok,gangtok,"383, MG Marg, Tadong, Gangtok, Sikkim 737101",,,4.2,737101,,Cottage,yes,,,,,https://hotelzz.in/property.html?id=whispering-hideaway-gangtok-in06115
snowline-gangtok-cottage-in06116,Snowline Gangtok Cottage,Gangtok,gangtok,"451, Development Area, Development Area, Gangtok, Sikkim 737102",,,4.8,737102,,Cottage,yes,,,,,https://hotelzz.in/property.html?id=snowline-gangtok-cottage-in06116
hotel-wooden-gangtok-in06117,Hotel Wooden Gangtok,Gangtok,gangtok,"270, Tibet Rd, Deorali, Gangtok, Sikkim 737101",,,4.9,737101,,Cottage,yes,,,,,https://hotelzz.in/property.html?id=hotel-wooden-gangtok-in06117
the-crystal-cabin-gangtok-in06118,The Crystal Cabin Gangtok,Gangtok,gangtok,"466, Tibet Rd, Deorali, Gangtok, Sikkim 737102",,,4.3,737102,,Cottage,yes,,,,,https://hotelzz.in/property.html?id=the-crystal-cabin-gangtok-in06118
whispering-pines-gangtok-in06119,Whispering Pines Gangtok,Gangtok,gangtok,"196, MG Marg, MG Marg, Gangtok, Sikkim 737101",,,4.3,737101,,Cottage,yes,,,,,https://hotelzz.in/property.html?id=whispering-pines-gangtok-in06119
regal-cottage-gangtok-in06120,Regal Cottage Gangtok,Gangtok,gangtok,"553, Ranipool, Development Area, Gangtok, Sikkim 737101",,,4.6,737101,,Cottage,yes,,,,,https://hotelzz.in/property.html?id=regal-cottage-gangtok-in06120
himalayan-sapphire-gangtok-in06121,Himalayan Sapphire Gangtok,Gangtok,gangtok,"580, Tibet Rd, MG Marg, Gangtok, Sikkim 737102",,,4.1,737102,,Cottage,yes,,,,,https://hotelzz.in/property.html?id=himalayan-sapphire-gangtok-in06121
apple-orchard-gangtok-in06122,Apple Orchard Gangtok,Gangtok,gangtok,"541, Tadong, Deorali, Gangtok, Sikkim 737102",,,4.4,737102,,Cottage,yes,,,,,https://hotelzz.in/property.html?id=apple-orchard-gangtok-in06122
himalayan-cosy-gangtok-in06123,Himalayan Cosy Gangtok,Gangtok,gangtok,"277, Tibet Rd, Tibet Road, Gangtok, Sikkim 737101",,,4.3,737101,,Cottage,yes,,,,,https://hotelzz.in/property.html?id=himalayan-cosy-gangtok-in06123
cosy-view-resort-gangtok-in06124,Cosy View Resort Gangtok,Gangtok,gangtok,"405, MG Marg, MG Marg, Gangtok, Sikkim 737102",,,4.6,737102,,Cottage,yes,,,,,https://hotelzz.in/property.html?id=cosy-view-resort-gangtok-in06124
casa-view-resort-gangtok-in06125,Casa View Resort Gangtok,Gangtok,gangtok,"521, Tibet Rd, Tadong, Gangtok, Sikkim 737101",,,4.5,737101,,Cottage,yes,,,,,https://hotelzz.in/property.html?id=casa-view-resort-gangtok-in06125
hotel-aurora-gangtok-in06126,Hotel Aurora Gangtok,Gangtok,gangtok,"369, Ranipool, Deorali, Gangtok, Sikkim 737101",,,4.1,737101,,Cottage,yes,,,,,https://hotelzz.in/property.html?id=hotel-aurora-gangtok-in06126
heritage-pines-gangtok-in06127,Heritage Pines Gangtok,Gangtok,gangtok,"590, Tadong, MG Marg, Gangtok, Sikkim 737101",,,4.6,737101,,Cottage,yes,,,,,https://hotelzz.in/property.html?id=heritage-pines-gangtok-in06127
orchid-cottage-gangtok-in06128,Orchid Cottage Gangtok,Gangtok,gangtok,"538, Development Area, MG Marg, Gangtok, Sikkim 737101",,,4.0,737101,,Cottage,yes,,,,,https://hotelzz.in/property.html?id=orchid-cottage-gangtok-in06128
imperial-valley-stay-gangtok-in06129,Imperial Valley Stay Gangtok,Gangtok,gangtok,"150, Tibet Rd, Deorali, Gangtok, Sikkim 737101",,,4.6,737101,,Cottage,yes,,,,,https://hotelzz.in/property.html?id=imperial-valley-stay-gangtok-in06129
the-maple-cabin-gangtok-in06130,The Maple Cabin Gangtok,Gangtok,gangtok,"338, Ranipool, Tibet Road, Gangtok, Sikkim 737101",,,4.1,737101,,Cottage,yes,,,,,https://hotelzz.in/property.html?id=the-maple-cabin-gangtok-in06130
sunrise-cottage-gangtok-in06131,Sunrise Cottage Gangtok,Gangtok,gangtok,"40, Ranipool, MG Marg, Gangtok, Sikkim 737102",,,4.4,737102,,Cottage,yes,,,,,https://hotelzz.in/property.html?id=sunrise-cottage-gangtok-in06131
casa-pines-gangtok-in06132,Casa Pines Gangtok,Gangtok,gangtok,"455, Pelling Rd, MG Marg, Gangtok, Sikkim 737102",,,4.7,737102,,Cottage,yes,,,,,https://hotelzz.in/property.html?id=casa-pines-gangtok-in06132
aria-hideaway-gangtok-in06133,Aria Hideaway Gangtok,Gangtok,gangtok,"471, MG Marg, Tibet Road, Gangtok, Sikkim 737102",,,4.3,737102,,Cottage,yes,,,,,https://hotelzz.in/property.html?id=aria-hideaway-gangtok-in06133
the-wooden-cabin-gangtok-in06134,The Wooden Cabin Gangtok,Gangtok,gangtok,"474, Ranipool, Deorali, Gangtok, Sikkim 737102",,,4.4,737102,,Cottage,yes,,,,,https://hotelzz.in/property.html?id=the-wooden-cabin-gangtok-in06134
silver-view-resort-gangtok-in06135,Silver View Resort Gangtok,Gangtok,gangtok,"295, Development Area, Development Area, Gangtok, Sikkim 737101",,,4.1,737101,,Cottage,yes,,,,,https://hotelzz.in/property.html?id=silver-view-resort-gangtok-in06135
misty-hideaway-gangtok-in06136,Misty Hideaway Gangtok,Gangtok,gangtok,"182, MG Marg, Tadong, Gangtok, Sikkim 737102",,,4.7,737102,,Cottage,yes,,,,,https://hotelzz.in/property.html?id=misty-hideaway-gangtok-in06136
royal-pines-gangtok-in06137,Royal Pines Gangtok,Gangtok,gangtok,"561, Development Area, MG Marg, Gangtok, Sikkim 737102",,,4.4,737102,,Cottage,yes,,,,,https://hotelzz.in/property.html?id=royal-pines-gangtok-in06137
emerald-pines-gangtok-in06138,Emerald Pines Gangtok,Gangtok,gangtok,"481, Development Area, MG Marg, Gangtok, Sikkim 737102",,,4.9,737102,,Cottage,yes,,,,,https://hotelzz.in/property.html?id=emerald-pines-gangtok-in06138
misty-cottage-gangtok-in06139,Misty Cottage Gangtok,Gangtok,gangtok,"279, Ranipool, Development Area, Gangtok, Sikkim 737101",,,4.3,737101,,Cottage,yes,,,,,https://hotelzz.in/property.html?id=misty-cottage-gangtok-in06139
himalayan-maple-gangtok-in06140,Himalayan Maple Gangtok,Gangtok,gangtok,"35, MG Marg, MG Marg, Gangtok, Sikkim 737102",,,4.6,737102,,Cottage,yes,,,,,https://hotelzz.in/property.html?id=himalayan-maple-gangtok-in06140
himalayan-aspen-gangtok-in06141,Himalayan Aspen Gangtok,Gangtok,gangtok,"501, Deorali, MG Marg, Gangtok, Sikkim 737102",,,4.5,737102,,Cottage,yes,,,,,https://hotelzz.in/property.html?id=himalayan-aspen-gangtok-in06141
the-crown-cabin-gangtok-in06142,The Crown Cabin Gangtok,Gangtok,gangtok,"376, Deorali, Tadong, Gangtok, Sikkim 737102",,,4.2,737102,,Cottage,yes,,,,,https://hotelzz.in/property.html?id=the-crown-cabin-gangtok-in06142
emerald-view-resort-gangtok-in06143,Emerald View Resort Gangtok,Gangtok,gangtok,"211, Development Area, Development Area, Gangtok, Sikkim 737101",,,4.7,737101,,Cottage,yes,,,,,https://hotelzz.in/property.html?id=emerald-view-resort-gangtok-in06143
the-pearl-cabin-gangtok-in06144,The Pearl Cabin Gangtok,Gangtok,gangtok,"431, Ranipool, MG Marg, Gangtok, Sikkim 737101",,,4.0,737101,,Cottage,yes,,,,,https://hotelzz.in/property.html?id=the-pearl-cabin-gangtok-in06144
hotel-sapphire-gangtok-in06145,Hotel Sapphire Gangtok,Gangtok,gangtok,"257, Pelling Rd, Tadong, Gangtok, Sikkim 737101",,,4.3,737101,,Cottage,yes,,,,,https://hotelzz.in/property.html?id=hotel-sapphire-gangtok-in06145
sunrise-view-resort-gangtok-in06146,Sunrise View Resort Gangtok,Gangtok,gangtok,"419, Tadong, Tadong, Gangtok, Sikkim 737101",,,4.5,737101,,Cottage,yes,,,,,https://hotelzz.in/property.html?id=sunrise-view-resort-gangtok-in06146
regal-hideaway-gangtok-in06147,Regal Hideaway Gangtok,Gangtok,gangtok,"519, Pelling Rd, MG Marg, Gangtok, Sikkim 737102",,,4.8,737102,,Cottage,yes,,,,,https://hotelzz.in/property.html?id=regal-hideaway-gangtok-in06147
hotel-heritage-gangtok-in06148,Hotel Heritage Gangtok,Gangtok,gangtok,"24, Deorali, Tadong, Gangtok, Sikkim 737102",,,4.7,737102,,Cottage,yes,,,,,https://hotelzz.in/property.html?id=hotel-heritage-gangtok-in06148
serene-view-resort-gangtok-in06149,Serene View Resort Gangtok,Gangtok,gangtok,"25, Pelling Rd, MG Marg, Gangtok, Sikkim 737101",,,4.6,737101,,Cottage,yes,,,,,https://hotelzz.in/property.html?id=serene-view-resort-gangtok-in06149
pearl-view-resort-gangtok-in06150,Pearl View Resort Gangtok,Gangtok,gangtok,"368, Tibet Rd, Development Area, Gangtok, Sikkim 737102",,,4.8,737102,,Cottage,yes,,,,,https://hotelzz.in/property.html?id=pearl-view-resort-gangtok-in06150
pearl-hideaway-gangtok-in06151,Pearl Hideaway Gangtok,Gangtok,gangtok,"581, Ranipool, Tibet Road, Gangtok, Sikkim 737101",,,4.8,737101,,Cottage,yes,,,,,https://hotelzz.in/property.html?id=pearl-hideaway-gangtok-in06151
imperial-hideaway-gangtok-in06152,Imperial Hideaway Gangtok,Gangtok,gangtok,"459, MG Marg, Development Area, Gangtok, Sikkim 737102",,,4.4,737102,,Cottage,yes,,,,,https://hotelzz.in/property.html?id=imperial-hideaway-gangtok-in06152
highland-valley-stay-gangtok-in06153,Highland Valley Stay Gangtok,Gangtok,gangtok,"412, MG Marg, Deorali, Gangtok, Sikkim 737101",,,4.2,737101,,Cottage,yes,,,,,https://hotelzz.in/property.html?id=highland-valley-stay-gangtok-in06153
serene-pines-gangtok-in06154,Serene Pines Gangtok,Gangtok,gangtok,"521, Ranipool, MG Marg, Gangtok, Sikkim 737101",,,4.2,737101,,Cottage,yes,,,,,https://hotelzz.in/property.html?id=serene-pines-gangtok-in06154
crystal-cottage-gangtok-in06155,Crystal Cottage Gangtok,Gangtok,gangtok,"167, Pelling Rd, Development Area, Gangtok, Sikkim 737101",,,4.3,737101,,Cottage,yes,,,,,https://hotelzz.in/property.html?id=crystal-cottage-gangtok-in06155
imperial-view-resort-gangtok-in06156,Imperial View Resort Gangtok,Gangtok,gangtok,"300, Tadong, Tibet Road, Gangtok, Sikkim 737101",,,4.9,737101,,Cottage,yes,,,,,https://hotelzz.in/property.html?id=imperial-view-resort-gangtok-in06156
alpine-view-resort-gangtok-in06157,Alpine View Resort Gangtok,Gangtok,gangtok,"327, Deorali, Tibet Road, Gangtok, Sikkim 737102",,,4.0,737102,,Cottage,yes,,,,,https://hotelzz.in/property.html?id=alpine-view-resort-gangtok-in06157
ocean-view-resort-gangtok-in06158,Ocean View Resort Gangtok,Gangtok,gangtok,"63, Ranipool, Tadong, Gangtok, Sikkim 737102",,,4.5,737102,,Cottage,yes,,,,,https://hotelzz.in/property.html?id=ocean-view-resort-gangtok-in06158
maple-pines-gangtok-in06159,Maple Pines Gangtok,Gangtok,gangtok,"15, Ranipool, MG Marg, Gangtok, Sikkim 737102",,,4.5,737102,,Cottage,yes,,,,,https://hotelzz.in/property.html?id=maple-pines-gangtok-in06159
sapphire-valley-stay-gangtok-in06160,Sapphire Valley Stay Gangtok,Gangtok,gangtok,"529, Development Area, Deorali, Gangtok, Sikkim 737102",,,4.6,737102,,Cottage,yes,,,,,https://hotelzz.in/property.html?id=sapphire-valley-stay-gangtok-in06160
himalayan-tranquil-gangtok-in06161,Himalayan Tranquil Gangtok,Gangtok,gangtok,"202, Tadong, Deorali, Gangtok, Sikkim 737101",,,4.2,737101,,Cottage,yes,,,,,https://hotelzz.in/property.html?id=himalayan-tranquil-gangtok-in06161
vintage-cottage-gangtok-in06162,Vintage Cottage Gangtok,Gangtok,gangtok,"444, Tibet Rd, Deorali, Gangtok, Sikkim 737102",,,4.3,737102,,Cottage,yes,,,,,https://hotelzz.in/property.html?id=vintage-cottage-gangtok-in06162
orchid-view-resort-gangtok-in06163,Orchid View Resort Gangtok,Gangtok,gangtok,"127, MG Marg, MG Marg, Gangtok, Sikkim 737101",,,4.1,737101,,Cottage,yes,,,,,https://hotelzz.in/property.html?id=orchid-view-resort-gangtok-in06163
aurora-cottage-gangtok-in06164,Aurora Cottage Gangtok,Gangtok,gangtok,"499, Ranipool, Tadong, Gangtok, Sikkim 737101",,,4.7,737101,,Cottage,yes,,,,,https://hotelzz.in/property.html?id=aurora-cottage-gangtok-in06164
the-whispering-cabin-gangtok-in06165,The Whispering Cabin Gangtok,Gangtok,gangtok,"328, Tadong, Tadong, Gangtok, Sikkim 737101",,,4.2,737101,,Cottage,yes,,,,,https://hotelzz.in/property.html?id=the-whispering-cabin-gangtok-in06165
maple-valley-stay-gangtok-in06166,Maple Valley Stay Gangtok,Gangtok,gangtok,"257, MG Marg, Tibet Road, Gangtok, Sikkim 737101",,,4.3,737101,,Cottage,yes,,,,,https://hotelzz.in/property.html?id=maple-valley-stay-gangtok-in06166
marigold-cottage-gangtok-in06167,Marigold Cottage Gangtok,Gangtok,gangtok,"548, Deorali, Tadong, Gangtok, Sikkim 737101",,,4.2,737101,,Cottage,yes,,,,,https://hotelzz.in/property.html?id=marigold-cottage-gangtok-in06167
azure-hideaway-gangtok-in06168,Azure Hideaway Gangtok,Gangtok,gangtok,"98, Tibet Rd, Deorali, Gangtok, Sikkim 737101",,,4.6,737101,,Cottage,yes,,,,,https://hotelzz.in/property.html?id=azure-hideaway-gangtok-in06168
pine-gangtok-lodge-69-in06169,Pine Gangtok Lodge 69,Gangtok,gangtok,"570, Tadong, MG Marg, Gangtok, Sikkim 737102",,,4.2,737102,,Cottage,yes,,,,,https://hotelzz.in/property.html?id=pine-gangtok-lodge-69-in06169
velvet-cottage-gangtok-in06170,Velvet Cottage Gangtok,Gangtok,gangtok,"566, Ranipool, Tibet Road, Gangtok, Sikkim 737101",,,4.7,737101,,Cottage,yes,,,,,https://hotelzz.in/property.html?id=velvet-cottage-gangtok-in06170
alpine-hideaway-darjeeling-in06171,Alpine Hideaway Darjeeling,Darjeeling,darjeeling,"35, Jalapahar, Chowrasta, Darjeeling, West Bengal 734101",,,4.4,734101,,Cottage,yes,,,,,https://hotelzz.in/property.html?id=alpine-hideaway-darjeeling-in06171
the-heritage-cabin-darjeeling-in06172,The Heritage Cabin Darjeeling,Darjeeling,darjeeling,"256, Observatory Hill Rd, Chowrasta, Darjeeling, West Bengal 734101",,,4.8,734101,,Cottage,yes,,,,,https://hotelzz.in/property.html?id=the-heritage-cabin-darjeeling-in06172
darjeeling-mountain-inn-in06173,Darjeeling Mountain Inn,Darjeeling,darjeeling,"439, Observatory Hill Rd, Ghoom, Darjeeling, West Bengal 734101",,,4.6,734101,,Cottage,yes,,,,,https://hotelzz.in/property.html?id=darjeeling-mountain-inn-in06173
casa-pines-darjeeling-in06174,Casa Pines Darjeeling,Darjeeling,darjeeling,"431, Singamari, Jalapahar, Darjeeling, West Bengal 734101",,,4.2,734101,,Cottage,yes,,,,,https://hotelzz.in/property.html?id=casa-pines-darjeeling-in06174
crown-cottage-darjeeling-in06175,Crown Cottage Darjeeling,Darjeeling,darjeeling,"422, Chowrasta, Mall Road, Darjeeling, West Bengal 734101",,,4.7,734101,,Cottage,yes,,,,,https://hotelzz.in/property.html?id=crown-cottage-darjeeling-in06175
cedar-darjeeling-lodge-in06176,Cedar Darjeeling Lodge,Darjeeling,darjeeling,"148, Mall Rd, near Tiger Hill, Darjeeling, West Bengal 734101",,,4.1,734101,,Cottage,yes,,,,,https://hotelzz.in/property.html?id=cedar-darjeeling-lodge-in06176
crown-pines-darjeeling-in06177,Crown Pines Darjeeling,Darjeeling,darjeeling,"581, Lebong, Ghoom, Darjeeling, West Bengal 734101",,,4.2,734101,,Cottage,yes,,,,,https://hotelzz.in/property.html?id=crown-pines-darjeeling-in06177
alpine-cottage-darjeeling-in06178,Alpine Cottage Darjeeling,Darjeeling,darjeeling,"541, Chowrasta, Chowrasta, Darjeeling, West Bengal 734101",,,4.6,734101,,Cottage,yes,,,,,https://hotelzz.in/property.html?id=alpine-cottage-darjeeling-in06178
the-darjeeling-retreat-in06179,The Darjeeling Retreat,Darjeeling,darjeeling,"529, Ghoom, Jalapahar, Darjeeling, West Bengal 734101",,,4.3,734101,,Cottage,yes,,,,,https://hotelzz.in/property.html?id=the-darjeeling-retreat-in06179
himalayan-silver-darjeeling-in06180,Himalayan Silver Darjeeling,Darjeeling,darjeeling,"441, Mall Rd, Ghoom, Darjeeling, West Bengal 734101",,,4.6,734101,,Cottage,yes,,,,,https://hotelzz.in/property.html?id=himalayan-silver-darjeeling-in06180
wood-house-darjeeling-in06181,Wood House Darjeeling,Darjeeling,darjeeling,"547, Observatory Hill Rd, Jalapahar, Darjeeling, West Bengal 734101",,,4.1,734101,,Cottage,yes,,,,,https://hotelzz.in/property.html?id=wood-house-darjeeling-in06181
aria-pines-darjeeling-in06182,Aria Pines Darjeeling,Darjeeling,darjeeling,"256, Jalapahar, Ghoom, Darjeeling, West Bengal 734101",,,4.5,734101,,Cottage,yes,,,,,https://hotelzz.in/property.html?id=aria-pines-darjeeling-in06182
whispering-valley-stay-darjeeling-in06183,Whispering Valley Stay Darjeeling,Darjeeling,darjeeling,"185, Singamari, Chowrasta, Darjeeling, West Bengal 734101",,,4.5,734101,,Cottage,yes,,,,,https://hotelzz.in/property.html?id=whispering-valley-stay-darjeeling-in06183
the-misty-cabin-darjeeling-in06184,The Misty Cabin Darjeeling,Darjeeling,darjeeling,"339, Jalapahar, Mall Road, Darjeeling, West Bengal 734101",,,4.8,734101,,Cottage,yes,,,,,https://hotelzz.in/property.html?id=the-misty-cabin-darjeeling-in06184
crystal-pines-darjeeling-in06185,Crystal Pines Darjeeling,Darjeeling,darjeeling,"579, Jalapahar, near Tiger Hill, Darjeeling, West Bengal 734101",,,4.3,734101,,Cottage,yes,,,,,https://hotelzz.in/property.html?id=crystal-pines-darjeeling-in06185
crystal-hideaway-darjeeling-in06186,Crystal Hideaway Darjeeling,Darjeeling,darjeeling,"30, Singamari, Mall Road, Darjeeling, West Bengal 734101",,,4.9,734101,,Cottage,yes,,,,,https://hotelzz.in/property.html?id=crystal-hideaway-darjeeling-in06186
sunrise-cottage-darjeeling-in06187,Sunrise Cottage Darjeeling,Darjeeling,darjeeling,"163, Jalapahar, Jalapahar, Darjeeling, West Bengal 734101",,,4.1,734101,,Cottage,yes,,,,,https://hotelzz.in/property.html?id=sunrise-cottage-darjeeling-in06187
alpine-view-resort-darjeeling-in06188,Alpine View Resort Darjeeling,Darjeeling,darjeeling,"12, Singamari, Ghoom, Darjeeling, West Bengal 734101",,,4.2,734101,,Cottage,yes,,,,,https://hotelzz.in/property.html?id=alpine-view-resort-darjeeling-in06188
himalayan-emerald-darjeeling-in06189,Himalayan Emerald Darjeeling,Darjeeling,darjeeling,"9, Jalapahar, Ghoom, Darjeeling, West Bengal 734101",,,4.6,734101,,Cottage,yes,,,,,https://hotelzz.in/property.html?id=himalayan-emerald-darjeeling-in06189
pine-darjeeling-lodge-in06190,Pine Darjeeling Lodge,Darjeeling,darjeeling,"396, Chowrasta, near Tiger Hill, Darjeeling, West Bengal 734101",,,4.4,734101,,Cottage,yes,,,,,https://hotelzz.in/property.html?id=pine-darjeeling-lodge-in06190
marigold-view-resort-darjeeling-in06191,Marigold View Resort Darjeeling,Darjeeling,darjeeling,"190, Observatory Hill Rd, near Tiger Hill, Darjeeling, West Bengal 734101",,,4.4,734101,,Cottage,yes,,,,,https://hotelzz.in/property.html?id=marigold-view-resort-darjeeling-in06191
apple-orchard-darjeeling-in06192,Apple Orchard Darjeeling,Darjeeling,darjeeling,"160, Lebong, Mall Road, Darjeeling, West Bengal 734101",,,4.6,734101,,Cottage,yes,,,,,https://hotelzz.in/property.html?id=apple-orchard-darjeeling-in06192
marigold-valley-stay-darjeeling-in06193,Marigold Valley Stay Darjeeling,Darjeeling,darjeeling,"302, Lebong, Mall Road, Darjeeling, West Bengal 734101",,,4.8,734101,,Cottage,yes,,,,,https://hotelzz.in/property.html?id=marigold-valley-stay-darjeeling-in06193
pearl-cottage-darjeeling-in06194,Pearl Cottage Darjeeling,Darjeeling,darjeeling,"452, Observatory Hill Rd, Ghoom, Darjeeling, West Bengal 734101",,,4.7,734101,,Cottage,yes,,,,,https://hotelzz.in/property.html?id=pearl-cottage-darjeeling-in06194
sapphire-hideaway-darjeeling-in06195,Sapphire Hideaway Darjeeling,Darjeeling,darjeeling,"262, Ghoom, Ghoom, Darjeeling, West Bengal 734101",,,4.9,734101,,Cottage,yes,,,,,https://hotelzz.in/property.html?id=sapphire-hideaway-darjeeling-in06195
hotel-saffron-darjeeling-in06196,Hotel Saffron Darjeeling,Darjeeling,darjeeling,"443, Ghoom, near Tiger Hill, Darjeeling, West Bengal 734101",,,4.1,734101,,Cottage,yes,,,,,https://hotelzz.in/property.html?id=hotel-saffron-darjeeling-in06196
emerald-view-resort-darjeeling-in06197,Emerald View Resort Darjeeling,Darjeeling,darjeeling,"415, Lebong, Chowrasta, Darjeeling, West Bengal 734101",,,4.6,734101,,Cottage,yes,,,,,https://hotelzz.in/property.html?id=emerald-view-resort-darjeeling-in06197
darjeeling-hills-resort-in06198,Darjeeling Hills Resort,Darjeeling,darjeeling,"349, Lebong, near Tiger Hill, Darjeeling, West Bengal 734101",,,4.8,734101,,Cottage,yes,,,,,https://hotelzz.in/property.html?id=darjeeling-hills-resort-in06198
himalayan-ocean-darjeeling-in06199,Himalayan Ocean Darjeeling,Darjeeling,darjeeling,"586, Singamari, Jalapahar, Darjeeling, West Bengal 734101",,,4.5,734101,,Cottage,yes,,,,,https://hotelzz.in/property.html?id=himalayan-ocean-darjeeling-in06199
the-silver-cabin-darjeeling-in06200,The Silver Cabin Darjeeling,Darjeeling,darjeeling,"290, Chowrasta, Mall Road, Darjeeling, West Bengal 734101",,,4.0,734101,,Cottage,yes,,,,,https://hotelzz.in/property.html?id=the-silver-cabin-darjeeling-in06200
hotel-vintage-darjeeling-in06201,Hotel Vintage Darjeeling,Darjeeling,darjeeling,"141, Observatory Hill Rd, Jalapahar, Darjeeling, West Bengal 734101",,,4.0,734101,,Cottage,yes,,,,,https://hotelzz.in/property.html?id=hotel-vintage-darjeeling-in06201
himalayan-highland-darjeeling-in06202,Himalayan Highland Darjeeling,Darjeeling,darjeeling,"224, Ghoom, Jalapahar, Darjeeling, West Bengal 734101",,,4.6,734101,,Cottage,yes,,,,,https://hotelzz.in/property.html?id=himalayan-highland-darjeeling-in06202
the-maple-cabin-darjeeling-in06203,The Maple Cabin Darjeeling,Darjeeling,darjeeling,"406, Jalapahar, Ghoom, Darjeeling, West Bengal 734101",,,4.9,734101,,Cottage,yes,,,,,https://hotelzz.in/property.html?id=the-maple-cabin-darjeeling-in06203
regal-cottage-darjeeling-in06204,Regal Cottage Darjeeling,Darjeeling,darjeeling,"401, Lebong, Ghoom, Darjeeling, West Bengal 734101",,,4.7,734101,,Cottage,yes,,,,,https://hotelzz.in/property.html?id=regal-cottage-darjeeling-in06204
azure-view-resort-darjeeling-in06205,Azure View Resort Darjeeling,Darjeeling,darjeeling,"506, Lebong, Chowrasta, Darjeeling, West Bengal 734101",,,4.2,734101,,Cottage,yes,,,,,https://hotelzz.in/property.html?id=azure-view-resort-darjeeling-in06205
vintage-view-resort-darjeeling-in06206,Vintage View Resort Darjeeling,Darjeeling,darjeeling,"549, Jalapahar, near Tiger Hill, Darjeeling, West Bengal 734101",,,4.3,734101,,Cottage,yes,,,,,https://hotelzz.in/property.html?id=vintage-view-resort-darjeeling-in06206
heritage-hideaway-darjeeling-in06207,Heritage Hideaway Darjeeling,Darjeeling,darjeeling,"380, Lebong, Mall Road, Darjeeling, West Bengal 734101",,,4.9,734101,,Cottage,yes,,,,,https://hotelzz.in/property.html?id=heritage-hideaway-darjeeling-in06207
himalayan-tranquil-darjeeling-in06208,Himalayan Tranquil Darjeeling,Darjeeling,darjeeling,"64, Lebong, near Tiger Hill, Darjeeling, West Bengal 734101",,,4.3,734101,,Cottage,yes,,,,,https://hotelzz.in/property.html?id=himalayan-tranquil-darjeeling-in06208
tranquil-cottage-darjeeling-in06209,Tranquil Cottage Darjeeling,Darjeeling,darjeeling,"307, Chowrasta, Chowrasta, Darjeeling, West Bengal 734101",,,4.5,734101,,Cottage,yes,,,,,https://hotelzz.in/property.html?id=tranquil-cottage-darjeeling-in06209
sapphire-view-resort-darjeeling-in06210,Sapphire View Resort Darjeeling,Darjeeling,darjeeling,"10, Mall Rd, Mall Road, Darjeeling, West Bengal 734101",,,4.8,734101,,Cottage,yes,,,,,https://hotelzz.in/property.html?id=sapphire-view-resort-darjeeling-in06210
sapphire-cottage-darjeeling-in06211,Sapphire Cottage Darjeeling,Darjeeling,darjeeling,"562, Ghoom, Jalapahar, Darjeeling, West Bengal 734101",,,4.3,734101,,Cottage,yes,,,,,https://hotelzz.in/property.html?id=sapphire-cottage-darjeeling-in06211
the-whispering-cabin-darjeeling-in06212,The Whispering Cabin Darjeeling,Darjeeling,darjeeling,"232, Mall Rd, Jalapahar, Darjeeling, West Bengal 734101",,,4.8,734101,,Cottage,yes,,,,,https://hotelzz.in/property.html?id=the-whispering-cabin-darjeeling-in06212
snowline-darjeeling-cottage-in06213,Snowline Darjeeling Cottage,Darjeeling,darjeeling,"274, Mall Rd, Ghoom, Darjeeling, West Bengal 734101",,,4.7,734101,,Cottage,yes,,,,,https://hotelzz.in/property.html?id=snowline-darjeeling-cottage-in06213
aurora-cottage-darjeeling-in06214,Aurora Cottage Darjeeling,Darjeeling,darjeeling,"74, Observatory Hill Rd, Chowrasta, Darjeeling, West Bengal 734101",,,4.8,734101,,Cottage,yes,,,,,https://hotelzz.in/property.html?id=aurora-cottage-darjeeling-in06214
himalayan-aria-darjeeling-in06215,Himalayan Aria Darjeeling,Darjeeling,darjeeling,"231, Lebong, Jalapahar, Darjeeling, West Bengal 734101",,,4.2,734101,,Cottage,yes,,,,,https://hotelzz.in/property.html?id=himalayan-aria-darjeeling-in06215
silver-pines-darjeeling-in06216,Silver Pines Darjeeling,Darjeeling,darjeeling,"87, Chowrasta, near Tiger Hill, Darjeeling, West Bengal 734101",,,4.9,734101,,Cottage,yes,,,,,https://hotelzz.in/property.html?id=silver-pines-darjeeling-in06216
hotel-tranquil-darjeeling-in06217,Hotel Tranquil Darjeeling,Darjeeling,darjeeling,"246, Chowrasta, Jalapahar, Darjeeling, West Bengal 734101",,,4.7,734101,,Cottage,yes,,,,,https://hotelzz.in/property.html?id=hotel-tranquil-darjeeling-in06217
himalayan-pearl-darjeeling-in06218,Himalayan Pearl Darjeeling,Darjeeling,darjeeling,"369, Observatory Hill Rd, Jalapahar, Darjeeling, West Bengal 734101",,,4.8,734101,,Cottage,yes,,,,,https://hotelzz.in/property.html?id=himalayan-pearl-darjeeling-in06218
himalayan-royal-darjeeling-in06219,Himalayan Royal Darjeeling,Darjeeling,darjeeling,"228, Mall Rd, Ghoom, Darjeeling, West Bengal 734101",,,4.6,734101,,Cottage,yes,,,,,https://hotelzz.in/property.html?id=himalayan-royal-darjeeling-in06219
pearl-hideaway-darjeeling-in06220,Pearl Hideaway Darjeeling,Darjeeling,darjeeling,"214, Observatory Hill Rd, Mall Road, Darjeeling, West Bengal 734101",,,4.4,734101,,Cottage,yes,,,,,https://hotelzz.in/property.html?id=pearl-hideaway-darjeeling-in06220
indigo-pines-darjeeling-in06221,Indigo Pines Darjeeling,Darjeeling,darjeeling,"196, Observatory Hill Rd, Mall Road, Darjeeling, West Bengal 734101",,,4.3,734101,,Cottage,yes,,,,,https://hotelzz.in/property.html?id=indigo-pines-darjeeling-in06221
tranquil-valley-stay-darjeeling-in06222,Tranquil Valley Stay Darjeeling,Darjeeling,darjeeling,"381, Chowrasta, Mall Road, Darjeeling, West Bengal 734101",,,4.7,734101,,Cottage,yes,,,,,https://hotelzz.in/property.html?id=tranquil-valley-stay-darjeeling-in06222
regal-view-resort-darjeeling-in06223,Regal View Resort Darjeeling,Darjeeling,darjeeling,"66, Observatory Hill Rd, Chowrasta, Darjeeling, West Bengal 734101",,,4.6,734101,,Cottage,yes,,,,,https://hotelzz.in/property.html?id=regal-view-resort-darjeeling-in06223
regal-pines-darjeeling-in06224,Regal Pines Darjeeling,Darjeeling,darjeeling,"2, Lebong, Chowrasta, Darjeeling, West Bengal 734101",,,4.8,734101,,Cottage,yes,,,,,https://hotelzz.in/property.html?id=regal-pines-darjeeling-in06224
serene-valley-stay-darjeeling-in06225,Serene Valley Stay Darjeeling,Darjeeling,darjeeling,"75, Ghoom, Jalapahar, Darjeeling, West Bengal 734101",,,4.1,734101,,Cottage,yes,,,,,https://hotelzz.in/property.html?id=serene-valley-stay-darjeeling-in06225
hotel-whispering-darjeeling-in06226,Hotel Whispering Darjeeling,Darjeeling,darjeeling,"189, Chowrasta, Mall Road, Darjeeling, West Bengal 734101",,,4.4,734101,,Cottage,yes,,,,,https://hotelzz.in/property.html?id=hotel-whispering-darjeeling-in06226
saffron-pines-darjeeling-in06227,Saffron Pines Darjeeling,Darjeeling,darjeeling,"216, Chowrasta, Chowrasta, Darjeeling, West Bengal 734101",,,4.4,734101,,Cottage,yes,,,,,https://hotelzz.in/property.html?id=saffron-pines-darjeeling-in06227
cosy-cottage-darjeeling-in06228,Cosy Cottage Darjeeling,Darjeeling,darjeeling,"570, Ghoom, near Tiger Hill, Darjeeling, West Bengal 734101",,,4.8,734101,,Cottage,yes,,,,,https://hotelzz.in/property.html?id=cosy-cottage-darjeeling-in06228
the-marigold-cabin-darjeeling-in06229,The Marigold Cabin Darjeeling,Darjeeling,darjeeling,"324, Mall Rd, Jalapahar, Darjeeling, West Bengal 734101",,,4.4,734101,,Cottage,yes,,,,,https://hotelzz.in/property.html?id=the-marigold-cabin-darjeeling-in06229
the-crown-cabin-darjeeling-in06230,The Crown Cabin Darjeeling,Darjeeling,darjeeling,"344, Singamari, near Tiger Hill, Darjeeling, West Bengal 734101",,,4.1,734101,,Cottage,yes,,,,,https://hotelzz.in/property.html?id=the-crown-cabin-darjeeling-in06230
heritage-valley-stay-darjeeling-in06231,Heritage Valley Stay Darjeeling,Darjeeling,darjeeling,"593, Singamari, near Tiger Hill, Darjeeling, West Bengal 734101",,,4.3,734101,,Cottage,yes,,,,,https://hotelzz.in/property.html?id=heritage-valley-stay-darjeeling-in06231
himalayan-alpine-darjeeling-in06232,Himalayan Alpine Darjeeling,Darjeeling,darjeeling,"45, Observatory Hill Rd, Ghoom, Darjeeling, West Bengal 734101",,,4.0,734101,,Cottage,yes,,,,,https://hotelzz.in/property.html?id=himalayan-alpine-darjeeling-in06232
velvet-cottage-darjeeling-in06233,Velvet Cottage Darjeeling,Darjeeling,darjeeling,"397, Ghoom, Ghoom, Darjeeling, West Bengal 734101",,,4.6,734101,,Cottage,yes,,,,,https://hotelzz.in/property.html?id=velvet-cottage-darjeeling-in06233
aspen-cottage-darjeeling-in06234,Aspen Cottage Darjeeling,Darjeeling,darjeeling,"484, Singamari, near Tiger Hill, Darjeeling, West Bengal 734101",,,4.6,734101,,Cottage,yes,,,,,https://hotelzz.in/property.html?id=aspen-cottage-darjeeling-in06234
the-wooden-cabin-darjeeling-in06235,The Wooden Cabin Darjeeling,Darjeeling,darjeeling,"234, Ghoom, Ghoom, Darjeeling, West Bengal 734101",,,4.6,734101,,Cottage,yes,,,,,https://hotelzz.in/property.html?id=the-wooden-cabin-darjeeling-in06235
marigold-hideaway-darjeeling-in06236,Marigold Hideaway Darjeeling,Darjeeling,darjeeling,"532, Lebong, Mall Road, Darjeeling, West Bengal 734101",,,4.8,734101,,Cottage,yes,,,,,https://hotelzz.in/property.html?id=marigold-hideaway-darjeeling-in06236
sunrise-pines-darjeeling-in06237,Sunrise Pines Darjeeling,Darjeeling,darjeeling,"230, Jalapahar, Mall Road, Darjeeling, West Bengal 734101",,,4.6,734101,,Cottage,yes,,,,,https://hotelzz.in/property.html?id=sunrise-pines-darjeeling-in06237
velvet-hideaway-darjeeling-in06238,Velvet Hideaway Darjeeling,Darjeeling,darjeeling,"11, Observatory Hill Rd, Mall Road, Darjeeling, West Bengal 734101",,,4.8,734101,,Cottage,yes,,,,,https://hotelzz.in/property.html?id=velvet-hideaway-darjeeling-in06238
emerald-cottage-darjeeling-in06239,Emerald Cottage Darjeeling,Darjeeling,darjeeling,"472, Chowrasta, Jalapahar, Darjeeling, West Bengal 734101",,,4.6,734101,,Cottage,yes,,,,,https://hotelzz.in/property.html?id=emerald-cottage-darjeeling-in06239
vintage-pines-darjeeling-in06240,Vintage Pines Darjeeling,Darjeeling,darjeeling,"334, Singamari, near Tiger Hill, Darjeeling, West Bengal 734101",,,4.4,734101,,Cottage,yes,,,,,https://hotelzz.in/property.html?id=vintage-pines-darjeeling-in06240
pine-wayanad-lodge-in06241,Pine Wayanad Lodge,Wayanad,wayanad,"267, Lakkidi, Lakkidi, Wayanad, Kerala 673596",,,4.4,673596,,Cottage,yes,,,,,https://hotelzz.in/property.html?id=pine-wayanad-lodge-in06241
aurora-pines-wayanad-in06242,Aurora Pines Wayanad,Wayanad,wayanad,"147, Sulthan Bathery, Vythiri, Wayanad, Kerala 673596",,,4.7,673596,,Cottage,yes,,,,,https://hotelzz.in/property.html?id=aurora-pines-wayanad-in06242
misty-cottage-wayanad-in06243,Misty Cottage Wayanad,Wayanad,wayanad,"193, Mananthavady, Kalpetta, Wayanad, Kerala 673575",,,4.0,673575,,Cottage,yes,,,,,https://hotelzz.in/property.html?id=misty-cottage-wayanad-in06243
snowline-wayanad-cottage-in06244,Snowline Wayanad Cottage,Wayanad,wayanad,"48, Meppadi, Meppadi, Wayanad, Kerala 673121",,,4.8,673121,,Cottage,yes,,,,,https://hotelzz.in/property.html?id=snowline-wayanad-cottage-in06244
wayanad-hills-resort-in06245,Wayanad Hills Resort,Wayanad,wayanad,"576, Meppadi, Sulthan Bathery, Wayanad, Kerala 673121",,,4.3,673121,,Cottage,yes,,,,,https://hotelzz.in/property.html?id=wayanad-hills-resort-in06245
himalayan-aspen-wayanad-in06246,Himalayan Aspen Wayanad,Wayanad,wayanad,"197, Sulthan Bathery, Vythiri, Wayanad, Kerala 673575",,,4.8,673575,,Cottage,yes,,,,,https://hotelzz.in/property.html?id=himalayan-aspen-wayanad-in06246
serene-pines-wayanad-in06247,Serene Pines Wayanad,Wayanad,wayanad,"558, Meppadi, Vythiri, Wayanad, Kerala 673121",,,4.8,673121,,Cottage,yes,,,,,https://hotelzz.in/property.html?id=serene-pines-wayanad-in06247
wayanad-mountain-inn-in06248,Wayanad Mountain Inn,Wayanad,wayanad,"563, Lakkidi, Sulthan Bathery, Wayanad, Kerala 673596",,,4.5,673596,,Cottage,yes,,,,,https://hotelzz.in/property.html?id=wayanad-mountain-inn-in06248
regal-valley-stay-wayanad-in06249,Regal Valley Stay Wayanad,Wayanad,wayanad,"348, Meppadi, Sulthan Bathery, Wayanad, Kerala 673596",,,4.6,673596,,Cottage,yes,,,,,https://hotelzz.in/property.html?id=regal-valley-stay-wayanad-in06249
cedar-wayanad-lodge-in06250,Cedar Wayanad Lodge,Wayanad,wayanad,"561, Sulthan Bathery, Sulthan Bathery, Wayanad, Kerala 673575",,,4.5,673575,,Cottage,yes,,,,,https://hotelzz.in/property.html?id=cedar-wayanad-lodge-in06250
sapphire-hideaway-wayanad-in06251,Sapphire Hideaway Wayanad,Wayanad,wayanad,"393, Vythiri, Kalpetta, Wayanad, Kerala 673596",,,4.3,673596,,Cottage,yes,,,,,https://hotelzz.in/property.html?id=sapphire-hideaway-wayanad-in06251
himalayan-indigo-wayanad-in06252,Himalayan Indigo Wayanad,Wayanad,wayanad,"546, Lakkidi, Kalpetta, Wayanad, Kerala 673575",,,4.6,673575,,Cottage,yes,,,,,https://hotelzz.in/property.html?id=himalayan-indigo-wayanad-in06252
the-crown-cabin-wayanad-in06253,The Crown Cabin Wayanad,Wayanad,wayanad,"146, Lakkidi, Kalpetta, Wayanad, Kerala 673575",,,4.0,673575,,Cottage,yes,,,,,https://hotelzz.in/property.html?id=the-crown-cabin-wayanad-in06253
the-wayanad-retreat-in06254,The Wayanad Retreat,Wayanad,wayanad,"108, Vythiri, Vythiri, Wayanad, Kerala 673575",,,4.7,673575,,Cottage,yes,,,,,https://hotelzz.in/property.html?id=the-wayanad-retreat-in06254
aurora-valley-stay-wayanad-in06255,Aurora Valley Stay Wayanad,Wayanad,wayanad,"46, Kalpetta, Meppadi, Wayanad, Kerala 673121",,,4.1,673121,,Cottage,yes,,,,,https://hotelzz.in/property.html?id=aurora-valley-stay-wayanad-in06255
velvet-pines-wayanad-in06256,Velvet Pines Wayanad,Wayanad,wayanad,"453, Sulthan Bathery, Kalpetta, Wayanad, Kerala 673121",,,4.3,673121,,Cottage,yes,,,,,https://hotelzz.in/property.html?id=velvet-pines-wayanad-in06256
the-royal-cabin-wayanad-in06257,The Royal Cabin Wayanad,Wayanad,wayanad,"8, Mananthavady, Vythiri, Wayanad, Kerala 673596",,,4.6,673596,,Cottage,yes,,,,,https://hotelzz.in/property.html?id=the-royal-cabin-wayanad-in06257
the-regal-cabin-wayanad-in06258,The Regal Cabin Wayanad,Wayanad,wayanad,"160, Meppadi, Lakkidi, Wayanad, Kerala 673121",,,4.4,673121,,Cottage,yes,,,,,https://hotelzz.in/property.html?id=the-regal-cabin-wayanad-in06258
apple-orchard-wayanad-in06259,Apple Orchard Wayanad,Wayanad,wayanad,"586, Sulthan Bathery, Vythiri, Wayanad, Kerala 673575",,,4.9,673575,,Cottage,yes,,,,,https://hotelzz.in/property.html?id=apple-orchard-wayanad-in06259
marigold-view-resort-wayanad-in06260,Marigold View Resort Wayanad,Wayanad,wayanad,"35, Meppadi, Kalpetta, Wayanad, Kerala 673596",,,4.5,673596,,Cottage,yes,,,,,https://hotelzz.in/property.html?id=marigold-view-resort-wayanad-in06260
wood-house-wayanad-in06261,Wood House Wayanad,Wayanad,wayanad,"347, Vythiri, Sulthan Bathery, Wayanad, Kerala 673596",,,4.6,673596,,Cottage,yes,,,,,https://hotelzz.in/property.html?id=wood-house-wayanad-in06261
orchid-cottage-wayanad-in06262,Orchid Cottage Wayanad,Wayanad,wayanad,"590, Meppadi, Kalpetta, Wayanad, Kerala 673596",,,4.4,673596,,Cottage,yes,,,,,https://hotelzz.in/property.html?id=orchid-cottage-wayanad-in06262
the-sapphire-cabin-wayanad-in06263,The Sapphire Cabin Wayanad,Wayanad,wayanad,"132, Vythiri, Kalpetta, Wayanad, Kerala 673596",,,4.2,673596,,Cottage,yes,,,,,https://hotelzz.in/property.html?id=the-sapphire-cabin-wayanad-in06263
pearl-hideaway-wayanad-in06264,Pearl Hideaway Wayanad,Wayanad,wayanad,"308, Vythiri, Vythiri, Wayanad, Kerala 673596",,,4.7,673596,,Cottage,yes,,,,,https://hotelzz.in/property.html?id=pearl-hideaway-wayanad-in06264
the-crystal-cabin-wayanad-in06265,The Crystal Cabin Wayanad,Wayanad,wayanad,"498, Vythiri, Sulthan Bathery, Wayanad, Kerala 673596",,,4.4,673596,,Cottage,yes,,,,,https://hotelzz.in/property.html?id=the-crystal-cabin-wayanad-in06265
alpine-cottage-wayanad-in06266,Alpine Cottage Wayanad,Wayanad,wayanad,"222, Vythiri, Meppadi, Wayanad, Kerala 673596",,,4.3,673596,,Cottage,yes,,,,,https://hotelzz.in/property.html?id=alpine-cottage-wayanad-in06266
maple-hideaway-wayanad-in06267,Maple Hideaway Wayanad,Wayanad,wayanad,"189, Lakkidi, Vythiri, Wayanad, Kerala 673121",,,4.3,673121,,Cottage,yes,,,,,https://hotelzz.in/property.html?id=maple-hideaway-wayanad-in06267
vintage-view-resort-wayanad-in06268,Vintage View Resort Wayanad,Wayanad,wayanad,"91, Sulthan Bathery, Kalpetta, Wayanad, Kerala 673575",,,4.7,673575,,Cottage,yes,,,,,https://hotelzz.in/property.html?id=vintage-view-resort-wayanad-in06268
imperial-cottage-wayanad-in06269,Imperial Cottage Wayanad,Wayanad,wayanad,"499, Vythiri, Vythiri, Wayanad, Kerala 673575",,,4.1,673575,,Cottage,yes,,,,,https://hotelzz.in/property.html?id=imperial-cottage-wayanad-in06269
aria-view-resort-wayanad-in06270,Aria View Resort Wayanad,Wayanad,wayanad,"187, Mananthavady, Vythiri, Wayanad, Kerala 673575",,,4.5,673575,,Cottage,yes,,,,,https://hotelzz.in/property.html?id=aria-view-resort-wayanad-in06270
hotel-wooden-wayanad-in06271,Hotel Wooden Wayanad,Wayanad,wayanad,"65, Sulthan Bathery, Kalpetta, Wayanad, Kerala 673121",,,4.0,673121,,Cottage,yes,,,,,https://hotelzz.in/property.html?id=hotel-wooden-wayanad-in06271
tranquil-view-resort-wayanad-in06272,Tranquil View Resort Wayanad,Wayanad,wayanad,"209, Vythiri, Meppadi, Wayanad, Kerala 673121",,,4.1,673121,,Cottage,yes,,,,,https://hotelzz.in/property.html?id=tranquil-view-resort-wayanad-in06272
aurora-cottage-wayanad-in06273,Aurora Cottage Wayanad,Wayanad,wayanad,"41, Meppadi, Vythiri, Wayanad, Kerala 673121",,,4.5,673121,,Cottage,yes,,,,,https://hotelzz.in/property.html?id=aurora-cottage-wayanad-in06273
hotel-regal-wayanad-in06274,Hotel Regal Wayanad,Wayanad,wayanad,"186, Vythiri, Kalpetta, Wayanad, Kerala 673596",,,4.2,673596,,Cottage,yes,,,,,https://hotelzz.in/property.html?id=hotel-regal-wayanad-in06274
whispering-cottage-wayanad-in06275,Whispering Cottage Wayanad,Wayanad,wayanad,"373, Vythiri, Vythiri, Wayanad, Kerala 673596",,,4.5,673596,,Cottage,yes,,,,,https://hotelzz.in/property.html?id=whispering-cottage-wayanad-in06275
velvet-hideaway-wayanad-in06276,Velvet Hideaway Wayanad,Wayanad,wayanad,"217, Lakkidi, Lakkidi, Wayanad, Kerala 673121",,,4.4,673121,,Cottage,yes,,,,,https://hotelzz.in/property.html?id=velvet-hideaway-wayanad-in06276
imperial-hideaway-wayanad-in06277,Imperial Hideaway Wayanad,Wayanad,wayanad,"136, Sulthan Bathery, Vythiri, Wayanad, Kerala 673121",,,4.4,673121,,Cottage,yes,,,,,https://hotelzz.in/property.html?id=imperial-hideaway-wayanad-in06277
himalayan-sapphire-wayanad-in06278,Himalayan Sapphire Wayanad,Wayanad,wayanad,"334, Lakkidi, Kalpetta, Wayanad, Kerala 673121",,,4.1,673121,,Cottage,yes,,,,,https://hotelzz.in/property.html?id=himalayan-sapphire-wayanad-in06278
the-cosy-cabin-wayanad-in06279,The Cosy Cabin Wayanad,Wayanad,wayanad,"242, Mananthavady, Sulthan Bathery, Wayanad, Kerala 673575",,,4.7,673575,,Cottage,yes,,,,,https://hotelzz.in/property.html?id=the-cosy-cabin-wayanad-in06279
alpine-hideaway-wayanad-in06280,Alpine Hideaway Wayanad,Wayanad,wayanad,"394, Meppadi, Kalpetta, Wayanad, Kerala 673596",,,4.3,673596,,Cottage,yes,,,,,https://hotelzz.in/property.html?id=alpine-hideaway-wayanad-in06280
imperial-view-resort-wayanad-in06281,Imperial View Resort Wayanad,Wayanad,wayanad,"469, Kalpetta, Meppadi, Wayanad, Kerala 673121",,,4.7,673121,,Cottage,yes,,,,,https://hotelzz.in/property.html?id=imperial-view-resort-wayanad-in06281
crown-hideaway-wayanad-in06282,Crown Hideaway Wayanad,Wayanad,wayanad,"276, Kalpetta, Vythiri, Wayanad, Kerala 673596",,,4.3,673596,,Cottage,yes,,,,,https://hotelzz.in/property.html?id=crown-hideaway-wayanad-in06282
azure-view-resort-wayanad-in06283,Azure View Resort Wayanad,Wayanad,wayanad,"428, Kalpetta, Sulthan Bathery, Wayanad, Kerala 673596",,,4.1,673596,,Cottage,yes,,,,,https://hotelzz.in/property.html?id=azure-view-resort-wayanad-in06283
himalayan-serene-wayanad-in06284,Himalayan Serene Wayanad,Wayanad,wayanad,"131, Meppadi, Kalpetta, Wayanad, Kerala 673596",,,4.7,673596,,Cottage,yes,,,,,https://hotelzz.in/property.html?id=himalayan-serene-wayanad-in06284
hotel-cosy-wayanad-in06285,Hotel Cosy Wayanad,Wayanad,wayanad,"454, Lakkidi, Lakkidi, Wayanad, Kerala 673596",,,4.3,673596,,Cottage,yes,,,,,https://hotelzz.in/property.html?id=hotel-cosy-wayanad-in06285
himalayan-saffron-wayanad-in06286,Himalayan Saffron Wayanad,Wayanad,wayanad,"123, Lakkidi, Meppadi, Wayanad, Kerala 673121",,,4.1,673121,,Cottage,yes,,,,,https://hotelzz.in/property.html?id=himalayan-saffron-wayanad-in06286
the-misty-cabin-wayanad-in06287,The Misty Cabin Wayanad,Wayanad,wayanad,"70, Meppadi, Sulthan Bathery, Wayanad, Kerala 673575",,,4.8,673575,,Cottage,yes,,,,,https://hotelzz.in/property.html?id=the-misty-cabin-wayanad-in06287
maple-valley-stay-wayanad-in06288,Maple Valley Stay Wayanad,Wayanad,wayanad,"531, Vythiri, Vythiri, Wayanad, Kerala 673121",,,4.7,673121,,Cottage,yes,,,,,https://hotelzz.in/property.html?id=maple-valley-stay-wayanad-in06288
tranquil-cottage-wayanad-in06289,Tranquil Cottage Wayanad,Wayanad,wayanad,"147, Meppadi, Sulthan Bathery, Wayanad, Kerala 673121",,,4.6,673121,,Cottage,yes,,,,,https://hotelzz.in/property.html?id=tranquil-cottage-wayanad-in06289
aspen-cottage-wayanad-in06290,Aspen Cottage Wayanad,Wayanad,wayanad,"286, Meppadi, Meppadi, Wayanad, Kerala 673575",,,4.0,673575,,Cottage,yes,,,,,https://hotelzz.in/property.html?id=aspen-cottage-wayanad-in06290
whispering-view-resort-wayanad-in06291,Whispering View Resort Wayanad,Wayanad,wayanad,"2, Sulthan Bathery, Vythiri, Wayanad, Kerala 673575",,,4.6,673575,,Cottage,yes,,,,,https://hotelzz.in/property.html?id=whispering-view-resort-wayanad-in06291
hotel-heritage-wayanad-in06292,Hotel Heritage Wayanad,Wayanad,wayanad,"6, Sulthan Bathery, Lakkidi, Wayanad, Kerala 673596",,,4.0,673596,,Cottage,yes,,,,,https://hotelzz.in/property.html?id=hotel-heritage-wayanad-in06292
highland-pines-wayanad-in06293,Highland Pines Wayanad,Wayanad,wayanad,"573, Mananthavady, Vythiri, Wayanad, Kerala 673596",,,4.5,673596,,Cottage,yes,,,,,https://hotelzz.in/property.html?id=highland-pines-wayanad-in06293
wooden-cottage-wayanad-in06294,Wooden Cottage Wayanad,Wayanad,wayanad,"390, Mananthavady, Lakkidi, Wayanad, Kerala 673575",,,4.3,673575,,Cottage,yes,,,,,https://hotelzz.in/property.html?id=wooden-cottage-wayanad-in06294
hotel-pearl-wayanad-in06295,Hotel Pearl Wayanad,Wayanad,wayanad,"482, Vythiri, Sulthan Bathery, Wayanad, Kerala 673596",,,4.6,673596,,Cottage,yes,,,,,https://hotelzz.in/property.html?id=hotel-pearl-wayanad-in06295
crystal-hideaway-wayanad-in06296,Crystal Hideaway Wayanad,Wayanad,wayanad,"58, Kalpetta, Meppadi, Wayanad, Kerala 673596",,,4.0,673596,,Cottage,yes,,,,,https://hotelzz.in/property.html?id=crystal-hideaway-wayanad-in06296
the-tranquil-cabin-wayanad-in06297,The Tranquil Cabin Wayanad,Wayanad,wayanad,"172, Vythiri, Vythiri, Wayanad, Kerala 673121",,,4.5,673121,,Cottage,yes,,,,,https://hotelzz.in/property.html?id=the-tranquil-cabin-wayanad-in06297
himalayan-regal-wayanad-in06298,Himalayan Regal Wayanad,Wayanad,wayanad,"51, Vythiri, Sulthan Bathery, Wayanad, Kerala 673575",,,4.3,673575,,Cottage,yes,,,,,https://hotelzz.in/property.html?id=himalayan-regal-wayanad-in06298
serene-cottage-wayanad-in06299,Serene Cottage Wayanad,Wayanad,wayanad,"216, Vythiri, Kalpetta, Wayanad, Kerala 673121",,,4.6,673121,,Cottage,yes,,,,,https://hotelzz.in/property.html?id=serene-cottage-wayanad-in06299
misty-valley-stay-wayanad-in06300,Misty Valley Stay Wayanad,Wayanad,wayanad,"286, Sulthan Bathery, Meppadi, Wayanad, Kerala 673596",,,4.2,673596,,Cottage,yes,,,,,https://hotelzz.in/property.html?id=misty-valley-stay-wayanad-in06300
silver-pines-wayanad-in06301,Silver Pines Wayanad,Wayanad,wayanad,"54, Kalpetta, Meppadi, Wayanad, Kerala 673575",,,4.2,673575,,Cottage,yes,,,,,https://hotelzz.in/property.html?id=silver-pines-wayanad-in06301
highland-cottage-wayanad-in06302,Highland Cottage Wayanad,Wayanad,wayanad,"247, Vythiri, Kalpetta, Wayanad, Kerala 673121",,,4.8,673121,,Cottage,yes,,,,,https://hotelzz.in/property.html?id=highland-cottage-wayanad-in06302
indigo-pines-wayanad-in06303,Indigo Pines Wayanad,Wayanad,wayanad,"268, Kalpetta, Sulthan Bathery, Wayanad, Kerala 673121",,,4.0,673121,,Cottage,yes,,,,,https://hotelzz.in/property.html?id=indigo-pines-wayanad-in06303
hotel-royal-wayanad-in06304,Hotel Royal Wayanad,Wayanad,wayanad,"305, Sulthan Bathery, Meppadi, Wayanad, Kerala 673121",,,4.3,673121,,Cottage,yes,,,,,https://hotelzz.in/property.html?id=hotel-royal-wayanad-in06304
sunrise-cottage-wayanad-in06305,Sunrise Cottage Wayanad,Wayanad,wayanad,"467, Mananthavady, Kalpetta, Wayanad, Kerala 673575",,,4.1,673575,,Cottage,yes,,,,,https://hotelzz.in/property.html?id=sunrise-cottage-wayanad-in06305
himalayan-heritage-wayanad-in06306,Himalayan Heritage Wayanad,Wayanad,wayanad,"75, Kalpetta, Vythiri, Wayanad, Kerala 673596",,,4.0,673596,,Cottage,yes,,,,,https://hotelzz.in/property.html?id=himalayan-heritage-wayanad-in06306
the-sunrise-cabin-wayanad-in06307,The Sunrise Cabin Wayanad,Wayanad,wayanad,"10, Vythiri, Sulthan Bathery, Wayanad, Kerala 673121",,,4.0,673121,,Cottage,yes,,,,,https://hotelzz.in/property.html?id=the-sunrise-cabin-wayanad-in06307
maple-pines-wayanad-in06308,Maple Pines Wayanad,Wayanad,wayanad,"569, Meppadi, Sulthan Bathery, Wayanad, Kerala 673121",,,4.2,673121,,Cottage,yes,,,,,https://hotelzz.in/property.html?id=maple-pines-wayanad-in06308
pearl-view-resort-wayanad-in06309,Pearl View Resort Wayanad,Wayanad,wayanad,"11, Kalpetta, Sulthan Bathery, Wayanad, Kerala 673575",,,4.7,673575,,Cottage,yes,,,,,https://hotelzz.in/property.html?id=pearl-view-resort-wayanad-in06309
cosy-pines-wayanad-in06310,Cosy Pines Wayanad,Wayanad,wayanad,"110, Lakkidi, Sulthan Bathery, Wayanad, Kerala 673596",,,4.7,673596,,Cottage,yes,,,,,https://hotelzz.in/property.html?id=cosy-pines-wayanad-in06310
port-blair-seaside-villa-in06311,Port Blair Seaside Villa,Port Blair,port-blair,"382, Haddo, Phoenix Bay, Port Blair, Andaman 744101",,,4.4,744101,,Resort,yes,,,,,https://hotelzz.in/property.html?id=port-blair-seaside-villa-in06311
sun-amp-sand-port-blair-in06312,Sun &amp; Sand Port Blair,Port Blair,port-blair,"587, Phoenix Bay, near Corbyn's Cove, Port Blair, Andaman 744101",,,4.7,744101,,Resort,yes,,,,,https://hotelzz.in/property.html?id=sun-amp-sand-port-blair-in06312
coral-port-blair-resort-in06313,Coral Port Blair Resort,Port Blair,port-blair,"102, Aberdeen Bazaar, Marine Hill, Port Blair, Andaman 744103",,,4.2,744103,,Resort,yes,,,,,https://hotelzz.in/property.html?id=coral-port-blair-resort-in06313
misty-bay-stay-port-blair-in06314,Misty Bay Stay Port Blair,Port Blair,port-blair,"170, Marine Hill, Marine Hill, Port Blair, Andaman 744102",,,4.6,744102,,Resort,yes,,,,,https://hotelzz.in/property.html?id=misty-bay-stay-port-blair-in06314
hotel-port-blair-coastal-in06315,Hotel Port Blair Coastal,Port Blair,port-blair,"271, Marine Hill, Aberdeen Bazaar, Port Blair, Andaman 744103",,,4.0,744103,,Resort,yes,,,,,https://hotelzz.in/property.html?id=hotel-port-blair-coastal-in06315
sunset-port-blair-inn-in06316,Sunset Port Blair Inn,Port Blair,port-blair,"385, Marine Hill, Aberdeen Bazaar, Port Blair, Andaman 744101",,,4.4,744101,,Resort,yes,,,,,https://hotelzz.in/property.html?id=sunset-port-blair-inn-in06316
hotel-port-blair-marina-in06317,Hotel Port Blair Marina,Port Blair,port-blair,"20, Haddo, Aberdeen Bazaar, Port Blair, Andaman 744102",,,4.8,744102,,Resort,yes,,,,,https://hotelzz.in/property.html?id=hotel-port-blair-marina-in06317
pearl-port-blair-cottage-in06318,Pearl Port Blair Cottage,Port Blair,port-blair,"337, Junglighat, Phoenix Bay, Port Blair, Andaman 744101",,,4.6,744101,,Resort,yes,,,,,https://hotelzz.in/property.html?id=pearl-port-blair-cottage-in06318
driftwood-port-blair-stay-in06319,Driftwood Port Blair Stay,Port Blair,port-blair,"558, Marine Hill, Aberdeen Bazaar, Port Blair, Andaman 744101",,,4.6,744101,,Resort,yes,,,,,https://hotelzz.in/property.html?id=driftwood-port-blair-stay-in06319
wooden-cove-port-blair-in06320,Wooden Cove Port Blair,Port Blair,port-blair,"467, Corbyn's Cove, Aberdeen Bazaar, Port Blair, Andaman 744101",,,4.9,744101,,Resort,yes,,,,,https://hotelzz.in/property.html?id=wooden-cove-port-blair-in06320
hotel-ocean-wooden-port-blair-in06321,Hotel Ocean Wooden Port Blair,Port Blair,port-blair,"197, Marine Hill, Phoenix Bay, Port Blair, Andaman 744101",,,4.2,744101,,Resort,yes,,,,,https://hotelzz.in/property.html?id=hotel-ocean-wooden-port-blair-in06321
crystal-beach-resort-port-blair-in06322,Crystal Beach Resort Port Blair,Port Blair,port-blair,"286, Corbyn's Cove, Marine Hill, Port Blair, Andaman 744103",,,4.6,744103,,Resort,yes,,,,,https://hotelzz.in/property.html?id=crystal-beach-resort-port-blair-in06322
highland-cove-port-blair-in06323,Highland Cove Port Blair,Port Blair,port-blair,"535, Haddo, Aberdeen Bazaar, Port Blair, Andaman 744103",,,4.4,744103,,Resort,yes,,,,,https://hotelzz.in/property.html?id=highland-cove-port-blair-in06323
highland-beach-resort-port-blair-in06324,Highland Beach Resort Port Blair,Port Blair,port-blair,"357, Phoenix Bay, Phoenix Bay, Port Blair, Andaman 744102",,,4.0,744102,,Resort,yes,,,,,https://hotelzz.in/property.html?id=highland-beach-resort-port-blair-in06324
heritage-bay-stay-port-blair-in06325,Heritage Bay Stay Port Blair,Port Blair,port-blair,"189, Aberdeen Bazaar, Phoenix Bay, Port Blair, Andaman 744101",,,4.1,744101,,Resort,yes,,,,,https://hotelzz.in/property.html?id=heritage-bay-stay-port-blair-in06325
saffron-beach-resort-port-blair-in06326,Saffron Beach Resort Port Blair,Port Blair,port-blair,"509, Junglighat, near Corbyn's Cove, Port Blair, Andaman 744103",,,4.8,744103,,Resort,yes,,,,,https://hotelzz.in/property.html?id=saffron-beach-resort-port-blair-in06326
hotel-ocean-azure-port-blair-in06327,Hotel Ocean Azure Port Blair,Port Blair,port-blair,"240, Phoenix Bay, Aberdeen Bazaar, Port Blair, Andaman 744102",,,4.9,744102,,Resort,yes,,,,,https://hotelzz.in/property.html?id=hotel-ocean-azure-port-blair-in06327
alpine-cove-port-blair-in06328,Alpine Cove Port Blair,Port Blair,port-blair,"118, Corbyn's Cove, Aberdeen Bazaar, Port Blair, Andaman 744102",,,4.5,744102,,Resort,yes,,,,,https://hotelzz.in/property.html?id=alpine-cove-port-blair-in06328
azure-beach-resort-port-blair-in06329,Azure Beach Resort Port Blair,Port Blair,port-blair,"14, Aberdeen Bazaar, Aberdeen Bazaar, Port Blair, Andaman 744101",,,4.4,744101,,Resort,yes,,,,,https://hotelzz.in/property.html?id=azure-beach-resort-port-blair-in06329
hotel-ocean-orchid-port-blair-in06330,Hotel Ocean Orchid Port Blair,Port Blair,port-blair,"547, Haddo, Aberdeen Bazaar, Port Blair, Andaman 744101",,,4.6,744101,,Resort,yes,,,,,https://hotelzz.in/property.html?id=hotel-ocean-orchid-port-blair-in06330
aurora-bay-stay-port-blair-in06331,Aurora Bay Stay Port Blair,Port Blair,port-blair,"359, Aberdeen Bazaar, Aberdeen Bazaar, Port Blair, Andaman 744101",,,4.4,744101,,Resort,yes,,,,,https://hotelzz.in/property.html?id=aurora-bay-stay-port-blair-in06331
hotel-ocean-pearl-port-blair-in06332,Hotel Ocean Pearl Port Blair,Port Blair,port-blair,"543, Haddo, near Corbyn's Cove, Port Blair, Andaman 744102",,,4.6,744102,,Resort,yes,,,,,https://hotelzz.in/property.html?id=hotel-ocean-pearl-port-blair-in06332
hotel-ocean-whispering-port-blair-in06333,Hotel Ocean Whispering Port Blair,Port Blair,port-blair,"592, Haddo, Phoenix Bay, Port Blair, Andaman 744101",,,4.2,744101,,Resort,yes,,,,,https://hotelzz.in/property.html?id=hotel-ocean-whispering-port-blair-in06333
aria-beach-resort-port-blair-in06334,Aria Beach Resort Port Blair,Port Blair,port-blair,"524, Haddo, Phoenix Bay, Port Blair, Andaman 744103",,,4.8,744103,,Resort,yes,,,,,https://hotelzz.in/property.html?id=aria-beach-resort-port-blair-in06334
the-aria-shore-port-blair-in06335,The Aria Shore Port Blair,Port Blair,port-blair,"351, Marine Hill, Aberdeen Bazaar, Port Blair, Andaman 744102",,,4.3,744102,,Resort,yes,,,,,https://hotelzz.in/property.html?id=the-aria-shore-port-blair-in06335
emerald-cove-port-blair-in06336,Emerald Cove Port Blair,Port Blair,port-blair,"315, Marine Hill, near Corbyn's Cove, Port Blair, Andaman 744101",,,4.4,744101,,Resort,yes,,,,,https://hotelzz.in/property.html?id=emerald-cove-port-blair-in06336
ocean-beach-resort-port-blair-in06337,Ocean Beach Resort Port Blair,Port Blair,port-blair,"317, Corbyn's Cove, near Corbyn's Cove, Port Blair, Andaman 744102",,,4.7,744102,,Resort,yes,,,,,https://hotelzz.in/property.html?id=ocean-beach-resort-port-blair-in06337
whispering-cove-port-blair-in06338,Whispering Cove Port Blair,Port Blair,port-blair,"473, Marine Hill, near Corbyn's Cove, Port Blair, Andaman 744103",,,4.6,744103,,Resort,yes,,,,,https://hotelzz.in/property.html?id=whispering-cove-port-blair-in06338
hotel-port-blair-coastal-29-in06339,Hotel Port Blair Coastal 29,Port Blair,port-blair,"349, Aberdeen Bazaar, Aberdeen Bazaar, Port Blair, Andaman 744103",,,4.6,744103,,Resort,yes,,,,,https://hotelzz.in/property.html?id=hotel-port-blair-coastal-29-in06339
the-crown-shore-port-blair-in06340,The Crown Shore Port Blair,Port Blair,port-blair,"525, Haddo, near Corbyn's Cove, Port Blair, Andaman 744102",,,4.2,744102,,Resort,yes,,,,,https://hotelzz.in/property.html?id=the-crown-shore-port-blair-in06340
sun-amp-sand-lakshadweep-in06341,Sun &amp; Sand Lakshadweep,Lakshadweep,lakshadweep,"153, Kavaratti, Kavaratti, Lakshadweep, Lakshadweep 682552",,,4.7,682552,,Resort,yes,,,,,https://hotelzz.in/property.html?id=sun-amp-sand-lakshadweep-in06341
hotel-ocean-silver-lakshadweep-in06342,Hotel Ocean Silver Lakshadweep,Lakshadweep,lakshadweep,"212, Minicoy, Bangaram Island, Lakshadweep, Lakshadweep 682553",,,4.7,682553,,Resort,yes,,,,,https://hotelzz.in/property.html?id=hotel-ocean-silver-lakshadweep-in06342
tranquil-bay-stay-lakshadweep-in06343,Tranquil Bay Stay Lakshadweep,Lakshadweep,lakshadweep,"560, Kalpeni, Minicoy, Lakshadweep, Lakshadweep 682557",,,4.9,682557,,Resort,yes,,,,,https://hotelzz.in/property.html?id=tranquil-bay-stay-lakshadweep-in06343
driftwood-lakshadweep-stay-in06344,Driftwood Lakshadweep Stay,Lakshadweep,lakshadweep,"24, Kavaratti, Agatti, Lakshadweep, Lakshadweep 682557",,,4.5,682557,,Resort,yes,,,,,https://hotelzz.in/property.html?id=driftwood-lakshadweep-stay-in06344
hotel-lakshadweep-coastal-in06345,Hotel Lakshadweep Coastal,Lakshadweep,lakshadweep,"517, Agatti, Agatti, Lakshadweep, Lakshadweep 682557",,,4.1,682557,,Resort,yes,,,,,https://hotelzz.in/property.html?id=hotel-lakshadweep-coastal-in06345
hotel-ocean-wooden-lakshadweep-in06346,Hotel Ocean Wooden Lakshadweep,Lakshadweep,lakshadweep,"18, Agatti, Bangaram Island, Lakshadweep, Lakshadweep 682552",,,4.8,682552,,Resort,yes,,,,,https://hotelzz.in/property.html?id=hotel-ocean-wooden-lakshadweep-in06346
hotel-lakshadweep-marina-in06347,Hotel Lakshadweep Marina,Lakshadweep,lakshadweep,"387, Kavaratti, Bangaram Island, Lakshadweep, Lakshadweep 682553",,,4.1,682553,,Resort,yes,,,,,https://hotelzz.in/property.html?id=hotel-lakshadweep-marina-in06347
the-aurora-shore-lakshadweep-in06348,The Aurora Shore Lakshadweep,Lakshadweep,lakshadweep,"132, Bangaram, Kadmat, Lakshadweep, Lakshadweep 682557",,,4.2,682557,,Resort,yes,,,,,https://hotelzz.in/property.html?id=the-aurora-shore-lakshadweep-in06348
hotel-ocean-crown-lakshadweep-in06349,Hotel Ocean Crown Lakshadweep,Lakshadweep,lakshadweep,"453, Bangaram, Kadmat, Lakshadweep, Lakshadweep 682552",,,4.4,682552,,Resort,yes,,,,,https://hotelzz.in/property.html?id=hotel-ocean-crown-lakshadweep-in06349
pearl-lakshadweep-cottage-in06350,Pearl Lakshadweep Cottage,Lakshadweep,lakshadweep,"213, Minicoy, Kavaratti, Lakshadweep, Lakshadweep 682557",,,4.8,682557,,Resort,yes,,,,,https://hotelzz.in/property.html?id=pearl-lakshadweep-cottage-in06350
crown-beach-resort-lakshadweep-in06351,Crown Beach Resort Lakshadweep,Lakshadweep,lakshadweep,"195, Minicoy, Minicoy, Lakshadweep, Lakshadweep 682557",,,4.2,682557,,Resort,yes,,,,,https://hotelzz.in/property.html?id=crown-beach-resort-lakshadweep-in06351
lakshadweep-seaside-villa-in06352,Lakshadweep Seaside Villa,Lakshadweep,lakshadweep,"279, Bangaram, Bangaram Island, Lakshadweep, Lakshadweep 682553",,,4.2,682553,,Resort,yes,,,,,https://hotelzz.in/property.html?id=lakshadweep-seaside-villa-in06352
aspen-beach-resort-lakshadweep-in06353,Aspen Beach Resort Lakshadweep,Lakshadweep,lakshadweep,"270, Minicoy, Bangaram Island, Lakshadweep, Lakshadweep 682553",,,4.1,682553,,Resort,yes,,,,,https://hotelzz.in/property.html?id=aspen-beach-resort-lakshadweep-in06353
wooden-beach-resort-lakshadweep-in06354,Wooden Beach Resort Lakshadweep,Lakshadweep,lakshadweep,"136, Kadmat, Kavaratti, Lakshadweep, Lakshadweep 682557",,,4.3,682557,,Resort,yes,,,,,https://hotelzz.in/property.html?id=wooden-beach-resort-lakshadweep-in06354
royal-bay-stay-lakshadweep-in06355,Royal Bay Stay Lakshadweep,Lakshadweep,lakshadweep,"246, Agatti, Kadmat, Lakshadweep, Lakshadweep 682552",,,4.6,682552,,Resort,yes,,,,,https://hotelzz.in/property.html?id=royal-bay-stay-lakshadweep-in06355
pearl-beach-resort-lakshadweep-in06356,Pearl Beach Resort Lakshadweep,Lakshadweep,lakshadweep,"385, Minicoy, Agatti, Lakshadweep, Lakshadweep 682557",,,4.5,682557,,Resort,yes,,,,,https://hotelzz.in/property.html?id=pearl-beach-resort-lakshadweep-in06356
the-highland-shore-lakshadweep-in06357,The Highland Shore Lakshadweep,Lakshadweep,lakshadweep,"298, Kadmat, Minicoy, Lakshadweep, Lakshadweep 682553",,,4.5,682553,,Resort,yes,,,,,https://hotelzz.in/property.html?id=the-highland-shore-lakshadweep-in06357
sunset-lakshadweep-inn-in06358,Sunset Lakshadweep Inn,Lakshadweep,lakshadweep,"455, Kadmat, Kadmat, Lakshadweep, Lakshadweep 682552",,,4.8,682552,,Resort,yes,,,,,https://hotelzz.in/property.html?id=sunset-lakshadweep-inn-in06358
sapphire-bay-stay-lakshadweep-in06359,Sapphire Bay Stay Lakshadweep,Lakshadweep,lakshadweep,"282, Agatti, Bangaram Island, Lakshadweep, Lakshadweep 682557",,,4.1,682557,,Resort,yes,,,,,https://hotelzz.in/property.html?id=sapphire-bay-stay-lakshadweep-in06359
whispering-beach-resort-lakshadweep-in06360,Whispering Beach Resort Lakshadweep,Lakshadweep,lakshadweep,"549, Kadmat, Kadmat, Lakshadweep, Lakshadweep 682557",,,4.3,682557,,Resort,yes,,,,,https://hotelzz.in/property.html?id=whispering-beach-resort-lakshadweep-in06360
coral-lakshadweep-resort-in06361,Coral Lakshadweep Resort,Lakshadweep,lakshadweep,"145, Kavaratti, Bangaram Island, Lakshadweep, Lakshadweep 682557",,,4.1,682557,,Resort,yes,,,,,https://hotelzz.in/property.html?id=coral-lakshadweep-resort-in06361
the-saffron-shore-lakshadweep-in06362,The Saffron Shore Lakshadweep,Lakshadweep,lakshadweep,"11, Kadmat, Kadmat, Lakshadweep, Lakshadweep 682553",,,4.7,682553,,Resort,yes,,,,,https://hotelzz.in/property.html?id=the-saffron-shore-lakshadweep-in06362
hotel-ocean-pearl-lakshadweep-in06363,Hotel Ocean Pearl Lakshadweep,Lakshadweep,lakshadweep,"182, Kadmat, Minicoy, Lakshadweep, Lakshadweep 682552",,,4.4,682552,,Resort,yes,,,,,https://hotelzz.in/property.html?id=hotel-ocean-pearl-lakshadweep-in06363
sunrise-beach-resort-lakshadweep-in06364,Sunrise Beach Resort Lakshadweep,Lakshadweep,lakshadweep,"385, Kadmat, Kavaratti, Lakshadweep, Lakshadweep 682552",,,4.5,682552,,Resort,yes,,,,,https://hotelzz.in/property.html?id=sunrise-beach-resort-lakshadweep-in06364
the-silver-shore-lakshadweep-in06365,The Silver Shore Lakshadweep,Lakshadweep,lakshadweep,"115, Minicoy, Minicoy, Lakshadweep, Lakshadweep 682557",,,4.8,682557,,Resort,yes,,,,,https://hotelzz.in/property.html?id=the-silver-shore-lakshadweep-in06365
hotel-ocean-azure-lakshadweep-in06366,Hotel Ocean Azure Lakshadweep,Lakshadweep,lakshadweep,"16, Kalpeni, Minicoy, Lakshadweep, Lakshadweep 682552",,,4.5,682552,,Resort,yes,,,,,https://hotelzz.in/property.html?id=hotel-ocean-azure-lakshadweep-in06366
indigo-cove-lakshadweep-in06367,Indigo Cove Lakshadweep,Lakshadweep,lakshadweep,"147, Minicoy, Agatti, Lakshadweep, Lakshadweep 682557",,,4.2,682557,,Resort,yes,,,,,https://hotelzz.in/property.html?id=indigo-cove-lakshadweep-in06367
the-regal-shore-lakshadweep-in06368,The Regal Shore Lakshadweep,Lakshadweep,lakshadweep,"172, Kavaratti, Kavaratti, Lakshadweep, Lakshadweep 682552",,,4.5,682552,,Resort,yes,,,,,https://hotelzz.in/property.html?id=the-regal-shore-lakshadweep-in06368
highland-beach-resort-lakshadweep-in06369,Highland Beach Resort Lakshadweep,Lakshadweep,lakshadweep,"576, Kadmat, Kadmat, Lakshadweep, Lakshadweep 682553",,,4.7,682553,,Resort,yes,,,,,https://hotelzz.in/property.html?id=highland-beach-resort-lakshadweep-in06369
silver-beach-resort-lakshadweep-in06370,Silver Beach Resort Lakshadweep,Lakshadweep,lakshadweep,"595, Kadmat, Agatti, Lakshadweep, Lakshadweep 682552",,,4.4,682552,,Resort,yes,,,,,https://hotelzz.in/property.html?id=silver-beach-resort-lakshadweep-in06370
marigold-valley-stay-auli-in06371,Marigold Valley Stay Auli,Auli,auli,"446, Cliff Top, Joshimath Road, Auli, Uttarakhand 246443",,,4.7,246443,,Cottage,yes,,,,,https://hotelzz.in/property.html?id=marigold-valley-stay-auli-in06371
auli-mountain-inn-in06372,Auli Mountain Inn,Auli,auli,"338, Joshimath Rd, Joshimath Road, Auli, Uttarakhand 246443",,,4.1,246443,,Cottage,yes,,,,,https://hotelzz.in/property.html?id=auli-mountain-inn-in06372
auli-hills-resort-in06373,Auli Hills Resort,Auli,auli,"204, GMVN, GMVN, Auli, Uttarakhand 246443",,,4.2,246443,,Cottage,yes,,,,,https://hotelzz.in/property.html?id=auli-hills-resort-in06373
the-auli-retreat-in06374,The Auli Retreat,Auli,auli,"332, GMVN, Joshimath Road, Auli, Uttarakhand 246443",,,4.3,246443,,Cottage,yes,,,,,https://hotelzz.in/property.html?id=the-auli-retreat-in06374
the-aurora-cabin-auli-in06375,The Aurora Cabin Auli,Auli,auli,"366, GMVN, near Ropeway, Auli, Uttarakhand 246443",,,4.4,246443,,Cottage,yes,,,,,https://hotelzz.in/property.html?id=the-aurora-cabin-auli-in06375
hotel-azure-auli-in06376,Hotel Azure Auli,Auli,auli,"465, Joshimath Rd, Joshimath Road, Auli, Uttarakhand 246443",,,4.6,246443,,Cottage,yes,,,,,https://hotelzz.in/property.html?id=hotel-azure-auli-in06376
cedar-auli-lodge-in06377,Cedar Auli Lodge,Auli,auli,"88, Top Station Rd, Joshimath Road, Auli, Uttarakhand 246443",,,4.7,246443,,Cottage,yes,,,,,https://hotelzz.in/property.html?id=cedar-auli-lodge-in06377
whispering-hideaway-auli-in06378,Whispering Hideaway Auli,Auli,auli,"197, Joshimath Rd, near Ropeway, Auli, Uttarakhand 246443",,,4.4,246443,,Cottage,yes,,,,,https://hotelzz.in/property.html?id=whispering-hideaway-auli-in06378
himalayan-misty-auli-in06379,Himalayan Misty Auli,Auli,auli,"73, Top Station Rd, Joshimath Road, Auli, Uttarakhand 246443",,,4.6,246443,,Cottage,yes,,,,,https://hotelzz.in/property.html?id=himalayan-misty-auli-in06379
himalayan-royal-auli-in06380,Himalayan Royal Auli,Auli,auli,"66, GMVN, Joshimath Road, Auli, Uttarakhand 246443",,,4.5,246443,,Cottage,yes,,,,,https://hotelzz.in/property.html?id=himalayan-royal-auli-in06380
hotel-royal-auli-in06381,Hotel Royal Auli,Auli,auli,"273, Cliff Top, near Ropeway, Auli, Uttarakhand 246443",,,4.4,246443,,Cottage,yes,,,,,https://hotelzz.in/property.html?id=hotel-royal-auli-in06381
misty-cottage-auli-in06382,Misty Cottage Auli,Auli,auli,"23, Top Station Rd, Joshimath Road, Auli, Uttarakhand 246443",,,4.5,246443,,Cottage,yes,,,,,https://hotelzz.in/property.html?id=misty-cottage-auli-in06382
aurora-cottage-auli-in06383,Aurora Cottage Auli,Auli,auli,"230, Cliff Top, Cliff Top, Auli, Uttarakhand 246443",,,4.2,246443,,Cottage,yes,,,,,https://hotelzz.in/property.html?id=aurora-cottage-auli-in06383
wood-house-auli-in06384,Wood House Auli,Auli,auli,"474, Joshimath Rd, Cliff Top, Auli, Uttarakhand 246443",,,4.6,246443,,Cottage,yes,,,,,https://hotelzz.in/property.html?id=wood-house-auli-in06384
the-vintage-cabin-auli-in06385,The Vintage Cabin Auli,Auli,auli,"545, GMVN, GMVN, Auli, Uttarakhand 246443",,,4.6,246443,,Cottage,yes,,,,,https://hotelzz.in/property.html?id=the-vintage-cabin-auli-in06385
heritage-valley-stay-auli-in06386,Heritage Valley Stay Auli,Auli,auli,"405, Joshimath Rd, Cliff Top, Auli, Uttarakhand 246443",,,4.6,246443,,Cottage,yes,,,,,https://hotelzz.in/property.html?id=heritage-valley-stay-auli-in06386
hotel-orchid-auli-in06387,Hotel Orchid Auli,Auli,auli,"48, GMVN, Cliff Top, Auli, Uttarakhand 246443",,,4.5,246443,,Cottage,yes,,,,,https://hotelzz.in/property.html?id=hotel-orchid-auli-in06387
snowline-auli-cottage-in06388,Snowline Auli Cottage,Auli,auli,"154, Top Station Rd, GMVN, Auli, Uttarakhand 246443",,,4.6,246443,,Cottage,yes,,,,,https://hotelzz.in/property.html?id=snowline-auli-cottage-in06388
aurora-view-resort-auli-in06389,Aurora View Resort Auli,Auli,auli,"329, GMVN, GMVN, Auli, Uttarakhand 246443",,,4.2,246443,,Cottage,yes,,,,,https://hotelzz.in/property.html?id=aurora-view-resort-auli-in06389
apple-orchard-auli-in06390,Apple Orchard Auli,Auli,auli,"24, Cliff Top, GMVN, Auli, Uttarakhand 246443",,,4.5,246443,,Cottage,yes,,,,,https://hotelzz.in/property.html?id=apple-orchard-auli-in06390
maple-hideaway-auli-in06391,Maple Hideaway Auli,Auli,auli,"564, Ropeway Rd, near Ropeway, Auli, Uttarakhand 246443",,,4.4,246443,,Cottage,yes,,,,,https://hotelzz.in/property.html?id=maple-hideaway-auli-in06391
pine-auli-lodge-in06392,Pine Auli Lodge,Auli,auli,"201, Top Station Rd, GMVN, Auli, Uttarakhand 246443",,,4.4,246443,,Cottage,yes,,,,,https://hotelzz.in/property.html?id=pine-auli-lodge-in06392
whispering-valley-stay-auli-in06393,Whispering Valley Stay Auli,Auli,auli,"442, Cliff Top, Joshimath Road, Auli, Uttarakhand 246443",,,4.2,246443,,Cottage,yes,,,,,https://hotelzz.in/property.html?id=whispering-valley-stay-auli-in06393
ocean-valley-stay-auli-in06394,Ocean Valley Stay Auli,Auli,auli,"26, Joshimath Rd, GMVN, Auli, Uttarakhand 246443",,,4.6,246443,,Cottage,yes,,,,,https://hotelzz.in/property.html?id=ocean-valley-stay-auli-in06394
whispering-view-resort-auli-in06395,Whispering View Resort Auli,Auli,auli,"140, GMVN, near Ropeway, Auli, Uttarakhand 246443",,,4.2,246443,,Cottage,yes,,,,,https://hotelzz.in/property.html?id=whispering-view-resort-auli-in06395
himalayan-aurora-auli-in06396,Himalayan Aurora Auli,Auli,auli,"316, GMVN, GMVN, Auli, Uttarakhand 246443",,,4.7,246443,,Cottage,yes,,,,,https://hotelzz.in/property.html?id=himalayan-aurora-auli-in06396
himalayan-alpine-auli-in06397,Himalayan Alpine Auli,Auli,auli,"220, Joshimath Rd, GMVN, Auli, Uttarakhand 246443",,,4.3,246443,,Cottage,yes,,,,,https://hotelzz.in/property.html?id=himalayan-alpine-auli-in06397
the-velvet-cabin-auli-in06398,The Velvet Cabin Auli,Auli,auli,"497, Ropeway Rd, Joshimath Road, Auli, Uttarakhand 246443",,,4.7,246443,,Cottage,yes,,,,,https://hotelzz.in/property.html?id=the-velvet-cabin-auli-in06398
royal-cottage-auli-in06399,Royal Cottage Auli,Auli,auli,"494, Top Station Rd, near Ropeway, Auli, Uttarakhand 246443",,,4.6,246443,,Cottage,yes,,,,,https://hotelzz.in/property.html?id=royal-cottage-auli-in06399
orchid-valley-stay-auli-in06400,Orchid Valley Stay Auli,Auli,auli,"312, Cliff Top, near Ropeway, Auli, Uttarakhand 246443",,,4.5,246443,,Cottage,yes,,,,,https://hotelzz.in/property.html?id=orchid-valley-stay-auli-in06400
velvet-valley-stay-ziro-in06401,Velvet Valley Stay Ziro,Ziro,ziro,"385, Hong Village, Apatani Plateau, Ziro, Arunachal Pradesh 791120",,,4.0,791120,,Cottage,yes,,,,,https://hotelzz.in/property.html?id=velvet-valley-stay-ziro-in06401
the-ziro-retreat-in06402,The Ziro Retreat,Ziro,ziro,"166, Apatani Plateau, Old Ziro, Ziro, Arunachal Pradesh 791120",,,4.8,791120,,Cottage,yes,,,,,https://hotelzz.in/property.html?id=the-ziro-retreat-in06402
hotel-cosy-ziro-in06403,Hotel Cosy Ziro,Ziro,ziro,"89, Hapoli, Apatani Plateau, Ziro, Arunachal Pradesh 791120",,,4.0,791120,,Cottage,yes,,,,,https://hotelzz.in/property.html?id=hotel-cosy-ziro-in06403
saffron-hideaway-ziro-in06404,Saffron Hideaway Ziro,Ziro,ziro,"463, Hapoli, Old Ziro, Ziro, Arunachal Pradesh 791120",,,4.5,791120,,Cottage,yes,,,,,https://hotelzz.in/property.html?id=saffron-hideaway-ziro-in06404
wood-house-ziro-in06405,Wood House Ziro,Ziro,ziro,"106, Apatani Plateau, Hapoli, Ziro, Arunachal Pradesh 791120",,,4.1,791120,,Cottage,yes,,,,,https://hotelzz.in/property.html?id=wood-house-ziro-in06405
aspen-valley-stay-ziro-in06406,Aspen Valley Stay Ziro,Ziro,ziro,"360, Apatani Plateau, Hong Village, Ziro, Arunachal Pradesh 791120",,,4.7,791120,,Cottage,yes,,,,,https://hotelzz.in/property.html?id=aspen-valley-stay-ziro-in06406
ziro-hills-resort-in06407,Ziro Hills Resort,Ziro,ziro,"478, Apatani Plateau, Hong Village, Ziro, Arunachal Pradesh 791120",,,4.2,791120,,Cottage,yes,,,,,https://hotelzz.in/property.html?id=ziro-hills-resort-in06407
emerald-hideaway-ziro-in06408,Emerald Hideaway Ziro,Ziro,ziro,"130, Hong Village, Hong Village, Ziro, Arunachal Pradesh 791120",,,4.8,791120,,Cottage,yes,,,,,https://hotelzz.in/property.html?id=emerald-hideaway-ziro-in06408
marigold-pines-ziro-in06409,Marigold Pines Ziro,Ziro,ziro,"315, Apatani Plateau, Old Ziro, Ziro, Arunachal Pradesh 791120",,,4.3,791120,,Cottage,yes,,,,,https://hotelzz.in/property.html?id=marigold-pines-ziro-in06409
pine-ziro-lodge-in06410,Pine Ziro Lodge,Ziro,ziro,"276, Hapoli, Hong Village, Ziro, Arunachal Pradesh 791120",,,4.2,791120,,Cottage,yes,,,,,https://hotelzz.in/property.html?id=pine-ziro-lodge-in06410
hotel-emerald-ziro-in06411,Hotel Emerald Ziro,Ziro,ziro,"142, Old Ziro, Hapoli, Ziro, Arunachal Pradesh 791120",,,4.7,791120,,Cottage,yes,,,,,https://hotelzz.in/property.html?id=hotel-emerald-ziro-in06411
snowline-ziro-cottage-in06412,Snowline Ziro Cottage,Ziro,ziro,"243, Hari Village, Hapoli, Ziro, Arunachal Pradesh 791120",,,4.8,791120,,Cottage,yes,,,,,https://hotelzz.in/property.html?id=snowline-ziro-cottage-in06412
misty-valley-stay-ziro-in06413,Misty Valley Stay Ziro,Ziro,ziro,"105, Hong Village, Apatani Plateau, Ziro, Arunachal Pradesh 791120",,,4.6,791120,,Cottage,yes,,,,,https://hotelzz.in/property.html?id=misty-valley-stay-ziro-in06413
emerald-pines-ziro-in06414,Emerald Pines Ziro,Ziro,ziro,"224, Hari Village, Old Ziro, Ziro, Arunachal Pradesh 791120",,,4.4,791120,,Cottage,yes,,,,,https://hotelzz.in/property.html?id=emerald-pines-ziro-in06414
himalayan-casa-ziro-in06415,Himalayan Casa Ziro,Ziro,ziro,"81, Hari Village, Apatani Plateau, Ziro, Arunachal Pradesh 791120",,,4.8,791120,,Cottage,yes,,,,,https://hotelzz.in/property.html?id=himalayan-casa-ziro-in06415
apple-orchard-ziro-in06416,Apple Orchard Ziro,Ziro,ziro,"106, Hapoli, Hong Village, Ziro, Arunachal Pradesh 791120",,,4.4,791120,,Cottage,yes,,,,,https://hotelzz.in/property.html?id=apple-orchard-ziro-in06416
cedar-ziro-lodge-in06417,Cedar Ziro Lodge,Ziro,ziro,"208, Hong Village, Hapoli, Ziro, Arunachal Pradesh 791120",,,4.2,791120,,Cottage,yes,,,,,https://hotelzz.in/property.html?id=cedar-ziro-lodge-in06417
himalayan-wooden-ziro-in06418,Himalayan Wooden Ziro,Ziro,ziro,"6, Hapoli, Hong Village, Ziro, Arunachal Pradesh 791120",,,4.5,791120,,Cottage,yes,,,,,https://hotelzz.in/property.html?id=himalayan-wooden-ziro-in06418
hotel-whispering-ziro-in06419,Hotel Whispering Ziro,Ziro,ziro,"389, Apatani Plateau, Old Ziro, Ziro, Arunachal Pradesh 791120",,,4.9,791120,,Cottage,yes,,,,,https://hotelzz.in/property.html?id=hotel-whispering-ziro-in06419
ziro-mountain-inn-in06420,Ziro Mountain Inn,Ziro,ziro,"582, Hari Village, Hapoli, Ziro, Arunachal Pradesh 791120",,,4.4,791120,,Cottage,yes,,,,,https://hotelzz.in/property.html?id=ziro-mountain-inn-in06420
the-azure-cabin-ziro-in06421,The Azure Cabin Ziro,Ziro,ziro,"114, Old Ziro, Hapoli, Ziro, Arunachal Pradesh 791120",,,4.7,791120,,Cottage,yes,,,,,https://hotelzz.in/property.html?id=the-azure-cabin-ziro-in06421
the-orchid-cabin-ziro-in06422,The Orchid Cabin Ziro,Ziro,ziro,"41, Old Ziro, Hong Village, Ziro, Arunachal Pradesh 791120",,,4.7,791120,,Cottage,yes,,,,,https://hotelzz.in/property.html?id=the-orchid-cabin-ziro-in06422
whispering-pines-ziro-in06423,Whispering Pines Ziro,Ziro,ziro,"327, Hong Village, Old Ziro, Ziro, Arunachal Pradesh 791120",,,4.8,791120,,Cottage,yes,,,,,https://hotelzz.in/property.html?id=whispering-pines-ziro-in06423
aurora-hideaway-ziro-in06424,Aurora Hideaway Ziro,Ziro,ziro,"318, Old Ziro, Old Ziro, Ziro, Arunachal Pradesh 791120",,,4.8,791120,,Cottage,yes,,,,,https://hotelzz.in/property.html?id=aurora-hideaway-ziro-in06424
whispering-hideaway-ziro-in06425,Whispering Hideaway Ziro,Ziro,ziro,"268, Old Ziro, Apatani Plateau, Ziro, Arunachal Pradesh 791120",,,4.4,791120,,Cottage,yes,,,,,https://hotelzz.in/property.html?id=whispering-hideaway-ziro-in06425
imperial-cottage-ziro-in06426,Imperial Cottage Ziro,Ziro,ziro,"258, Hapoli, Apatani Plateau, Ziro, Arunachal Pradesh 791120",,,4.1,791120,,Cottage,yes,,,,,https://hotelzz.in/property.html?id=imperial-cottage-ziro-in06426
regal-view-resort-ziro-in06427,Regal View Resort Ziro,Ziro,ziro,"433, Hong Village, Old Ziro, Ziro, Arunachal Pradesh 791120",,,4.5,791120,,Cottage,yes,,,,,https://hotelzz.in/property.html?id=regal-view-resort-ziro-in06427
hotel-crown-ziro-in06428,Hotel Crown Ziro,Ziro,ziro,"594, Hari Village, Apatani Plateau, Ziro, Arunachal Pradesh 791120",,,4.9,791120,,Cottage,yes,,,,,https://hotelzz.in/property.html?id=hotel-crown-ziro-in06428
himalayan-crown-ziro-in06429,Himalayan Crown Ziro,Ziro,ziro,"39, Apatani Plateau, Hong Village, Ziro, Arunachal Pradesh 791120",,,4.3,791120,,Cottage,yes,,,,,https://hotelzz.in/property.html?id=himalayan-crown-ziro-in06429
vintage-valley-stay-ziro-in06430,Vintage Valley Stay Ziro,Ziro,ziro,"395, Apatani Plateau, Hong Village, Ziro, Arunachal Pradesh 791120",,,4.4,791120,,Cottage,yes,,,,,https://hotelzz.in/property.html?id=vintage-valley-stay-ziro-in06430
crystal-cottage-dhanaulti-in06431,Crystal Cottage Dhanaulti,Dhanaulti,dhanaulti,"331, Surkanda Devi Rd, Chamba Road, Dhanaulti, Uttarakhand 248009",,,4.1,248009,,Cottage,yes,,,,,https://hotelzz.in/property.html?id=crystal-cottage-dhanaulti-in06431
the-dhanaulti-retreat-in06432,The Dhanaulti Retreat,Dhanaulti,dhanaulti,"419, Chamba Rd, Chamba Road, Dhanaulti, Uttarakhand 248009",,,4.2,248009,,Cottage,yes,,,,,https://hotelzz.in/property.html?id=the-dhanaulti-retreat-in06432
the-orchid-cabin-dhanaulti-in06433,The Orchid Cabin Dhanaulti,Dhanaulti,dhanaulti,"176, Chamba Rd, Chamba Road, Dhanaulti, Uttarakhand 248009",,,4.3,248009,,Cottage,yes,,,,,https://hotelzz.in/property.html?id=the-orchid-cabin-dhanaulti-in06433
pearl-pines-dhanaulti-in06434,Pearl Pines Dhanaulti,Dhanaulti,dhanaulti,"159, Surkanda Devi Rd, Chamba Road, Dhanaulti, Uttarakhand 248009",,,4.3,248009,,Cottage,yes,,,,,https://hotelzz.in/property.html?id=pearl-pines-dhanaulti-in06434
apple-orchard-dhanaulti-in06435,Apple Orchard Dhanaulti,Dhanaulti,dhanaulti,"152, Chamba Rd, near Eco Park, Dhanaulti, Uttarakhand 248009",,,4.2,248009,,Cottage,yes,,,,,https://hotelzz.in/property.html?id=apple-orchard-dhanaulti-in06435
dhanaulti-hills-resort-in06436,Dhanaulti Hills Resort,Dhanaulti,dhanaulti,"490, Surkanda Devi Rd, Surkanda Devi Road, Dhanaulti, Uttarakhand 248009",,,4.0,248009,,Cottage,yes,,,,,https://hotelzz.in/property.html?id=dhanaulti-hills-resort-in06436
orchid-valley-stay-dhanaulti-in06437,Orchid Valley Stay Dhanaulti,Dhanaulti,dhanaulti,"372, Apple Orchard, near Eco Park, Dhanaulti, Uttarakhand 248009",,,4.8,248009,,Cottage,yes,,,,,https://hotelzz.in/property.html?id=orchid-valley-stay-dhanaulti-in06437
vintage-pines-dhanaulti-in06438,Vintage Pines Dhanaulti,Dhanaulti,dhanaulti,"278, Chamba Rd, Surkanda Devi Road, Dhanaulti, Uttarakhand 248009",,,4.7,248009,,Cottage,yes,,,,,https://hotelzz.in/property.html?id=vintage-pines-dhanaulti-in06438
marigold-pines-dhanaulti-in06439,Marigold Pines Dhanaulti,Dhanaulti,dhanaulti,"265, Apple Orchard, Chamba Road, Dhanaulti, Uttarakhand 248009",,,4.0,248009,,Cottage,yes,,,,,https://hotelzz.in/property.html?id=marigold-pines-dhanaulti-in06439
dhanaulti-mountain-inn-in06440,Dhanaulti Mountain Inn,Dhanaulti,dhanaulti,"202, Apple Orchard, Apple Orchard, Dhanaulti, Uttarakhand 248009",,,4.3,248009,,Cottage,yes,,,,,https://hotelzz.in/property.html?id=dhanaulti-mountain-inn-in06440
the-sunrise-cabin-dhanaulti-in06441,The Sunrise Cabin Dhanaulti,Dhanaulti,dhanaulti,"270, Eco Park Rd, Surkanda Devi Road, Dhanaulti, Uttarakhand 248009",,,4.8,248009,,Cottage,yes,,,,,https://hotelzz.in/property.html?id=the-sunrise-cabin-dhanaulti-in06441
cosy-pines-dhanaulti-in06442,Cosy Pines Dhanaulti,Dhanaulti,dhanaulti,"295, Eco Park Rd, Apple Orchard, Dhanaulti, Uttarakhand 248009",,,4.7,248009,,Cottage,yes,,,,,https://hotelzz.in/property.html?id=cosy-pines-dhanaulti-in06442
sunrise-hideaway-dhanaulti-in06443,Sunrise Hideaway Dhanaulti,Dhanaulti,dhanaulti,"473, Eco Park Rd, Chamba Road, Dhanaulti, Uttarakhand 248009",,,4.0,248009,,Cottage,yes,,,,,https://hotelzz.in/property.html?id=sunrise-hideaway-dhanaulti-in06443
serene-cottage-dhanaulti-in06444,Serene Cottage Dhanaulti,Dhanaulti,dhanaulti,"225, Apple Orchard, Surkanda Devi Road, Dhanaulti, Uttarakhand 248009",,,4.4,248009,,Cottage,yes,,,,,https://hotelzz.in/property.html?id=serene-cottage-dhanaulti-in06444
saffron-pines-dhanaulti-in06445,Saffron Pines Dhanaulti,Dhanaulti,dhanaulti,"354, Eco Park Rd, near Eco Park, Dhanaulti, Uttarakhand 248009",,,4.4,248009,,Cottage,yes,,,,,https://hotelzz.in/property.html?id=saffron-pines-dhanaulti-in06445
silver-valley-stay-dhanaulti-in06446,Silver Valley Stay Dhanaulti,Dhanaulti,dhanaulti,"298, Chamba Rd, Chamba Road, Dhanaulti, Uttarakhand 248009",,,4.8,248009,,Cottage,yes,,,,,https://hotelzz.in/property.html?id=silver-valley-stay-dhanaulti-in06446
sapphire-cottage-dhanaulti-in06447,Sapphire Cottage Dhanaulti,Dhanaulti,dhanaulti,"294, Chamba Rd, Chamba Road, Dhanaulti, Uttarakhand 248009",,,4.8,248009,,Cottage,yes,,,,,https://hotelzz.in/property.html?id=sapphire-cottage-dhanaulti-in06447
aurora-view-resort-dhanaulti-in06448,Aurora View Resort Dhanaulti,Dhanaulti,dhanaulti,"53, Chamba Rd, Apple Orchard, Dhanaulti, Uttarakhand 248009",,,4.9,248009,,Cottage,yes,,,,,https://hotelzz.in/property.html?id=aurora-view-resort-dhanaulti-in06448
pine-dhanaulti-lodge-in06449,Pine Dhanaulti Lodge,Dhanaulti,dhanaulti,"440, Surkanda Devi Rd, Chamba Road, Dhanaulti, Uttarakhand 248009",,,4.2,248009,,Cottage,yes,,,,,https://hotelzz.in/property.html?id=pine-dhanaulti-lodge-in06449
himalayan-crystal-dhanaulti-in06450,Himalayan Crystal Dhanaulti,Dhanaulti,dhanaulti,"226, Surkanda Devi Rd, near Eco Park, Dhanaulti, Uttarakhand 248009",,,4.1,248009,,Cottage,yes,,,,,https://hotelzz.in/property.html?id=himalayan-crystal-dhanaulti-in06450
cosy-valley-stay-dhanaulti-in06451,Cosy Valley Stay Dhanaulti,Dhanaulti,dhanaulti,"205, Apple Orchard, near Eco Park, Dhanaulti, Uttarakhand 248009",,,4.6,248009,,Cottage,yes,,,,,https://hotelzz.in/property.html?id=cosy-valley-stay-dhanaulti-in06451
hotel-maple-dhanaulti-in06452,Hotel Maple Dhanaulti,Dhanaulti,dhanaulti,"112, Surkanda Devi Rd, Surkanda Devi Road, Dhanaulti, Uttarakhand 248009",,,4.7,248009,,Cottage,yes,,,,,https://hotelzz.in/property.html?id=hotel-maple-dhanaulti-in06452
highland-hideaway-dhanaulti-in06453,Highland Hideaway Dhanaulti,Dhanaulti,dhanaulti,"206, Surkanda Devi Rd, Apple Orchard, Dhanaulti, Uttarakhand 248009",,,4.3,248009,,Cottage,yes,,,,,https://hotelzz.in/property.html?id=highland-hideaway-dhanaulti-in06453
vintage-hideaway-dhanaulti-in06454,Vintage Hideaway Dhanaulti,Dhanaulti,dhanaulti,"407, Surkanda Devi Rd, Chamba Road, Dhanaulti, Uttarakhand 248009",,,4.8,248009,,Cottage,yes,,,,,https://hotelzz.in/property.html?id=vintage-hideaway-dhanaulti-in06454
himalayan-aurora-dhanaulti-in06455,Himalayan Aurora Dhanaulti,Dhanaulti,dhanaulti,"297, Apple Orchard, near Eco Park, Dhanaulti, Uttarakhand 248009",,,4.3,248009,,Cottage,yes,,,,,https://hotelzz.in/property.html?id=himalayan-aurora-dhanaulti-in06455
hotel-regal-dhanaulti-in06456,Hotel Regal Dhanaulti,Dhanaulti,dhanaulti,"288, Chamba Rd, Apple Orchard, Dhanaulti, Uttarakhand 248009",,,4.0,248009,,Cottage,yes,,,,,https://hotelzz.in/property.html?id=hotel-regal-dhanaulti-in06456
crown-view-resort-dhanaulti-in06457,Crown View Resort Dhanaulti,Dhanaulti,dhanaulti,"240, Apple Orchard, Surkanda Devi Road, Dhanaulti, Uttarakhand 248009",,,4.4,248009,,Cottage,yes,,,,,https://hotelzz.in/property.html?id=crown-view-resort-dhanaulti-in06457
wooden-view-resort-dhanaulti-in06458,Wooden View Resort Dhanaulti,Dhanaulti,dhanaulti,"30, Surkanda Devi Rd, Chamba Road, Dhanaulti, Uttarakhand 248009",,,4.4,248009,,Cottage,yes,,,,,https://hotelzz.in/property.html?id=wooden-view-resort-dhanaulti-in06458
wood-house-dhanaulti-in06459,Wood House Dhanaulti,Dhanaulti,dhanaulti,"470, Surkanda Devi Rd, Surkanda Devi Road, Dhanaulti, Uttarakhand 248009",,,4.4,248009,,Cottage,yes,,,,,https://hotelzz.in/property.html?id=wood-house-dhanaulti-in06459
casa-hideaway-dhanaulti-in06460,Casa Hideaway Dhanaulti,Dhanaulti,dhanaulti,"364, Eco Park Rd, Apple Orchard, Dhanaulti, Uttarakhand 248009",,,4.8,248009,,Cottage,yes,,,,,https://hotelzz.in/property.html?id=casa-hideaway-dhanaulti-in06460
hotel-pushkar-sacred-in06461,Hotel Pushkar Sacred,Pushkar,pushkar,"403, Brahma Temple Rd, near Pushkar Lake, Pushkar, Rajasthan 305022",,,4.7,305022,,Homestay,yes,,,,,https://hotelzz.in/property.html?id=hotel-pushkar-sacred-in06461
azure-peace-lodge-pushkar-in06462,Azure Peace Lodge Pushkar,Pushkar,pushkar,"319, Pushkar Lake, Choti Basti, Pushkar, Rajasthan 305022",,,4.7,305022,,Homestay,yes,,,,,https://hotelzz.in/property.html?id=azure-peace-lodge-pushkar-in06462
hotel-pushkar-divine-in06463,Hotel Pushkar Divine,Pushkar,pushkar,"8, Sarafa Bazaar, near Pushkar Lake, Pushkar, Rajasthan 305022",,,4.0,305022,,Homestay,yes,,,,,https://hotelzz.in/property.html?id=hotel-pushkar-divine-in06463
serene-pushkar-inn-in06464,Serene Pushkar Inn,Pushkar,pushkar,"4, Brahma Temple Rd, Choti Basti, Pushkar, Rajasthan 305022",,,4.7,305022,,Homestay,yes,,,,,https://hotelzz.in/property.html?id=serene-pushkar-inn-in06464
hotel-pushkar-heritage-in06465,Hotel Pushkar Heritage,Pushkar,pushkar,"327, Pushkar Lake, Varah Ghat, Pushkar, Rajasthan 305022",,,4.9,305022,,Homestay,yes,,,,,https://hotelzz.in/property.html?id=hotel-pushkar-heritage-in06465
the-aspen-sanctuary-pushkar-in06466,The Aspen Sanctuary Pushkar,Pushkar,pushkar,"52, Varah Ghat, Brahma Temple, Pushkar, Rajasthan 305022",,,4.9,305022,,Homestay,yes,,,,,https://hotelzz.in/property.html?id=the-aspen-sanctuary-pushkar-in06466
crown-riverside-pushkar-in06467,Crown Riverside Pushkar,Pushkar,pushkar,"157, Brahma Temple Rd, Varah Ghat, Pushkar, Rajasthan 305022",,,4.6,305022,,Homestay,yes,,,,,https://hotelzz.in/property.html?id=crown-riverside-pushkar-in06467
misty-ghat-view-pushkar-in06468,Misty Ghat View Pushkar,Pushkar,pushkar,"215, Pushkar Lake, Brahma Temple, Pushkar, Rajasthan 305022",,,4.7,305022,,Homestay,yes,,,,,https://hotelzz.in/property.html?id=misty-ghat-view-pushkar-in06468
azure-riverside-pushkar-in06469,Azure Riverside Pushkar,Pushkar,pushkar,"1, Brahma Temple Rd, Brahma Temple, Pushkar, Rajasthan 305022",,,4.8,305022,,Homestay,yes,,,,,https://hotelzz.in/property.html?id=azure-riverside-pushkar-in06469
indigo-ashram-stay-pushkar-in06470,Indigo Ashram Stay Pushkar,Pushkar,pushkar,"246, Varah Ghat, Brahma Temple, Pushkar, Rajasthan 305022",,,4.6,305022,,Homestay,yes,,,,,https://hotelzz.in/property.html?id=indigo-ashram-stay-pushkar-in06470
tranquil-peace-lodge-pushkar-in06471,Tranquil Peace Lodge Pushkar,Pushkar,pushkar,"184, Brahma Temple Rd, Choti Basti, Pushkar, Rajasthan 305022",,,4.2,305022,,Homestay,yes,,,,,https://hotelzz.in/property.html?id=tranquil-peace-lodge-pushkar-in06471
hotel-pushkar-tranquil-in06472,Hotel Pushkar Tranquil,Pushkar,pushkar,"15, Pushkar Lake, Brahma Temple, Pushkar, Rajasthan 305022",,,4.8,305022,,Homestay,yes,,,,,https://hotelzz.in/property.html?id=hotel-pushkar-tranquil-in06472
hotel-pushkar-pilgrim-in06473,Hotel Pushkar Pilgrim,Pushkar,pushkar,"542, Brahma Temple Rd, Brahma Temple, Pushkar, Rajasthan 305022",,,4.4,305022,,Homestay,yes,,,,,https://hotelzz.in/property.html?id=hotel-pushkar-pilgrim-in06473
tapasya-pushkar-stay-in06474,Tapasya Pushkar Stay,Pushkar,pushkar,"498, Varah Ghat, Varah Ghat, Pushkar, Rajasthan 305022",,,4.4,305022,,Homestay,yes,,,,,https://hotelzz.in/property.html?id=tapasya-pushkar-stay-in06474
pushkar-yog-retreat-in06475,Pushkar Yog Retreat,Pushkar,pushkar,"118, Sarafa Bazaar, near Pushkar Lake, Pushkar, Rajasthan 305022",,,4.7,305022,,Homestay,yes,,,,,https://hotelzz.in/property.html?id=pushkar-yog-retreat-in06475
aurora-tirth-pushkar-in06476,Aurora Tirth Pushkar,Pushkar,pushkar,"557, Choti Basti, Brahma Temple, Pushkar, Rajasthan 305022",,,4.7,305022,,Homestay,yes,,,,,https://hotelzz.in/property.html?id=aurora-tirth-pushkar-in06476
sapphire-riverside-pushkar-in06477,Sapphire Riverside Pushkar,Pushkar,pushkar,"509, Choti Basti, Brahma Temple, Pushkar, Rajasthan 305022",,,4.4,305022,,Homestay,yes,,,,,https://hotelzz.in/property.html?id=sapphire-riverside-pushkar-in06477
the-crystal-sanctuary-pushkar-in06478,The Crystal Sanctuary Pushkar,Pushkar,pushkar,"262, Choti Basti, near Pushkar Lake, Pushkar, Rajasthan 305022",,,4.6,305022,,Homestay,yes,,,,,https://hotelzz.in/property.html?id=the-crystal-sanctuary-pushkar-in06478
indigo-riverside-pushkar-in06479,Indigo Riverside Pushkar,Pushkar,pushkar,"178, Pushkar Lake, Brahma Temple, Pushkar, Rajasthan 305022",,,4.8,305022,,Homestay,yes,,,,,https://hotelzz.in/property.html?id=indigo-riverside-pushkar-in06479
emerald-ashram-stay-pushkar-in06480,Emerald Ashram Stay Pushkar,Pushkar,pushkar,"164, Choti Basti, near Pushkar Lake, Pushkar, Rajasthan 305022",,,4.5,305022,,Homestay,yes,,,,,https://hotelzz.in/property.html?id=emerald-ashram-stay-pushkar-in06480
the-indigo-sanctuary-pushkar-in06481,The Indigo Sanctuary Pushkar,Pushkar,pushkar,"260, Brahma Temple Rd, Varah Ghat, Pushkar, Rajasthan 305022",,,4.1,305022,,Homestay,yes,,,,,https://hotelzz.in/property.html?id=the-indigo-sanctuary-pushkar-in06481
sunrise-ashram-stay-pushkar-in06482,Sunrise Ashram Stay Pushkar,Pushkar,pushkar,"333, Choti Basti, Varah Ghat, Pushkar, Rajasthan 305022",,,4.2,305022,,Homestay,yes,,,,,https://hotelzz.in/property.html?id=sunrise-ashram-stay-pushkar-in06482
casa-peace-lodge-pushkar-in06483,Casa Peace Lodge Pushkar,Pushkar,pushkar,"445, Pushkar Lake, Brahma Temple, Pushkar, Rajasthan 305022",,,4.7,305022,,Homestay,yes,,,,,https://hotelzz.in/property.html?id=casa-peace-lodge-pushkar-in06483
tranquil-ghat-view-pushkar-in06484,Tranquil Ghat View Pushkar,Pushkar,pushkar,"204, Choti Basti, Varah Ghat, Pushkar, Rajasthan 305022",,,4.7,305022,,Homestay,yes,,,,,https://hotelzz.in/property.html?id=tranquil-ghat-view-pushkar-in06484
ocean-tirth-pushkar-in06485,Ocean Tirth Pushkar,Pushkar,pushkar,"570, Pushkar Lake, Varah Ghat, Pushkar, Rajasthan 305022",,,4.6,305022,,Homestay,yes,,,,,https://hotelzz.in/property.html?id=ocean-tirth-pushkar-in06485
the-emerald-sanctuary-pushkar-in06486,The Emerald Sanctuary Pushkar,Pushkar,pushkar,"473, Pushkar Lake, Varah Ghat, Pushkar, Rajasthan 305022",,,4.8,305022,,Homestay,yes,,,,,https://hotelzz.in/property.html?id=the-emerald-sanctuary-pushkar-in06486
saffron-tirth-pushkar-in06487,Saffron Tirth Pushkar,Pushkar,pushkar,"539, Varah Ghat, Varah Ghat, Pushkar, Rajasthan 305022",,,4.3,305022,,Homestay,yes,,,,,https://hotelzz.in/property.html?id=saffron-tirth-pushkar-in06487
the-aria-sanctuary-pushkar-in06488,The Aria Sanctuary Pushkar,Pushkar,pushkar,"95, Varah Ghat, near Pushkar Lake, Pushkar, Rajasthan 305022",,,4.8,305022,,Homestay,yes,,,,,https://hotelzz.in/property.html?id=the-aria-sanctuary-pushkar-in06488
pearl-ashram-stay-pushkar-in06489,Pearl Ashram Stay Pushkar,Pushkar,pushkar,"292, Pushkar Lake, Varah Ghat, Pushkar, Rajasthan 305022",,,4.9,305022,,Homestay,yes,,,,,https://hotelzz.in/property.html?id=pearl-ashram-stay-pushkar-in06489
crystal-riverside-pushkar-in06490,Crystal Riverside Pushkar,Pushkar,pushkar,"526, Choti Basti, Varah Ghat, Pushkar, Rajasthan 305022",,,4.8,305022,,Homestay,yes,,,,,https://hotelzz.in/property.html?id=crystal-riverside-pushkar-in06490
cedar-mt-abu-lodge-in06491,Cedar Mt Abu Lodge,Mt Abu,mt-abu,"519, Sunset Point Rd, Mall Road, Mt Abu, Rajasthan 307501",,,4.7,307501,,Cottage,yes,,,,,https://hotelzz.in/property.html?id=cedar-mt-abu-lodge-in06491
maple-valley-stay-mt-abu-in06492,Maple Valley Stay Mt Abu,Mt Abu,mt-abu,"246, Mall Rd, near Nakki Lake, Mt Abu, Rajasthan 307501",,,4.7,307501,,Cottage,yes,,,,,https://hotelzz.in/property.html?id=maple-valley-stay-mt-abu-in06492
orchid-hideaway-mt-abu-in06493,Orchid Hideaway Mt Abu,Mt Abu,mt-abu,"413, Nakki Lake, Mall Road, Mt Abu, Rajasthan 307501",,,4.5,307501,,Cottage,yes,,,,,https://hotelzz.in/property.html?id=orchid-hideaway-mt-abu-in06493
sunrise-valley-stay-mt-abu-in06494,Sunrise Valley Stay Mt Abu,Mt Abu,mt-abu,"235, Mall Rd, Mall Road, Mt Abu, Rajasthan 307501",,,4.6,307501,,Cottage,yes,,,,,https://hotelzz.in/property.html?id=sunrise-valley-stay-mt-abu-in06494
emerald-hideaway-mt-abu-in06495,Emerald Hideaway Mt Abu,Mt Abu,mt-abu,"79, Dilwara Rd, Mall Road, Mt Abu, Rajasthan 307501",,,4.3,307501,,Cottage,yes,,,,,https://hotelzz.in/property.html?id=emerald-hideaway-mt-abu-in06495
wood-house-mt-abu-in06496,Wood House Mt Abu,Mt Abu,mt-abu,"496, Dilwara Rd, near Nakki Lake, Mt Abu, Rajasthan 307501",,,4.1,307501,,Cottage,yes,,,,,https://hotelzz.in/property.html?id=wood-house-mt-abu-in06496
aspen-valley-stay-mt-abu-in06497,Aspen Valley Stay Mt Abu,Mt Abu,mt-abu,"413, Nakki Lake, Sunset Point, Mt Abu, Rajasthan 307501",,,4.2,307501,,Cottage,yes,,,,,https://hotelzz.in/property.html?id=aspen-valley-stay-mt-abu-in06497
mt-abu-mountain-inn-in06498,Mt Abu Mountain Inn,Mt Abu,mt-abu,"163, Achalgarh, Dilwara Road, Mt Abu, Rajasthan 307501",,,4.2,307501,,Cottage,yes,,,,,https://hotelzz.in/property.html?id=mt-abu-mountain-inn-in06498
royal-pines-mt-abu-in06499,Royal Pines Mt Abu,Mt Abu,mt-abu,"456, Mall Rd, Mall Road, Mt Abu, Rajasthan 307501",,,4.7,307501,,Cottage,yes,,,,,https://hotelzz.in/property.html?id=royal-pines-mt-abu-in06499
hotel-marigold-mt-abu-in06500,Hotel Marigold Mt Abu,Mt Abu,mt-abu,"83, Achalgarh, Mall Road, Mt Abu, Rajasthan 307501",,,4.3,307501,,Cottage,yes,,,,,https://hotelzz.in/property.html?id=hotel-marigold-mt-abu-in06500
snowline-mt-abu-cottage-in06501,Snowline Mt Abu Cottage,Mt Abu,mt-abu,"156, Sunset Point Rd, Sunset Point, Mt Abu, Rajasthan 307501",,,4.9,307501,,Cottage,yes,,,,,https://hotelzz.in/property.html?id=snowline-mt-abu-cottage-in06501
cosy-cottage-mt-abu-in06502,Cosy Cottage Mt Abu,Mt Abu,mt-abu,"137, Achalgarh, near Nakki Lake, Mt Abu, Rajasthan 307501",,,4.2,307501,,Cottage,yes,,,,,https://hotelzz.in/property.html?id=cosy-cottage-mt-abu-in06502
indigo-cottage-mt-abu-in06503,Indigo Cottage Mt Abu,Mt Abu,mt-abu,"140, Dilwara Rd, near Nakki Lake, Mt Abu, Rajasthan 307501",,,4.5,307501,,Cottage,yes,,,,,https://hotelzz.in/property.html?id=indigo-cottage-mt-abu-in06503
maple-hideaway-mt-abu-in06504,Maple Hideaway Mt Abu,Mt Abu,mt-abu,"279, Nakki Lake, Sunset Point, Mt Abu, Rajasthan 307501",,,4.7,307501,,Cottage,yes,,,,,https://hotelzz.in/property.html?id=maple-hideaway-mt-abu-in06504
the-saffron-cabin-mt-abu-in06505,The Saffron Cabin Mt Abu,Mt Abu,mt-abu,"305, Mall Rd, Sunset Point, Mt Abu, Rajasthan 307501",,,4.7,307501,,Cottage,yes,,,,,https://hotelzz.in/property.html?id=the-saffron-cabin-mt-abu-in06505
the-pearl-cabin-mt-abu-in06506,The Pearl Cabin Mt Abu,Mt Abu,mt-abu,"440, Sunset Point Rd, Mall Road, Mt Abu, Rajasthan 307501",,,4.6,307501,,Cottage,yes,,,,,https://hotelzz.in/property.html?id=the-pearl-cabin-mt-abu-in06506
pine-mt-abu-lodge-in06507,Pine Mt Abu Lodge,Mt Abu,mt-abu,"567, Dilwara Rd, Mall Road, Mt Abu, Rajasthan 307501",,,4.7,307501,,Cottage,yes,,,,,https://hotelzz.in/property.html?id=pine-mt-abu-lodge-in06507
vintage-pines-mt-abu-in06508,Vintage Pines Mt Abu,Mt Abu,mt-abu,"325, Mall Rd, near Nakki Lake, Mt Abu, Rajasthan 307501",,,4.3,307501,,Cottage,yes,,,,,https://hotelzz.in/property.html?id=vintage-pines-mt-abu-in06508
himalayan-casa-mt-abu-in06509,Himalayan Casa Mt Abu,Mt Abu,mt-abu,"376, Sunset Point Rd, Mall Road, Mt Abu, Rajasthan 307501",,,4.9,307501,,Cottage,yes,,,,,https://hotelzz.in/property.html?id=himalayan-casa-mt-abu-in06509
ocean-cottage-mt-abu-in06510,Ocean Cottage Mt Abu,Mt Abu,mt-abu,"313, Sunset Point Rd, Mall Road, Mt Abu, Rajasthan 307501",,,4.2,307501,,Cottage,yes,,,,,https://hotelzz.in/property.html?id=ocean-cottage-mt-abu-in06510
himalayan-crystal-mt-abu-in06511,Himalayan Crystal Mt Abu,Mt Abu,mt-abu,"159, Nakki Lake, Sunset Point, Mt Abu, Rajasthan 307501",,,4.9,307501,,Cottage,yes,,,,,https://hotelzz.in/property.html?id=himalayan-crystal-mt-abu-in06511
serene-view-resort-mt-abu-in06512,Serene View Resort Mt Abu,Mt Abu,mt-abu,"580, Achalgarh, Mall Road, Mt Abu, Rajasthan 307501",,,4.6,307501,,Cottage,yes,,,,,https://hotelzz.in/property.html?id=serene-view-resort-mt-abu-in06512
hotel-crystal-mt-abu-in06513,Hotel Crystal Mt Abu,Mt Abu,mt-abu,"570, Nakki Lake, Sunset Point, Mt Abu, Rajasthan 307501",,,4.9,307501,,Cottage,yes,,,,,https://hotelzz.in/property.html?id=hotel-crystal-mt-abu-in06513
marigold-pines-mt-abu-in06514,Marigold Pines Mt Abu,Mt Abu,mt-abu,"176, Nakki Lake, near Nakki Lake, Mt Abu, Rajasthan 307501",,,4.5,307501,,Cottage,yes,,,,,https://hotelzz.in/property.html?id=marigold-pines-mt-abu-in06514
the-whispering-cabin-mt-abu-in06515,The Whispering Cabin Mt Abu,Mt Abu,mt-abu,"519, Nakki Lake, near Nakki Lake, Mt Abu, Rajasthan 307501",,,4.3,307501,,Cottage,yes,,,,,https://hotelzz.in/property.html?id=the-whispering-cabin-mt-abu-in06515
royal-valley-stay-mt-abu-in06516,Royal Valley Stay Mt Abu,Mt Abu,mt-abu,"19, Sunset Point Rd, Mall Road, Mt Abu, Rajasthan 307501",,,4.2,307501,,Cottage,yes,,,,,https://hotelzz.in/property.html?id=royal-valley-stay-mt-abu-in06516
mt-abu-hills-resort-in06517,Mt Abu Hills Resort,Mt Abu,mt-abu,"179, Nakki Lake, Sunset Point, Mt Abu, Rajasthan 307501",,,4.3,307501,,Cottage,yes,,,,,https://hotelzz.in/property.html?id=mt-abu-hills-resort-in06517
the-mt-abu-retreat-in06518,The Mt Abu Retreat,Mt Abu,mt-abu,"450, Dilwara Rd, Dilwara Road, Mt Abu, Rajasthan 307501",,,4.3,307501,,Cottage,yes,,,,,https://hotelzz.in/property.html?id=the-mt-abu-retreat-in06518
apple-orchard-mt-abu-in06519,Apple Orchard Mt Abu,Mt Abu,mt-abu,"333, Dilwara Rd, Dilwara Road, Mt Abu, Rajasthan 307501",,,4.9,307501,,Cottage,yes,,,,,https://hotelzz.in/property.html?id=apple-orchard-mt-abu-in06519
the-wooden-cabin-mt-abu-in06520,The Wooden Cabin Mt Abu,Mt Abu,mt-abu,"231, Dilwara Rd, Sunset Point, Mt Abu, Rajasthan 307501",,,4.9,307501,,Cottage,yes,,,,,https://hotelzz.in/property.html?id=the-wooden-cabin-mt-abu-in06520
snowline-chikmagalur-cottage-in06521,Snowline Chikmagalur Cottage,Chikmagalur,chikmagalur,"73, Baba Budangiri, near Mullayanagiri, Chikmagalur, Karnataka 577102",,,4.9,577102,,Cottage,yes,,,,,https://hotelzz.in/property.html?id=snowline-chikmagalur-cottage-in06521
silver-valley-stay-chikmagalur-in06522,Silver Valley Stay Chikmagalur,Chikmagalur,chikmagalur,"516, Baba Budangiri, Coffee Estate, Chikmagalur, Karnataka 577102",,,4.8,577102,,Cottage,yes,,,,,https://hotelzz.in/property.html?id=silver-valley-stay-chikmagalur-in06522
chikmagalur-hills-resort-in06523,Chikmagalur Hills Resort,Chikmagalur,chikmagalur,"252, Mahatma Gandhi Rd, near Mullayanagiri, Chikmagalur, Karnataka 577102",,,4.6,577102,,Cottage,yes,,,,,https://hotelzz.in/property.html?id=chikmagalur-hills-resort-in06523
marigold-hideaway-chikmagalur-in06524,Marigold Hideaway Chikmagalur,Chikmagalur,chikmagalur,"294, Mullayanagiri Rd, Coffee Estate, Chikmagalur, Karnataka 577102",,,4.2,577102,,Cottage,yes,,,,,https://hotelzz.in/property.html?id=marigold-hideaway-chikmagalur-in06524
silver-pines-chikmagalur-in06525,Silver Pines Chikmagalur,Chikmagalur,chikmagalur,"575, Mullayanagiri Rd, Baba Budangiri, Chikmagalur, Karnataka 577101",,,4.9,577101,,Cottage,yes,,,,,https://hotelzz.in/property.html?id=silver-pines-chikmagalur-in06525
pine-chikmagalur-lodge-in06526,Pine Chikmagalur Lodge,Chikmagalur,chikmagalur,"80, Mahatma Gandhi Rd, near Mullayanagiri, Chikmagalur, Karnataka 577102",,,4.2,577102,,Cottage,yes,,,,,https://hotelzz.in/property.html?id=pine-chikmagalur-lodge-in06526
aria-view-resort-chikmagalur-in06527,Aria View Resort Chikmagalur,Chikmagalur,chikmagalur,"331, Baba Budangiri, KM Road, Chikmagalur, Karnataka 577102",,,4.9,577102,,Cottage,yes,,,,,https://hotelzz.in/property.html?id=aria-view-resort-chikmagalur-in06527
the-chikmagalur-retreat-in06528,The Chikmagalur Retreat,Chikmagalur,chikmagalur,"124, KM Road, KM Road, Chikmagalur, Karnataka 577101",,,4.9,577101,,Cottage,yes,,,,,https://hotelzz.in/property.html?id=the-chikmagalur-retreat-in06528
saffron-cottage-chikmagalur-in06529,Saffron Cottage Chikmagalur,Chikmagalur,chikmagalur,"410, Mullayanagiri Rd, Baba Budangiri, Chikmagalur, Karnataka 577101",,,4.1,577101,,Cottage,yes,,,,,https://hotelzz.in/property.html?id=saffron-cottage-chikmagalur-in06529
apple-orchard-chikmagalur-in06530,Apple Orchard Chikmagalur,Chikmagalur,chikmagalur,"74, KM Road, Baba Budangiri, Chikmagalur, Karnataka 577102",,,4.3,577102,,Cottage,yes,,,,,https://hotelzz.in/property.html?id=apple-orchard-chikmagalur-in06530
chikmagalur-mountain-inn-in06531,Chikmagalur Mountain Inn,Chikmagalur,chikmagalur,"263, Mahatma Gandhi Rd, near Mullayanagiri, Chikmagalur, Karnataka 577101",,,4.4,577101,,Cottage,yes,,,,,https://hotelzz.in/property.html?id=chikmagalur-mountain-inn-in06531
himalayan-vintage-chikmagalur-in06532,Himalayan Vintage Chikmagalur,Chikmagalur,chikmagalur,"92, Mahatma Gandhi Rd, Coffee Estate, Chikmagalur, Karnataka 577102",,,4.7,577102,,Cottage,yes,,,,,https://hotelzz.in/property.html?id=himalayan-vintage-chikmagalur-in06532
wood-house-chikmagalur-in06533,Wood House Chikmagalur,Chikmagalur,chikmagalur,"444, Mullayanagiri Rd, Coffee Estate, Chikmagalur, Karnataka 577101",,,4.2,577101,,Cottage,yes,,,,,https://hotelzz.in/property.html?id=wood-house-chikmagalur-in06533
hotel-aria-chikmagalur-in06534,Hotel Aria Chikmagalur,Chikmagalur,chikmagalur,"277, Mahatma Gandhi Rd, Coffee Estate, Chikmagalur, Karnataka 577102",,,4.7,577102,,Cottage,yes,,,,,https://hotelzz.in/property.html?id=hotel-aria-chikmagalur-in06534
misty-valley-stay-chikmagalur-in06535,Misty Valley Stay Chikmagalur,Chikmagalur,chikmagalur,"170, Mullayanagiri Rd, near Mullayanagiri, Chikmagalur, Karnataka 577101",,,4.0,577101,,Cottage,yes,,,,,https://hotelzz.in/property.html?id=misty-valley-stay-chikmagalur-in06535
crown-hideaway-chikmagalur-in06536,Crown Hideaway Chikmagalur,Chikmagalur,chikmagalur,"64, KM Road, near Mullayanagiri, Chikmagalur, Karnataka 577101",,,4.8,577101,,Cottage,yes,,,,,https://hotelzz.in/property.html?id=crown-hideaway-chikmagalur-in06536
cedar-chikmagalur-lodge-in06537,Cedar Chikmagalur Lodge,Chikmagalur,chikmagalur,"203, KM Road, Baba Budangiri, Chikmagalur, Karnataka 577102",,,4.9,577102,,Cottage,yes,,,,,https://hotelzz.in/property.html?id=cedar-chikmagalur-lodge-in06537
the-regal-cabin-chikmagalur-in06538,The Regal Cabin Chikmagalur,Chikmagalur,chikmagalur,"83, Coffee Estate, Baba Budangiri, Chikmagalur, Karnataka 577101",,,4.1,577101,,Cottage,yes,,,,,https://hotelzz.in/property.html?id=the-regal-cabin-chikmagalur-in06538
ocean-view-resort-chikmagalur-in06539,Ocean View Resort Chikmagalur,Chikmagalur,chikmagalur,"526, Mullayanagiri Rd, Coffee Estate, Chikmagalur, Karnataka 577101",,,4.1,577101,,Cottage,yes,,,,,https://hotelzz.in/property.html?id=ocean-view-resort-chikmagalur-in06539
orchid-view-resort-chikmagalur-in06540,Orchid View Resort Chikmagalur,Chikmagalur,chikmagalur,"56, Coffee Estate, Baba Budangiri, Chikmagalur, Karnataka 577102",,,4.8,577102,,Cottage,yes,,,,,https://hotelzz.in/property.html?id=orchid-view-resort-chikmagalur-in06540
aurora-view-resort-chikmagalur-in06541,Aurora View Resort Chikmagalur,Chikmagalur,chikmagalur,"519, Mullayanagiri Rd, Baba Budangiri, Chikmagalur, Karnataka 577102",,,4.2,577102,,Cottage,yes,,,,,https://hotelzz.in/property.html?id=aurora-view-resort-chikmagalur-in06541
tranquil-pines-chikmagalur-in06542,Tranquil Pines Chikmagalur,Chikmagalur,chikmagalur,"419, Baba Budangiri, near Mullayanagiri, Chikmagalur, Karnataka 577102",,,4.1,577102,,Cottage,yes,,,,,https://hotelzz.in/property.html?id=tranquil-pines-chikmagalur-in06542
himalayan-sunrise-chikmagalur-in06543,Himalayan Sunrise Chikmagalur,Chikmagalur,chikmagalur,"175, Mullayanagiri Rd, near Mullayanagiri, Chikmagalur, Karnataka 577102",,,4.1,577102,,Cottage,yes,,,,,https://hotelzz.in/property.html?id=himalayan-sunrise-chikmagalur-in06543
emerald-view-resort-chikmagalur-in06544,Emerald View Resort Chikmagalur,Chikmagalur,chikmagalur,"172, Baba Budangiri, Baba Budangiri, Chikmagalur, Karnataka 577101",,,4.1,577101,,Cottage,yes,,,,,https://hotelzz.in/property.html?id=emerald-view-resort-chikmagalur-in06544
emerald-valley-stay-chikmagalur-in06545,Emerald Valley Stay Chikmagalur,Chikmagalur,chikmagalur,"439, Mahatma Gandhi Rd, KM Road, Chikmagalur, Karnataka 577102",,,4.8,577102,,Cottage,yes,,,,,https://hotelzz.in/property.html?id=emerald-valley-stay-chikmagalur-in06545
the-casa-cabin-chikmagalur-in06546,The Casa Cabin Chikmagalur,Chikmagalur,chikmagalur,"571, Coffee Estate, Baba Budangiri, Chikmagalur, Karnataka 577102",,,4.5,577102,,Cottage,yes,,,,,https://hotelzz.in/property.html?id=the-casa-cabin-chikmagalur-in06546
alpine-hideaway-chikmagalur-in06547,Alpine Hideaway Chikmagalur,Chikmagalur,chikmagalur,"419, Coffee Estate, Coffee Estate, Chikmagalur, Karnataka 577101",,,4.3,577101,,Cottage,yes,,,,,https://hotelzz.in/property.html?id=alpine-hideaway-chikmagalur-in06547
velvet-pines-chikmagalur-in06548,Velvet Pines Chikmagalur,Chikmagalur,chikmagalur,"267, Coffee Estate, Coffee Estate, Chikmagalur, Karnataka 577101",,,4.8,577101,,Cottage,yes,,,,,https://hotelzz.in/property.html?id=velvet-pines-chikmagalur-in06548
heritage-cottage-chikmagalur-in06549,Heritage Cottage Chikmagalur,Chikmagalur,chikmagalur,"14, KM Road, Coffee Estate, Chikmagalur, Karnataka 577101",,,4.3,577101,,Cottage,yes,,,,,https://hotelzz.in/property.html?id=heritage-cottage-chikmagalur-in06549
highland-pines-chikmagalur-in06550,Highland Pines Chikmagalur,Chikmagalur,chikmagalur,"362, Mullayanagiri Rd, Coffee Estate, Chikmagalur, Karnataka 577101",,,4.4,577101,,Cottage,yes,,,,,https://hotelzz.in/property.html?id=highland-pines-chikmagalur-in06550
casa-bay-stay-gokarna-in06551,Casa Bay Stay Gokarna,Gokarna,gokarna,"565, Om Beach, Kudle Beach, Gokarna, Karnataka 581326",,,4.9,581326,,Resort,yes,,,,,https://hotelzz.in/property.html?id=casa-bay-stay-gokarna-in06551
hotel-ocean-crown-gokarna-in06552,Hotel Ocean Crown Gokarna,Gokarna,gokarna,"69, Main Beach, Paradise Beach, Gokarna, Karnataka 581326",,,4.9,581326,,Resort,yes,,,,,https://hotelzz.in/property.html?id=hotel-ocean-crown-gokarna-in06552
crystal-bay-stay-gokarna-in06553,Crystal Bay Stay Gokarna,Gokarna,gokarna,"109, Kudle Beach, Kudle Beach, Gokarna, Karnataka 581326",,,4.4,581326,,Resort,yes,,,,,https://hotelzz.in/property.html?id=crystal-bay-stay-gokarna-in06553
sun-amp-sand-gokarna-in06554,Sun &amp; Sand Gokarna,Gokarna,gokarna,"99, Paradise Beach, Paradise Beach, Gokarna, Karnataka 581326",,,4.8,581326,,Resort,yes,,,,,https://hotelzz.in/property.html?id=sun-amp-sand-gokarna-in06554
hotel-gokarna-marina-in06555,Hotel Gokarna Marina,Gokarna,gokarna,"235, Half Moon Beach, Main Beach, Gokarna, Karnataka 581326",,,4.1,581326,,Resort,yes,,,,,https://hotelzz.in/property.html?id=hotel-gokarna-marina-in06555
hotel-gokarna-coastal-in06556,Hotel Gokarna Coastal,Gokarna,gokarna,"129, Main Beach, near Om Beach, Gokarna, Karnataka 581326",,,4.6,581326,,Resort,yes,,,,,https://hotelzz.in/property.html?id=hotel-gokarna-coastal-in06556
pearl-gokarna-cottage-in06557,Pearl Gokarna Cottage,Gokarna,gokarna,"128, Main Beach, Kudle Beach, Gokarna, Karnataka 581326",,,4.2,581326,,Resort,yes,,,,,https://hotelzz.in/property.html?id=pearl-gokarna-cottage-in06557
imperial-bay-stay-gokarna-in06558,Imperial Bay Stay Gokarna,Gokarna,gokarna,"325, Kudle Beach, Main Beach, Gokarna, Karnataka 581326",,,4.6,581326,,Resort,yes,,,,,https://hotelzz.in/property.html?id=imperial-bay-stay-gokarna-in06558
pearl-cove-gokarna-in06559,Pearl Cove Gokarna,Gokarna,gokarna,"100, Half Moon Beach, Paradise Beach, Gokarna, Karnataka 581326",,,4.7,581326,,Resort,yes,,,,,https://hotelzz.in/property.html?id=pearl-cove-gokarna-in06559
ocean-beach-resort-gokarna-in06560,Ocean Beach Resort Gokarna,Gokarna,gokarna,"355, Main Beach, near Om Beach, Gokarna, Karnataka 581326",,,4.6,581326,,Resort,yes,,,,,https://hotelzz.in/property.html?id=ocean-beach-resort-gokarna-in06560
imperial-beach-resort-gokarna-in06561,Imperial Beach Resort Gokarna,Gokarna,gokarna,"116, Paradise Beach, near Om Beach, Gokarna, Karnataka 581326",,,4.6,581326,,Resort,yes,,,,,https://hotelzz.in/property.html?id=imperial-beach-resort-gokarna-in06561
the-pearl-shore-gokarna-in06562,The Pearl Shore Gokarna,Gokarna,gokarna,"289, Half Moon Beach, Kudle Beach, Gokarna, Karnataka 581326",,,4.7,581326,,Resort,yes,,,,,https://hotelzz.in/property.html?id=the-pearl-shore-gokarna-in06562
gokarna-seaside-villa-in06563,Gokarna Seaside Villa,Gokarna,gokarna,"365, Kudle Beach, Main Beach, Gokarna, Karnataka 581326",,,4.2,581326,,Resort,yes,,,,,https://hotelzz.in/property.html?id=gokarna-seaside-villa-in06563
driftwood-gokarna-stay-in06564,Driftwood Gokarna Stay,Gokarna,gokarna,"564, Half Moon Beach, Paradise Beach, Gokarna, Karnataka 581326",,,4.2,581326,,Resort,yes,,,,,https://hotelzz.in/property.html?id=driftwood-gokarna-stay-in06564
serene-cove-gokarna-in06565,Serene Cove Gokarna,Gokarna,gokarna,"274, Kudle Beach, near Om Beach, Gokarna, Karnataka 581326",,,4.6,581326,,Resort,yes,,,,,https://hotelzz.in/property.html?id=serene-cove-gokarna-in06565
emerald-cove-gokarna-in06566,Emerald Cove Gokarna,Gokarna,gokarna,"248, Om Beach, Paradise Beach, Gokarna, Karnataka 581326",,,4.5,581326,,Resort,yes,,,,,https://hotelzz.in/property.html?id=emerald-cove-gokarna-in06566
hotel-ocean-aurora-gokarna-in06567,Hotel Ocean Aurora Gokarna,Gokarna,gokarna,"548, Paradise Beach, near Om Beach, Gokarna, Karnataka 581326",,,4.2,581326,,Resort,yes,,,,,https://hotelzz.in/property.html?id=hotel-ocean-aurora-gokarna-in06567
coral-gokarna-resort-in06568,Coral Gokarna Resort,Gokarna,gokarna,"293, Main Beach, near Om Beach, Gokarna, Karnataka 581326",,,4.8,581326,,Resort,yes,,,,,https://hotelzz.in/property.html?id=coral-gokarna-resort-in06568
heritage-bay-stay-gokarna-in06569,Heritage Bay Stay Gokarna,Gokarna,gokarna,"189, Main Beach, Paradise Beach, Gokarna, Karnataka 581326",,,4.8,581326,,Resort,yes,,,,,https://hotelzz.in/property.html?id=heritage-bay-stay-gokarna-in06569
aria-bay-stay-gokarna-in06570,Aria Bay Stay Gokarna,Gokarna,gokarna,"208, Paradise Beach, near Om Beach, Gokarna, Karnataka 581326",,,4.5,581326,,Resort,yes,,,,,https://hotelzz.in/property.html?id=aria-bay-stay-gokarna-in06570
serene-beach-resort-gokarna-in06571,Serene Beach Resort Gokarna,Gokarna,gokarna,"106, Paradise Beach, Paradise Beach, Gokarna, Karnataka 581326",,,4.8,581326,,Resort,yes,,,,,https://hotelzz.in/property.html?id=serene-beach-resort-gokarna-in06571
marigold-bay-stay-gokarna-in06572,Marigold Bay Stay Gokarna,Gokarna,gokarna,"252, Om Beach, Paradise Beach, Gokarna, Karnataka 581326",,,4.5,581326,,Resort,yes,,,,,https://hotelzz.in/property.html?id=marigold-bay-stay-gokarna-in06572
indigo-beach-resort-gokarna-in06573,Indigo Beach Resort Gokarna,Gokarna,gokarna,"51, Paradise Beach, near Om Beach, Gokarna, Karnataka 581326",,,4.3,581326,,Resort,yes,,,,,https://hotelzz.in/property.html?id=indigo-beach-resort-gokarna-in06573
sunset-gokarna-inn-in06574,Sunset Gokarna Inn,Gokarna,gokarna,"443, Paradise Beach, Kudle Beach, Gokarna, Karnataka 581326",,,4.7,581326,,Resort,yes,,,,,https://hotelzz.in/property.html?id=sunset-gokarna-inn-in06574
regal-bay-stay-gokarna-in06575,Regal Bay Stay Gokarna,Gokarna,gokarna,"107, Main Beach, Main Beach, Gokarna, Karnataka 581326",,,4.8,581326,,Resort,yes,,,,,https://hotelzz.in/property.html?id=regal-bay-stay-gokarna-in06575
azure-beach-resort-gokarna-in06576,Azure Beach Resort Gokarna,Gokarna,gokarna,"392, Paradise Beach, Kudle Beach, Gokarna, Karnataka 581326",,,4.2,581326,,Resort,yes,,,,,https://hotelzz.in/property.html?id=azure-beach-resort-gokarna-in06576
silver-bay-stay-gokarna-in06577,Silver Bay Stay Gokarna,Gokarna,gokarna,"319, Om Beach, Paradise Beach, Gokarna, Karnataka 581326",,,4.5,581326,,Resort,yes,,,,,https://hotelzz.in/property.html?id=silver-bay-stay-gokarna-in06577
the-wooden-shore-gokarna-in06578,The Wooden Shore Gokarna,Gokarna,gokarna,"486, Main Beach, Paradise Beach, Gokarna, Karnataka 581326",,,4.5,581326,,Resort,yes,,,,,https://hotelzz.in/property.html?id=the-wooden-shore-gokarna-in06578
regal-cove-gokarna-in06579,Regal Cove Gokarna,Gokarna,gokarna,"132, Paradise Beach, Main Beach, Gokarna, Karnataka 581326",,,4.6,581326,,Resort,yes,,,,,https://hotelzz.in/property.html?id=regal-cove-gokarna-in06579
aurora-beach-resort-gokarna-in06580,Aurora Beach Resort Gokarna,Gokarna,gokarna,"316, Paradise Beach, Main Beach, Gokarna, Karnataka 581326",,,4.9,581326,,Resort,yes,,,,,https://hotelzz.in/property.html?id=aurora-beach-resort-gokarna-in06580
hotel-tawang-pilgrim-in06581,Hotel Tawang Pilgrim,Tawang,tawang,"361, Tawang Tashigang Rd, Monastery Road, Tawang, Arunachal Pradesh 790104",,,4.2,790104,,Homestay,yes,,,,,https://hotelzz.in/property.html?id=hotel-tawang-pilgrim-in06581
serene-tawang-inn-in06582,Serene Tawang Inn,Tawang,tawang,"454, Old Bazaar, near Tawang Monastery, Tawang, Arunachal Pradesh 790104",,,4.1,790104,,Homestay,yes,,,,,https://hotelzz.in/property.html?id=serene-tawang-inn-in06582
regal-riverside-tawang-in06583,Regal Riverside Tawang,Tawang,tawang,"103, Tawang Tashigang Rd, Monastery Road, Tawang, Arunachal Pradesh 790104",,,4.2,790104,,Homestay,yes,,,,,https://hotelzz.in/property.html?id=regal-riverside-tawang-in06583
sunrise-riverside-tawang-in06584,Sunrise Riverside Tawang,Tawang,tawang,"294, Old Bazaar, Old Bazaar, Tawang, Arunachal Pradesh 790104",,,4.1,790104,,Homestay,yes,,,,,https://hotelzz.in/property.html?id=sunrise-riverside-tawang-in06584
hotel-tawang-divine-in06585,Hotel Tawang Divine,Tawang,tawang,"76, Jaswant Garh Rd, near Tawang Monastery, Tawang, Arunachal Pradesh 790104",,,4.0,790104,,Homestay,yes,,,,,https://hotelzz.in/property.html?id=hotel-tawang-divine-in06585
hotel-tawang-sacred-in06586,Hotel Tawang Sacred,Tawang,tawang,"39, Jaswant Garh Rd, Monastery Road, Tawang, Arunachal Pradesh 790104",,,4.4,790104,,Homestay,yes,,,,,https://hotelzz.in/property.html?id=hotel-tawang-sacred-in06586
aurora-riverside-tawang-in06587,Aurora Riverside Tawang,Tawang,tawang,"462, Monastery Rd, Old Bazaar, Tawang, Arunachal Pradesh 790104",,,4.9,790104,,Homestay,yes,,,,,https://hotelzz.in/property.html?id=aurora-riverside-tawang-in06587
maple-tirth-tawang-in06588,Maple Tirth Tawang,Tawang,tawang,"114, New Market, Old Bazaar, Tawang, Arunachal Pradesh 790104",,,4.1,790104,,Homestay,yes,,,,,https://hotelzz.in/property.html?id=maple-tirth-tawang-in06588
the-highland-sanctuary-tawang-in06589,The Highland Sanctuary Tawang,Tawang,tawang,"343, Old Bazaar, Old Bazaar, Tawang, Arunachal Pradesh 790104",,,4.8,790104,,Homestay,yes,,,,,https://hotelzz.in/property.html?id=the-highland-sanctuary-tawang-in06589
the-azure-sanctuary-tawang-in06590,The Azure Sanctuary Tawang,Tawang,tawang,"241, Old Bazaar, Old Bazaar, Tawang, Arunachal Pradesh 790104",,,4.7,790104,,Homestay,yes,,,,,https://hotelzz.in/property.html?id=the-azure-sanctuary-tawang-in06590
indigo-tirth-tawang-in06591,Indigo Tirth Tawang,Tawang,tawang,"61, Tawang Tashigang Rd, New Market, Tawang, Arunachal Pradesh 790104",,,4.2,790104,,Homestay,yes,,,,,https://hotelzz.in/property.html?id=indigo-tirth-tawang-in06591
marigold-tirth-tawang-in06592,Marigold Tirth Tawang,Tawang,tawang,"113, Jaswant Garh Rd, Monastery Road, Tawang, Arunachal Pradesh 790104",,,4.7,790104,,Homestay,yes,,,,,https://hotelzz.in/property.html?id=marigold-tirth-tawang-in06592
aurora-ashram-stay-tawang-in06593,Aurora Ashram Stay Tawang,Tawang,tawang,"70, Monastery Rd, Old Bazaar, Tawang, Arunachal Pradesh 790104",,,4.7,790104,,Homestay,yes,,,,,https://hotelzz.in/property.html?id=aurora-ashram-stay-tawang-in06593
hotel-tawang-heritage-in06594,Hotel Tawang Heritage,Tawang,tawang,"509, New Market, New Market, Tawang, Arunachal Pradesh 790104",,,4.5,790104,,Homestay,yes,,,,,https://hotelzz.in/property.html?id=hotel-tawang-heritage-in06594
saffron-ghat-view-tawang-in06595,Saffron Ghat View Tawang,Tawang,tawang,"394, Monastery Rd, near Tawang Monastery, Tawang, Arunachal Pradesh 790104",,,4.0,790104,,Homestay,yes,,,,,https://hotelzz.in/property.html?id=saffron-ghat-view-tawang-in06595
heritage-peace-lodge-tawang-in06596,Heritage Peace Lodge Tawang,Tawang,tawang,"246, Tawang Tashigang Rd, near Tawang Monastery, Tawang, Arunachal Pradesh 790104",,,4.2,790104,,Homestay,yes,,,,,https://hotelzz.in/property.html?id=heritage-peace-lodge-tawang-in06596
heritage-tirth-tawang-in06597,Heritage Tirth Tawang,Tawang,tawang,"553, Monastery Rd, New Market, Tawang, Arunachal Pradesh 790104",,,4.7,790104,,Homestay,yes,,,,,https://hotelzz.in/property.html?id=heritage-tirth-tawang-in06597
the-aurora-sanctuary-tawang-in06598,The Aurora Sanctuary Tawang,Tawang,tawang,"54, Old Bazaar, Old Bazaar, Tawang, Arunachal Pradesh 790104",,,4.9,790104,,Homestay,yes,,,,,https://hotelzz.in/property.html?id=the-aurora-sanctuary-tawang-in06598
ocean-ashram-stay-tawang-in06599,Ocean Ashram Stay Tawang,Tawang,tawang,"453, Monastery Rd, Monastery Road, Tawang, Arunachal Pradesh 790104",,,4.1,790104,,Homestay,yes,,,,,https://hotelzz.in/property.html?id=ocean-ashram-stay-tawang-in06599
marigold-peace-lodge-tawang-in06600,Marigold Peace Lodge Tawang,Tawang,tawang,"11, Monastery Rd, New Market, Tawang, Arunachal Pradesh 790104",,,4.5,790104,,Homestay,yes,,,,,https://hotelzz.in/property.html?id=marigold-peace-lodge-tawang-in06600
tawang-yog-retreat-in06601,Tawang Yog Retreat,Tawang,tawang,"76, Jaswant Garh Rd, Monastery Road, Tawang, Arunachal Pradesh 790104",,,4.7,790104,,Homestay,yes,,,,,https://hotelzz.in/property.html?id=tawang-yog-retreat-in06601
crystal-peace-lodge-tawang-in06602,Crystal Peace Lodge Tawang,Tawang,tawang,"599, New Market, Old Bazaar, Tawang, Arunachal Pradesh 790104",,,4.1,790104,,Homestay,yes,,,,,https://hotelzz.in/property.html?id=crystal-peace-lodge-tawang-in06602
imperial-riverside-tawang-in06603,Imperial Riverside Tawang,Tawang,tawang,"363, Monastery Rd, Monastery Road, Tawang, Arunachal Pradesh 790104",,,4.8,790104,,Homestay,yes,,,,,https://hotelzz.in/property.html?id=imperial-riverside-tawang-in06603
aspen-tirth-tawang-in06604,Aspen Tirth Tawang,Tawang,tawang,"191, Old Bazaar, Monastery Road, Tawang, Arunachal Pradesh 790104",,,4.2,790104,,Homestay,yes,,,,,https://hotelzz.in/property.html?id=aspen-tirth-tawang-in06604
tapasya-tawang-stay-in06605,Tapasya Tawang Stay,Tawang,tawang,"85, New Market, Old Bazaar, Tawang, Arunachal Pradesh 790104",,,4.7,790104,,Homestay,yes,,,,,https://hotelzz.in/property.html?id=tapasya-tawang-stay-in06605
wooden-ashram-stay-tawang-in06606,Wooden Ashram Stay Tawang,Tawang,tawang,"235, New Market, New Market, Tawang, Arunachal Pradesh 790104",,,4.7,790104,,Homestay,yes,,,,,https://hotelzz.in/property.html?id=wooden-ashram-stay-tawang-in06606
misty-ashram-stay-tawang-in06607,Misty Ashram Stay Tawang,Tawang,tawang,"384, New Market, near Tawang Monastery, Tawang, Arunachal Pradesh 790104",,,4.8,790104,,Homestay,yes,,,,,https://hotelzz.in/property.html?id=misty-ashram-stay-tawang-in06607
saffron-ashram-stay-tawang-in06608,Saffron Ashram Stay Tawang,Tawang,tawang,"109, New Market, Old Bazaar, Tawang, Arunachal Pradesh 790104",,,4.2,790104,,Homestay,yes,,,,,https://hotelzz.in/property.html?id=saffron-ashram-stay-tawang-in06608
aspen-ghat-view-tawang-in06609,Aspen Ghat View Tawang,Tawang,tawang,"150, Jaswant Garh Rd, New Market, Tawang, Arunachal Pradesh 790104",,,4.3,790104,,Homestay,yes,,,,,https://hotelzz.in/property.html?id=aspen-ghat-view-tawang-in06609
hotel-tawang-tranquil-in06610,Hotel Tawang Tranquil,Tawang,tawang,"23, New Market, near Tawang Monastery, Tawang, Arunachal Pradesh 790104",,,4.7,790104,,Homestay,yes,,,,,https://hotelzz.in/property.html?id=hotel-tawang-tranquil-in06610
the-old-town-khajuraho-in06611,The Old Town Khajuraho,Khajuraho,khajuraho,"48, Western Group Rd, Bypass Road, Khajuraho, Madhya Pradesh 471606",,,4.7,471606,,Hotel,yes,,,,,https://hotelzz.in/property.html?id=the-old-town-khajuraho-in06611
the-highland-mansion-khajuraho-in06612,The Highland Mansion Khajuraho,Khajuraho,khajuraho,"130, Jain Temple Rd, Bypass Road, Khajuraho, Madhya Pradesh 471606",,,4.4,471606,,Hotel,yes,,,,,https://hotelzz.in/property.html?id=the-highland-mansion-khajuraho-in06612
hotel-khajuraho-royal-in06613,Hotel Khajuraho Royal,Khajuraho,khajuraho,"151, Bypass Rd, near Western Group of Temples, Khajuraho, Madhya Pradesh 471606",,,4.6,471606,,Hotel,yes,,,,,https://hotelzz.in/property.html?id=hotel-khajuraho-royal-in06613
khajuraho-heritage-stay-in06614,Khajuraho Heritage Stay,Khajuraho,khajuraho,"460, Bypass Rd, Main Road, Khajuraho, Madhya Pradesh 471606",,,4.0,471606,,Hotel,yes,,,,,https://hotelzz.in/property.html?id=khajuraho-heritage-stay-in06614
serene-manor-khajuraho-in06615,Serene Manor Khajuraho,Khajuraho,khajuraho,"322, Main Rd, Main Road, Khajuraho, Madhya Pradesh 471606",,,4.5,471606,,Hotel,yes,,,,,https://hotelzz.in/property.html?id=serene-manor-khajuraho-in06615
whispering-heritage-inn-khajuraho-in06616,Whispering Heritage Inn Khajuraho,Khajuraho,khajuraho,"34, Airport Rd, Jain Temple Road, Khajuraho, Madhya Pradesh 471606",,,4.3,471606,,Hotel,yes,,,,,https://hotelzz.in/property.html?id=whispering-heritage-inn-khajuraho-in06616
hotel-khajuraho-imperial-in06617,Hotel Khajuraho Imperial,Khajuraho,khajuraho,"356, Bypass Rd, Main Road, Khajuraho, Madhya Pradesh 471606",,,4.6,471606,,Hotel,yes,,,,,https://hotelzz.in/property.html?id=hotel-khajuraho-imperial-in06617
aria-manor-khajuraho-in06618,Aria Manor Khajuraho,Khajuraho,khajuraho,"560, Airport Rd, Bypass Road, Khajuraho, Madhya Pradesh 471606",,,4.8,471606,,Hotel,yes,,,,,https://hotelzz.in/property.html?id=aria-manor-khajuraho-in06618
saffron-haveli-khajuraho-in06619,Saffron Haveli Khajuraho,Khajuraho,khajuraho,"570, Western Group Rd, Bypass Road, Khajuraho, Madhya Pradesh 471606",,,4.7,471606,,Hotel,yes,,,,,https://hotelzz.in/property.html?id=saffron-haveli-khajuraho-in06619
orchid-heritage-inn-khajuraho-in06620,Orchid Heritage Inn Khajuraho,Khajuraho,khajuraho,"71, Jain Temple Rd, Main Road, Khajuraho, Madhya Pradesh 471606",,,4.6,471606,,Hotel,yes,,,,,https://hotelzz.in/property.html?id=orchid-heritage-inn-khajuraho-in06620
the-aria-mansion-khajuraho-in06621,The Aria Mansion Khajuraho,Khajuraho,khajuraho,"540, Main Rd, Jain Temple Road, Khajuraho, Madhya Pradesh 471606",,,4.6,471606,,Hotel,yes,,,,,https://hotelzz.in/property.html?id=the-aria-mansion-khajuraho-in06621
khajuraho-vintage-hotel-in06622,Khajuraho Vintage Hotel,Khajuraho,khajuraho,"149, Jain Temple Rd, near Western Group of Temples, Khajuraho, Madhya Pradesh 471606",,,4.1,471606,,Hotel,yes,,,,,https://hotelzz.in/property.html?id=khajuraho-vintage-hotel-in06622
the-royal-mansion-khajuraho-in06623,The Royal Mansion Khajuraho,Khajuraho,khajuraho,"440, Western Group Rd, near Western Group of Temples, Khajuraho, Madhya Pradesh 471606",,,4.2,471606,,Hotel,yes,,,,,https://hotelzz.in/property.html?id=the-royal-mansion-khajuraho-in06623
emerald-heritage-inn-khajuraho-in06624,Emerald Heritage Inn Khajuraho,Khajuraho,khajuraho,"395, Western Group Rd, Main Road, Khajuraho, Madhya Pradesh 471606",,,4.5,471606,,Hotel,yes,,,,,https://hotelzz.in/property.html?id=emerald-heritage-inn-khajuraho-in06624
heritage-heritage-inn-khajuraho-in06625,Heritage Heritage Inn Khajuraho,Khajuraho,khajuraho,"88, Airport Rd, Main Road, Khajuraho, Madhya Pradesh 471606",,,4.2,471606,,Hotel,yes,,,,,https://hotelzz.in/property.html?id=heritage-heritage-inn-khajuraho-in06625
hotel-indigo-palace-khajuraho-in06626,Hotel Indigo Palace Khajuraho,Khajuraho,khajuraho,"523, Western Group Rd, Jain Temple Road, Khajuraho, Madhya Pradesh 471606",,,4.6,471606,,Hotel,yes,,,,,https://hotelzz.in/property.html?id=hotel-indigo-palace-khajuraho-in06626
hotel-ocean-palace-khajuraho-in06627,Hotel Ocean Palace Khajuraho,Khajuraho,khajuraho,"66, Bypass Rd, Jain Temple Road, Khajuraho, Madhya Pradesh 471606",,,4.9,471606,,Hotel,yes,,,,,https://hotelzz.in/property.html?id=hotel-ocean-palace-khajuraho-in06627
heritage-house-khajuraho-in06628,Heritage House Khajuraho,Khajuraho,khajuraho,"47, Airport Rd, Main Road, Khajuraho, Madhya Pradesh 471606",,,4.3,471606,,Hotel,yes,,,,,https://hotelzz.in/property.html?id=heritage-house-khajuraho-in06628
sapphire-haveli-khajuraho-in06629,Sapphire Haveli Khajuraho,Khajuraho,khajuraho,"453, Western Group Rd, near Western Group of Temples, Khajuraho, Madhya Pradesh 471606",,,4.5,471606,,Hotel,yes,,,,,https://hotelzz.in/property.html?id=sapphire-haveli-khajuraho-in06629
serene-haveli-khajuraho-in06630,Serene Haveli Khajuraho,Khajuraho,khajuraho,"598, Airport Rd, Main Road, Khajuraho, Madhya Pradesh 471606",,,4.1,471606,,Hotel,yes,,,,,https://hotelzz.in/property.html?id=serene-haveli-khajuraho-in06630
royal-khajuraho-suites-in06631,Royal Khajuraho Suites,Khajuraho,khajuraho,"254, Main Rd, Main Road, Khajuraho, Madhya Pradesh 471606",,,4.5,471606,,Hotel,yes,,,,,https://hotelzz.in/property.html?id=royal-khajuraho-suites-in06631
hotel-azure-palace-khajuraho-in06632,Hotel Azure Palace Khajuraho,Khajuraho,khajuraho,"408, Airport Rd, near Western Group of Temples, Khajuraho, Madhya Pradesh 471606",,,4.6,471606,,Hotel,yes,,,,,https://hotelzz.in/property.html?id=hotel-azure-palace-khajuraho-in06632
hotel-whispering-palace-khajuraho-in06633,Hotel Whispering Palace Khajuraho,Khajuraho,khajuraho,"175, Airport Rd, Bypass Road, Khajuraho, Madhya Pradesh 471606",,,4.4,471606,,Hotel,yes,,,,,https://hotelzz.in/property.html?id=hotel-whispering-palace-khajuraho-in06633
the-maple-mansion-khajuraho-in06634,The Maple Mansion Khajuraho,Khajuraho,khajuraho,"458, Western Group Rd, Jain Temple Road, Khajuraho, Madhya Pradesh 471606",,,4.1,471606,,Hotel,yes,,,,,https://hotelzz.in/property.html?id=the-maple-mansion-khajuraho-in06634
the-maharajas-imperial-khajuraho-in06635,The Maharaja's Imperial Khajuraho,Khajuraho,khajuraho,"591, Jain Temple Rd, Jain Temple Road, Khajuraho, Madhya Pradesh 471606",,,4.0,471606,,Hotel,yes,,,,,https://hotelzz.in/property.html?id=the-maharajas-imperial-khajuraho-in06635
the-maharajas-tranquil-khajuraho-in06636,The Maharaja's Tranquil Khajuraho,Khajuraho,khajuraho,"543, Bypass Rd, Jain Temple Road, Khajuraho, Madhya Pradesh 471606",,,4.9,471606,,Hotel,yes,,,,,https://hotelzz.in/property.html?id=the-maharajas-tranquil-khajuraho-in06636
aria-niwas-boutique-khajuraho-in06637,Aria Niwas Boutique Khajuraho,Khajuraho,khajuraho,"453, Airport Rd, Jain Temple Road, Khajuraho, Madhya Pradesh 471606",,,4.1,471606,,Hotel,yes,,,,,https://hotelzz.in/property.html?id=aria-niwas-boutique-khajuraho-in06637
highland-manor-khajuraho-in06638,Highland Manor Khajuraho,Khajuraho,khajuraho,"446, Western Group Rd, Main Road, Khajuraho, Madhya Pradesh 471606",,,4.5,471606,,Hotel,yes,,,,,https://hotelzz.in/property.html?id=highland-manor-khajuraho-in06638
aspen-niwas-boutique-khajuraho-in06639,Aspen Niwas Boutique Khajuraho,Khajuraho,khajuraho,"573, Airport Rd, near Western Group of Temples, Khajuraho, Madhya Pradesh 471606",,,4.8,471606,,Hotel,yes,,,,,https://hotelzz.in/property.html?id=aspen-niwas-boutique-khajuraho-in06639
aurora-niwas-boutique-khajuraho-in06640,Aurora Niwas Boutique Khajuraho,Khajuraho,khajuraho,"284, Airport Rd, near Western Group of Temples, Khajuraho, Madhya Pradesh 471606",,,4.2,471606,,Hotel,yes,,,,,https://hotelzz.in/property.html?id=aurora-niwas-boutique-khajuraho-in06640
emerald-cove-kovalam-in06641,Emerald Cove Kovalam,Kovalam,kovalam,"574, Samudra Beach, Samudra Beach, Kovalam, Kerala 695527",,,4.1,695527,,Resort,yes,,,,,https://hotelzz.in/property.html?id=emerald-cove-kovalam-in06641
sun-amp-sand-kovalam-in06642,Sun &amp; Sand Kovalam,Kovalam,kovalam,"271, Lighthouse Beach, Samudra Beach, Kovalam, Kerala 695527",,,4.9,695527,,Resort,yes,,,,,https://hotelzz.in/property.html?id=sun-amp-sand-kovalam-in06642
the-aspen-shore-kovalam-in06643,The Aspen Shore Kovalam,Kovalam,kovalam,"268, Samudra Beach, Lighthouse Beach, Kovalam, Kerala 695527",,,4.1,695527,,Resort,yes,,,,,https://hotelzz.in/property.html?id=the-aspen-shore-kovalam-in06643
coral-kovalam-resort-in06644,Coral Kovalam Resort,Kovalam,kovalam,"487, Hawa Beach, Hawa Beach, Kovalam, Kerala 695527",,,4.8,695527,,Resort,yes,,,,,https://hotelzz.in/property.html?id=coral-kovalam-resort-in06644
highland-cove-kovalam-in06645,Highland Cove Kovalam,Kovalam,kovalam,"145, Samudra Beach, near Vizhinjam, Kovalam, Kerala 695527",,,4.7,695527,,Resort,yes,,,,,https://hotelzz.in/property.html?id=highland-cove-kovalam-in06645
hotel-kovalam-marina-in06646,Hotel Kovalam Marina,Kovalam,kovalam,"517, Hawa Beach, Samudra Beach, Kovalam, Kerala 695527",,,4.1,695527,,Resort,yes,,,,,https://hotelzz.in/property.html?id=hotel-kovalam-marina-in06646
hotel-ocean-velvet-kovalam-in06647,Hotel Ocean Velvet Kovalam,Kovalam,kovalam,"553, Vizhinjam, near Vizhinjam, Kovalam, Kerala 695527",,,4.6,695527,,Resort,yes,,,,,https://hotelzz.in/property.html?id=hotel-ocean-velvet-kovalam-in06647
hotel-kovalam-coastal-in06648,Hotel Kovalam Coastal,Kovalam,kovalam,"431, Vizhinjam, Samudra Beach, Kovalam, Kerala 695527",,,4.2,695527,,Resort,yes,,,,,https://hotelzz.in/property.html?id=hotel-kovalam-coastal-in06648
the-misty-shore-kovalam-in06649,The Misty Shore Kovalam,Kovalam,kovalam,"165, Samudra Beach, Lighthouse Beach, Kovalam, Kerala 695527",,,4.4,695527,,Resort,yes,,,,,https://hotelzz.in/property.html?id=the-misty-shore-kovalam-in06649
driftwood-kovalam-stay-in06650,Driftwood Kovalam Stay,Kovalam,kovalam,"67, Vizhinjam, Samudra Beach, Kovalam, Kerala 695527",,,4.5,695527,,Resort,yes,,,,,https://hotelzz.in/property.html?id=driftwood-kovalam-stay-in06650
sapphire-bay-stay-kovalam-in06651,Sapphire Bay Stay Kovalam,Kovalam,kovalam,"38, Lighthouse Beach, near Vizhinjam, Kovalam, Kerala 695527",,,4.4,695527,,Resort,yes,,,,,https://hotelzz.in/property.html?id=sapphire-bay-stay-kovalam-in06651
kovalam-seaside-villa-in06652,Kovalam Seaside Villa,Kovalam,kovalam,"180, Lighthouse Beach, Hawa Beach, Kovalam, Kerala 695527",,,4.9,695527,,Resort,yes,,,,,https://hotelzz.in/property.html?id=kovalam-seaside-villa-in06652
maple-beach-resort-kovalam-in06653,Maple Beach Resort Kovalam,Kovalam,kovalam,"448, Hawa Beach, near Vizhinjam, Kovalam, Kerala 695527",,,4.1,695527,,Resort,yes,,,,,https://hotelzz.in/property.html?id=maple-beach-resort-kovalam-in06653
alpine-bay-stay-kovalam-in06654,Alpine Bay Stay Kovalam,Kovalam,kovalam,"491, Kovalam Junction, Lighthouse Beach, Kovalam, Kerala 695527",,,4.2,695527,,Resort,yes,,,,,https://hotelzz.in/property.html?id=alpine-bay-stay-kovalam-in06654
the-serene-shore-kovalam-in06655,The Serene Shore Kovalam,Kovalam,kovalam,"220, Samudra Beach, Lighthouse Beach, Kovalam, Kerala 695527",,,4.5,695527,,Resort,yes,,,,,https://hotelzz.in/property.html?id=the-serene-shore-kovalam-in06655
sunset-kovalam-inn-in06656,Sunset Kovalam Inn,Kovalam,kovalam,"140, Hawa Beach, Hawa Beach, Kovalam, Kerala 695527",,,4.4,695527,,Resort,yes,,,,,https://hotelzz.in/property.html?id=sunset-kovalam-inn-in06656
hotel-ocean-alpine-kovalam-in06657,Hotel Ocean Alpine Kovalam,Kovalam,kovalam,"85, Lighthouse Beach, near Vizhinjam, Kovalam, Kerala 695527",,,4.6,695527,,Resort,yes,,,,,https://hotelzz.in/property.html?id=hotel-ocean-alpine-kovalam-in06657
emerald-beach-resort-kovalam-in06658,Emerald Beach Resort Kovalam,Kovalam,kovalam,"358, Vizhinjam, Samudra Beach, Kovalam, Kerala 695527",,,4.8,695527,,Resort,yes,,,,,https://hotelzz.in/property.html?id=emerald-beach-resort-kovalam-in06658
imperial-bay-stay-kovalam-in06659,Imperial Bay Stay Kovalam,Kovalam,kovalam,"377, Kovalam Junction, Hawa Beach, Kovalam, Kerala 695527",,,4.1,695527,,Resort,yes,,,,,https://hotelzz.in/property.html?id=imperial-bay-stay-kovalam-in06659
royal-beach-resort-kovalam-in06660,Royal Beach Resort Kovalam,Kovalam,kovalam,"289, Vizhinjam, Hawa Beach, Kovalam, Kerala 695527",,,4.5,695527,,Resort,yes,,,,,https://hotelzz.in/property.html?id=royal-beach-resort-kovalam-in06660
alpine-cove-kovalam-in06661,Alpine Cove Kovalam,Kovalam,kovalam,"293, Vizhinjam, Hawa Beach, Kovalam, Kerala 695527",,,4.7,695527,,Resort,yes,,,,,https://hotelzz.in/property.html?id=alpine-cove-kovalam-in06661
pearl-kovalam-cottage-in06662,Pearl Kovalam Cottage,Kovalam,kovalam,"474, Kovalam Junction, Lighthouse Beach, Kovalam, Kerala 695527",,,4.6,695527,,Resort,yes,,,,,https://hotelzz.in/property.html?id=pearl-kovalam-cottage-in06662
silver-bay-stay-kovalam-in06663,Silver Bay Stay Kovalam,Kovalam,kovalam,"485, Hawa Beach, near Vizhinjam, Kovalam, Kerala 695527",,,4.4,695527,,Resort,yes,,,,,https://hotelzz.in/property.html?id=silver-bay-stay-kovalam-in06663
hotel-ocean-heritage-kovalam-in06664,Hotel Ocean Heritage Kovalam,Kovalam,kovalam,"50, Lighthouse Beach, Lighthouse Beach, Kovalam, Kerala 695527",,,4.4,695527,,Resort,yes,,,,,https://hotelzz.in/property.html?id=hotel-ocean-heritage-kovalam-in06664
hotel-ocean-pearl-kovalam-in06665,Hotel Ocean Pearl Kovalam,Kovalam,kovalam,"168, Kovalam Junction, Lighthouse Beach, Kovalam, Kerala 695527",,,4.1,695527,,Resort,yes,,,,,https://hotelzz.in/property.html?id=hotel-ocean-pearl-kovalam-in06665
crown-bay-stay-kovalam-in06666,Crown Bay Stay Kovalam,Kovalam,kovalam,"462, Samudra Beach, near Vizhinjam, Kovalam, Kerala 695527",,,4.2,695527,,Resort,yes,,,,,https://hotelzz.in/property.html?id=crown-bay-stay-kovalam-in06666
hotel-ocean-saffron-kovalam-in06667,Hotel Ocean Saffron Kovalam,Kovalam,kovalam,"382, Hawa Beach, Hawa Beach, Kovalam, Kerala 695527",,,4.1,695527,,Resort,yes,,,,,https://hotelzz.in/property.html?id=hotel-ocean-saffron-kovalam-in06667
highland-bay-stay-kovalam-in06668,Highland Bay Stay Kovalam,Kovalam,kovalam,"90, Samudra Beach, near Vizhinjam, Kovalam, Kerala 695527",,,4.5,695527,,Resort,yes,,,,,https://hotelzz.in/property.html?id=highland-bay-stay-kovalam-in06668
the-orchid-shore-kovalam-in06669,The Orchid Shore Kovalam,Kovalam,kovalam,"143, Kovalam Junction, near Vizhinjam, Kovalam, Kerala 695527",,,4.3,695527,,Resort,yes,,,,,https://hotelzz.in/property.html?id=the-orchid-shore-kovalam-in06669
the-sapphire-shore-kovalam-in06670,The Sapphire Shore Kovalam,Kovalam,kovalam,"125, Vizhinjam, Lighthouse Beach, Kovalam, Kerala 695527",,,4.8,695527,,Resort,yes,,,,,https://hotelzz.in/property.html?id=the-sapphire-shore-kovalam-in06670
hampi-heritage-stay-in06671,Hampi Heritage Stay,Hampi,hampi,"213, Hampi Bazaar, Sanapur, Hampi, Karnataka 583239",,,4.8,583239,,Hotel,yes,,,,,https://hotelzz.in/property.html?id=hampi-heritage-stay-in06671
hotel-hampi-imperial-in06672,Hotel Hampi Imperial,Hampi,hampi,"327, Hampi Bazaar, near Virupaksha, Hampi, Karnataka 583239",,,4.5,583239,,Hotel,yes,,,,,https://hotelzz.in/property.html?id=hotel-hampi-imperial-in06672
royal-hampi-suites-in06673,Royal Hampi Suites,Hampi,hampi,"500, Hampi Bazaar, near Virupaksha, Hampi, Karnataka 583239",,,4.8,583239,,Hotel,yes,,,,,https://hotelzz.in/property.html?id=royal-hampi-suites-in06673
crown-hampi-heritage-in06674,Crown Hampi Heritage,Hampi,hampi,"316, Anegundi, Anegundi, Hampi, Karnataka 583239",,,4.1,583239,,Hotel,yes,,,,,https://hotelzz.in/property.html?id=crown-hampi-heritage-in06674
indigo-haveli-hampi-in06675,Indigo Haveli Hampi,Hampi,hampi,"108, Virupaksha Temple Rd, Sanapur, Hampi, Karnataka 583239",,,4.3,583239,,Hotel,yes,,,,,https://hotelzz.in/property.html?id=indigo-haveli-hampi-in06675
pearl-haveli-hampi-in06676,Pearl Haveli Hampi,Hampi,hampi,"241, Anegundi, Hampi Bazaar, Hampi, Karnataka 583239",,,4.8,583239,,Hotel,yes,,,,,https://hotelzz.in/property.html?id=pearl-haveli-hampi-in06676
the-sapphire-mansion-hampi-in06677,The Sapphire Mansion Hampi,Hampi,hampi,"277, Anegundi, Sanapur, Hampi, Karnataka 583239",,,4.5,583239,,Hotel,yes,,,,,https://hotelzz.in/property.html?id=the-sapphire-mansion-hampi-in06677
aria-manor-hampi-in06678,Aria Manor Hampi,Hampi,hampi,"546, Hippie Island, Sanapur, Hampi, Karnataka 583239",,,4.8,583239,,Hotel,yes,,,,,https://hotelzz.in/property.html?id=aria-manor-hampi-in06678
hampi-vintage-hotel-in06679,Hampi Vintage Hotel,Hampi,hampi,"135, Sanapur Rd, Sanapur, Hampi, Karnataka 583239",,,4.0,583239,,Hotel,yes,,,,,https://hotelzz.in/property.html?id=hampi-vintage-hotel-in06679
hotel-aurora-palace-hampi-in06680,Hotel Aurora Palace Hampi,Hampi,hampi,"430, Virupaksha Temple Rd, Sanapur, Hampi, Karnataka 583239",,,4.9,583239,,Hotel,yes,,,,,https://hotelzz.in/property.html?id=hotel-aurora-palace-hampi-in06680
hotel-hampi-royal-in06681,Hotel Hampi Royal,Hampi,hampi,"31, Anegundi, Anegundi, Hampi, Karnataka 583239",,,4.1,583239,,Hotel,yes,,,,,https://hotelzz.in/property.html?id=hotel-hampi-royal-in06681
misty-niwas-boutique-hampi-in06682,Misty Niwas Boutique Hampi,Hampi,hampi,"508, Anegundi, Hampi Bazaar, Hampi, Karnataka 583239",,,4.1,583239,,Hotel,yes,,,,,https://hotelzz.in/property.html?id=misty-niwas-boutique-hampi-in06682
pearl-niwas-boutique-hampi-in06683,Pearl Niwas Boutique Hampi,Hampi,hampi,"368, Hippie Island, Anegundi, Hampi, Karnataka 583239",,,4.5,583239,,Hotel,yes,,,,,https://hotelzz.in/property.html?id=pearl-niwas-boutique-hampi-in06683
highland-heritage-inn-hampi-in06684,Highland Heritage Inn Hampi,Hampi,hampi,"211, Sanapur Rd, Hippie Island, Hampi, Karnataka 583239",,,4.0,583239,,Hotel,yes,,,,,https://hotelzz.in/property.html?id=highland-heritage-inn-hampi-in06684
velvet-haveli-hampi-in06685,Velvet Haveli Hampi,Hampi,hampi,"119, Anegundi, Hippie Island, Hampi, Karnataka 583239",,,4.4,583239,,Hotel,yes,,,,,https://hotelzz.in/property.html?id=velvet-haveli-hampi-in06685
the-cosy-mansion-hampi-in06686,The Cosy Mansion Hampi,Hampi,hampi,"454, Hippie Island, Hippie Island, Hampi, Karnataka 583239",,,4.5,583239,,Hotel,yes,,,,,https://hotelzz.in/property.html?id=the-cosy-mansion-hampi-in06686
the-old-town-hampi-in06687,The Old Town Hampi,Hampi,hampi,"433, Sanapur Rd, Hampi Bazaar, Hampi, Karnataka 583239",,,4.5,583239,,Hotel,yes,,,,,https://hotelzz.in/property.html?id=the-old-town-hampi-in06687
orchid-niwas-boutique-hampi-in06688,Orchid Niwas Boutique Hampi,Hampi,hampi,"452, Hippie Island, Hippie Island, Hampi, Karnataka 583239",,,4.2,583239,,Hotel,yes,,,,,https://hotelzz.in/property.html?id=orchid-niwas-boutique-hampi-in06688
the-maharajas-serene-hampi-in06689,The Maharaja's Serene Hampi,Hampi,hampi,"49, Sanapur Rd, Hippie Island, Hampi, Karnataka 583239",,,4.5,583239,,Hotel,yes,,,,,https://hotelzz.in/property.html?id=the-maharajas-serene-hampi-in06689
hotel-highland-palace-hampi-in06690,Hotel Highland Palace Hampi,Hampi,hampi,"408, Anegundi, Anegundi, Hampi, Karnataka 583239",,,4.9,583239,,Hotel,yes,,,,,https://hotelzz.in/property.html?id=hotel-highland-palace-hampi-in06690
aria-heritage-inn-hampi-in06691,Aria Heritage Inn Hampi,Hampi,hampi,"565, Hampi Bazaar, Hampi Bazaar, Hampi, Karnataka 583239",,,4.1,583239,,Hotel,yes,,,,,https://hotelzz.in/property.html?id=aria-heritage-inn-hampi-in06691
heritage-house-hampi-in06692,Heritage House Hampi,Hampi,hampi,"599, Sanapur Rd, Hampi Bazaar, Hampi, Karnataka 583239",,,4.9,583239,,Hotel,yes,,,,,https://hotelzz.in/property.html?id=heritage-house-hampi-in06692
orchid-manor-hampi-in06693,Orchid Manor Hampi,Hampi,hampi,"192, Anegundi, Hampi Bazaar, Hampi, Karnataka 583239",,,4.3,583239,,Hotel,yes,,,,,https://hotelzz.in/property.html?id=orchid-manor-hampi-in06693
the-maharajas-alpine-hampi-in06694,The Maharaja's Alpine Hampi,Hampi,hampi,"400, Sanapur Rd, Hampi Bazaar, Hampi, Karnataka 583239",,,4.5,583239,,Hotel,yes,,,,,https://hotelzz.in/property.html?id=the-maharajas-alpine-hampi-in06694
maple-haveli-hampi-in06695,Maple Haveli Hampi,Hampi,hampi,"337, Virupaksha Temple Rd, Sanapur, Hampi, Karnataka 583239",,,4.6,583239,,Hotel,yes,,,,,https://hotelzz.in/property.html?id=maple-haveli-hampi-in06695
hotel-regal-palace-hampi-in06696,Hotel Regal Palace Hampi,Hampi,hampi,"417, Hippie Island, Anegundi, Hampi, Karnataka 583239",,,4.6,583239,,Hotel,yes,,,,,https://hotelzz.in/property.html?id=hotel-regal-palace-hampi-in06696
the-aspen-mansion-hampi-in06697,The Aspen Mansion Hampi,Hampi,hampi,"295, Anegundi, Anegundi, Hampi, Karnataka 583239",,,4.1,583239,,Hotel,yes,,,,,https://hotelzz.in/property.html?id=the-aspen-mansion-hampi-in06697
the-maharajas-royal-hampi-in06698,The Maharaja's Royal Hampi,Hampi,hampi,"233, Anegundi, Hampi Bazaar, Hampi, Karnataka 583239",,,4.8,583239,,Hotel,yes,,,,,https://hotelzz.in/property.html?id=the-maharajas-royal-hampi-in06698
hotel-sunrise-palace-hampi-in06699,Hotel Sunrise Palace Hampi,Hampi,hampi,"5, Virupaksha Temple Rd, Anegundi, Hampi, Karnataka 583239",,,4.2,583239,,Hotel,yes,,,,,https://hotelzz.in/property.html?id=hotel-sunrise-palace-hampi-in06699
the-maharajas-ocean-hampi-in06700,The Maharaja's Ocean Hampi,Hampi,hampi,"6, Anegundi, Sanapur, Hampi, Karnataka 583239",,,4.5,583239,,Hotel,yes,,,,,https://hotelzz.in/property.html?id=the-maharajas-ocean-hampi-in06700
